# Blender 4.4.1
# www.blender.org
mtllib WebHunter.mtl
o テキスト
v -8.297741 0.284000 -0.299998
v -8.406445 0.284000 -0.299998
v -8.542313 0.284000 -0.299998
v -8.698555 0.284000 -0.299998
v -8.868382 0.284000 -0.299998
v -9.045000 0.284000 -0.299998
v -9.221619 0.284000 -0.299998
v -9.391443 0.284000 -0.299998
v -9.547688 0.284000 -0.299998
v -9.683556 0.284000 -0.299998
v -9.792257 0.284000 -0.299998
v -9.867001 0.284000 -0.299998
v -9.903625 0.284181 -0.299998
v -9.938499 0.284694 -0.299998
v -9.971624 0.285500 -0.299998
v -10.003000 0.286556 -0.299998
v -10.032625 0.287819 -0.299998
v -10.060499 0.289250 -0.299998
v -10.086624 0.290805 -0.299998
v -10.111000 0.292444 -0.299998
v -10.133625 0.294125 -0.299998
v -10.154499 0.295806 -0.299998
v -10.173624 0.297444 -0.299998
v -10.191000 0.299000 -0.299998
v -10.191000 0.005000 -0.299998
v -10.174658 0.005925 -0.299998
v -10.155764 0.007153 -0.299998
v -10.134514 0.008610 -0.299998
v -10.111111 0.010222 -0.299998
v -10.085747 0.011919 -0.299998
v -10.058624 0.013625 -0.299998
v -10.029938 0.015269 -0.299998
v -9.999887 0.016778 -0.299998
v -9.968670 0.018078 -0.299998
v -9.936485 0.019097 -0.299998
v -9.903530 0.019762 -0.299998
v -9.869999 0.020000 -0.299998
v -9.794624 0.020000 -0.299998
v -9.685499 0.020000 -0.299998
v -9.549376 0.020000 -0.299998
v -9.393000 0.020000 -0.299998
v -9.223125 0.020000 -0.299998
v -9.046501 0.020000 -0.299998
v -8.869875 0.020000 -0.299998
v -8.700001 0.020000 -0.299998
v -8.543625 0.020000 -0.299998
v -8.407501 0.020000 -0.299998
v -8.298376 0.020000 -0.299998
v -8.223000 0.020000 -0.299998
v -8.181911 0.019877 -0.299998
v -8.141277 0.019514 -0.299998
v -8.101313 0.018922 -0.299998
v -8.062222 0.018111 -0.299998
v -8.024216 0.017092 -0.299998
v -7.987499 0.015875 -0.299998
v -7.952286 0.014471 -0.299998
v -7.918777 0.012889 -0.299998
v -7.887188 0.011141 -0.299998
v -7.857723 0.009236 -0.299998
v -7.830591 0.007186 -0.299998
v -7.806000 0.005000 -0.299998
v -7.806000 0.299000 -0.299998
v -7.829901 0.297445 -0.299998
v -7.856468 0.295806 -0.299998
v -7.885498 0.294125 -0.299998
v -7.916775 0.292444 -0.299998
v -7.950094 0.290806 -0.299998
v -7.985249 0.289250 -0.299998
v -8.022026 0.287820 -0.299998
v -8.060221 0.286556 -0.299998
v -8.099625 0.285500 -0.299998
v -8.140028 0.284695 -0.299998
v -8.181223 0.284181 -0.299998
v -8.223000 0.284000 -0.299998
v -5.910000 1.013000 -0.299999
v -6.723000 1.013000 -0.299999
v -6.742939 1.013189 -0.299999
v -6.762251 1.013764 -0.299999
v -6.780937 1.014734 -0.299999
v -6.799000 1.016111 -0.299999
v -6.816439 1.017904 -0.299999
v -6.833252 1.020125 -0.299999
v -6.849440 1.022783 -0.299999
v -6.865002 1.025889 -0.299999
v -6.879940 1.029453 -0.299999
v -6.894251 1.033486 -0.299999
v -6.907938 1.037998 -0.299999
v -6.921001 1.043000 -0.299999
v -7.118999 0.923000 -0.299999
v -7.112255 0.911906 -0.299999
v -7.105541 0.899750 -0.299999
v -7.098890 0.886719 -0.299999
v -7.092333 0.873000 -0.299999
v -7.085899 0.858781 -0.299999
v -7.079624 0.844250 -0.299999
v -7.073536 0.829594 -0.299999
v -7.067667 0.815000 -0.299999
v -7.062046 0.800656 -0.299999
v -7.056707 0.786750 -0.299999
v -7.051682 0.773469 -0.299999
v -7.047001 0.761000 -0.299999
v -7.025761 0.690507 -0.299999
v -7.001083 0.617306 -0.299999
v -6.973030 0.541813 -0.299999
v -6.941668 0.464445 -0.299999
v -6.907053 0.385618 -0.299999
v -6.869251 0.305750 -0.299999
v -6.828323 0.225257 -0.299999
v -6.784334 0.144556 -0.299999
v -6.737345 0.064063 -0.299999
v -6.687416 -0.015805 -0.299999
v -6.634615 -0.094632 -0.299999
v -6.578999 -0.172000 -0.299999
v -6.610365 -0.195241 -0.299999
v -6.641417 -0.218431 -0.299999
v -6.672094 -0.241516 -0.299999
v -6.702333 -0.264444 -0.299999
v -6.732075 -0.287165 -0.299999
v -6.761251 -0.309625 -0.299999
v -6.789803 -0.331773 -0.299999
v -6.817667 -0.353556 -0.299999
v -6.844782 -0.374922 -0.299999
v -6.871084 -0.395819 -0.299999
v -6.896511 -0.416196 -0.299999
v -6.921001 -0.436000 -0.299999
v -6.743999 -0.643000 -0.299999
v -6.721008 -0.622503 -0.299999
v -6.697069 -0.601528 -0.299999
v -6.672234 -0.580094 -0.299999
v -6.646555 -0.558222 -0.299999
v -6.620085 -0.535934 -0.299999
v -6.592876 -0.513250 -0.299999
v -6.564978 -0.490191 -0.299999
v -6.536446 -0.466778 -0.299999
v -6.507328 -0.443031 -0.299999
v -6.477680 -0.418972 -0.299999
v -6.447554 -0.394621 -0.299999
v -6.417000 -0.370000 -0.299999
v -6.348104 -0.443774 -0.299999
v -6.274834 -0.516444 -0.299999
v -6.197063 -0.587781 -0.299999
v -6.114666 -0.657555 -0.299999
v -6.027521 -0.725538 -0.299999
v -5.935501 -0.791500 -0.299999
v -5.838480 -0.855212 -0.299999
v -5.736334 -0.916444 -0.299999
v -5.628939 -0.974969 -0.299999
v -5.516167 -1.030556 -0.299999
v -5.397896 -1.082976 -0.299999
v -5.274000 -1.132000 -0.299999
v -5.058000 -0.946000 -0.299999
v -5.182196 -0.904561 -0.299999
v -5.301294 -0.858486 -0.299999
v -5.415330 -0.808141 -0.299999
v -5.524334 -0.753889 -0.299999
v -5.628340 -0.696095 -0.299999
v -5.727375 -0.635125 -0.299999
v -5.821476 -0.571342 -0.299999
v -5.910667 -0.505111 -0.299999
v -5.994984 -0.436797 -0.299999
v -6.074459 -0.366764 -0.299999
v -6.149120 -0.295377 -0.299999
v -6.219000 -0.223000 -0.299999
v -6.164778 -0.184021 -0.299999
v -6.110222 -0.145167 -0.299999
v -6.055500 -0.106562 -0.299999
v -6.000776 -0.068333 -0.299999
v -5.946220 -0.030604 -0.299999
v -5.891998 0.006500 -0.299999
v -5.838276 0.042854 -0.299999
v -5.785221 0.078333 -0.299999
v -5.733000 0.112813 -0.299999
v -5.681778 0.146167 -0.299999
v -5.631721 0.178271 -0.299999
v -5.583000 0.209000 -0.299999
v -5.744999 0.374000 -0.299999
v -5.795038 0.344891 -0.299999
v -5.846056 0.314625 -0.299999
v -5.897905 0.283297 -0.299999
v -5.950443 0.251000 -0.299999
v -6.003525 0.217828 -0.299999
v -6.056999 0.183875 -0.299999
v -6.110725 0.149234 -0.299999
v -6.164557 0.114000 -0.299999
v -6.218346 0.078266 -0.299999
v -6.271946 0.042125 -0.299999
v -6.325212 0.005672 -0.299999
v -6.378000 -0.031000 -0.299999
v -6.425844 0.035481 -0.299999
v -6.471764 0.104097 -0.299999
v -6.515575 0.174359 -0.299999
v -6.557110 0.245778 -0.299999
v -6.596184 0.317863 -0.299999
v -6.632624 0.390125 -0.299999
v -6.666250 0.462075 -0.299999
v -6.696888 0.533222 -0.299999
v -6.724358 0.603078 -0.299999
v -6.748486 0.671153 -0.299999
v -6.769093 0.736957 -0.299999
v -6.785999 0.800000 -0.299999
v -5.771999 0.800000 -0.299999
v -5.722441 0.732050 -0.299999
v -5.669777 0.663403 -0.299999
v -5.614031 0.594359 -0.299999
v -5.555222 0.525222 -0.299999
v -5.493372 0.456293 -0.299999
v -5.428501 0.387875 -0.299999
v -5.360628 0.320269 -0.299999
v -5.289778 0.253778 -0.299999
v -5.215969 0.188703 -0.299999
v -5.139223 0.125347 -0.299999
v -5.059559 0.064012 -0.299999
v -4.976999 0.005000 -0.299999
v -4.776000 0.161000 -0.299999
v -4.900650 0.243761 -0.299999
v -5.016708 0.330834 -0.299999
v -5.124329 0.421157 -0.299999
v -5.223667 0.513667 -0.299999
v -5.314880 0.607302 -0.299999
v -5.398125 0.701000 -0.299999
v -5.473557 0.793698 -0.299999
v -5.541334 0.884334 -0.299999
v -5.601610 0.971844 -0.299999
v -5.654541 1.055167 -0.299999
v -5.700287 1.133240 -0.299999
v -5.739000 1.205000 -0.299999
v -5.746849 1.219518 -0.299999
v -5.755278 1.235889 -0.299999
v -5.764126 1.253844 -0.299999
v -5.773222 1.273111 -0.299999
v -5.782404 1.293420 -0.299999
v -5.791500 1.314500 -0.299999
v -5.800348 1.336080 -0.299999
v -5.808777 1.357889 -0.299999
v -5.816626 1.379656 -0.299999
v -5.823723 1.401111 -0.299999
v -5.829903 1.421983 -0.299999
v -5.835001 1.442000 -0.299999
v -6.108002 1.355000 -0.299999
v -6.095205 1.335042 -0.299999
v -6.082376 1.314334 -0.299999
v -6.069611 1.293125 -0.299999
v -6.056999 1.271667 -0.299999
v -6.044640 1.250208 -0.299999
v -6.032623 1.229000 -0.299999
v -6.021046 1.208292 -0.299999
v -6.009998 1.188334 -0.299999
v -5.999578 1.169375 -0.299999
v -5.989876 1.151667 -0.299999
v -5.980984 1.135458 -0.299999
v -5.973000 1.121000 -0.299999
v -2.757000 0.389000 -0.299999
v -2.715033 0.431243 -0.299999
v -2.665001 0.479194 -0.299999
v -2.608220 0.531687 -0.299999
v -2.546001 0.587556 -0.299999
v -2.479657 0.645632 -0.299999
v -2.410501 0.704750 -0.299999
v -2.339845 0.763743 -0.299999
v -2.269001 0.821445 -0.299999
v -2.199283 0.876688 -0.299999
v -2.132002 0.928306 -0.299999
v -2.068470 0.975132 -0.299999
v -2.010000 1.016000 -0.299999
v -2.181001 1.199000 -0.299999
v -2.237587 1.160370 -0.299999
v -2.299957 1.115709 -0.299999
v -2.366766 1.066110 -0.299999
v -2.436666 1.012667 -0.299999
v -2.508318 0.956474 -0.299999
v -2.580376 0.898625 -0.299999
v -2.651495 0.840214 -0.299999
v -2.720333 0.782334 -0.299999
v -2.785547 0.726078 -0.299999
v -2.845793 0.672542 -0.299999
v -2.899724 0.622818 -0.299999
v -2.945999 0.578000 -0.299999
v -3.236444 -0.297194 -0.299999
v -3.345556 -0.215806 -0.299999
v -3.450001 -0.129625 -0.299999
v -3.549445 -0.039444 -0.299999
v -3.643556 0.053944 -0.299999
v -3.732000 0.149750 -0.299999
v -3.814445 0.247180 -0.299999
v -3.890556 0.345444 -0.299999
v -3.960001 0.443750 -0.299999
v -4.022446 0.541306 -0.299999
v -4.077556 0.637319 -0.299999
v -4.125000 0.731000 -0.299999
v -4.268999 0.476000 -0.299999
v -4.214966 0.381653 -0.299999
v -4.154961 0.286472 -0.299999
v -4.089143 0.191000 -0.299999
v -4.017669 0.095778 -0.299999
v -3.940695 0.001347 -0.299999
v -3.858377 -0.091750 -0.299999
v -3.770871 -0.182972 -0.299999
v -3.678334 -0.271778 -0.299999
v -3.580922 -0.357625 -0.299999
v -3.478792 -0.439972 -0.299999
v -3.372099 -0.518278 -0.299999
v -3.261000 -0.592000 -0.299999
v -3.184293 -0.639076 -0.299999
v -3.104084 -0.685611 -0.299999
v -3.020250 -0.731313 -0.299999
v -2.932667 -0.775889 -0.299999
v -2.841209 -0.819049 -0.299999
v -2.745750 -0.860500 -0.299999
v -2.646168 -0.899951 -0.299999
v -2.542334 -0.937111 -0.299999
v -2.434126 -0.971687 -0.299999
v -2.321417 -1.003389 -0.299999
v -2.204083 -1.031924 -0.299999
v -2.082001 -1.057000 -0.299999
v -1.922999 -0.811000 -0.299999
v -2.051453 -0.789377 -0.299999
v -2.174386 -0.763764 -0.299999
v -2.291904 -0.734547 -0.299999
v -2.404109 -0.702111 -0.299999
v -2.511106 -0.666842 -0.299999
v -2.612998 -0.629125 -0.299999
v -2.709890 -0.589345 -0.299999
v -2.801888 -0.547889 -0.299999
v -2.889092 -0.505141 -0.299999
v -2.971610 -0.461486 -0.299999
v -3.049544 -0.417311 -0.299999
v -3.122999 -0.373000 -0.299999
v -0.474000 1.097000 -0.299999
v -0.504732 1.038356 -0.299999
v -0.538111 0.972598 -0.299999
v -0.573656 0.900735 -0.299999
v -0.610889 0.823778 -0.299999
v -0.649330 0.742738 -0.299999
v -0.688500 0.658625 -0.299999
v -0.727921 0.572450 -0.299999
v -0.767111 0.485222 -0.299999
v -0.805593 0.397953 -0.299999
v -0.842889 0.311653 -0.299999
v -0.878517 0.227332 -0.299999
v -0.912000 0.146000 -0.299999
v -0.942746 0.069208 -0.299999
v -0.974710 -0.013333 -0.299999
v -1.007485 -0.100375 -0.299999
v -1.040668 -0.190667 -0.299999
v -1.073850 -0.282958 -0.299999
v -1.106626 -0.376000 -0.299999
v -1.138589 -0.468542 -0.299999
v -1.169333 -0.559333 -0.299999
v -1.198453 -0.647125 -0.299999
v -1.225541 -0.730667 -0.299999
v -1.250193 -0.808708 -0.299999
v -1.272000 -0.880000 -0.299999
v -1.005000 -0.967000 -0.299999
v -0.984923 -0.888486 -0.299999
v -0.962389 -0.806389 -0.299999
v -0.937687 -0.721375 -0.299999
v -0.911112 -0.634111 -0.299999
v -0.882952 -0.545264 -0.299999
v -0.853500 -0.455500 -0.299999
v -0.823050 -0.365486 -0.299999
v -0.791889 -0.275889 -0.299999
v -0.760313 -0.187375 -0.299999
v -0.728612 -0.100611 -0.299999
v -0.697077 -0.016264 -0.299999
v -0.666000 0.065000 -0.299999
v -0.634696 0.144327 -0.299999
v -0.601068 0.227111 -0.299999
v -0.565546 0.312313 -0.299999
v -0.528555 0.398889 -0.299999
v -0.490521 0.485799 -0.299999
v -0.451874 0.572000 -0.299999
v -0.413039 0.656451 -0.299999
v -0.374444 0.738111 -0.299999
v -0.336515 0.815938 -0.299999
v -0.299681 0.888889 -0.299999
v -0.264366 0.955924 -0.299999
v -0.231001 1.016000 -0.299999
v 0.249000 1.010000 -0.299999
v 0.254246 0.993030 -0.299999
v 0.259471 0.975236 -0.299999
v 0.264655 0.956797 -0.299999
v 0.269776 0.937889 -0.299999
v 0.274815 0.918689 -0.299999
v 0.279749 0.899375 -0.299999
v 0.284558 0.880123 -0.299999
v 0.289222 0.861111 -0.299999
v 0.293718 0.842516 -0.299999
v 0.298028 0.824514 -0.299999
v 0.302128 0.807283 -0.299999
v 0.306000 0.791000 -0.299999
v 0.317099 0.739352 -0.299999
v 0.330791 0.678319 -0.299999
v 0.346922 0.609266 -0.299999
v 0.365334 0.533556 -0.299999
v 0.385870 0.452554 -0.299999
v 0.408375 0.367625 -0.299999
v 0.432693 0.280134 -0.299999
v 0.458667 0.191444 -0.299999
v 0.486141 0.102922 -0.299999
v 0.514958 0.015931 -0.299999
v 0.544964 -0.068165 -0.299999
v 0.576000 -0.148000 -0.299999
v 0.604845 -0.217571 -0.299999
v 0.635763 -0.288069 -0.299999
v 0.668577 -0.359172 -0.299999
v 0.703111 -0.430556 -0.299999
v 0.739185 -0.501898 -0.299999
v 0.776625 -0.572875 -0.299999
v 0.815251 -0.643165 -0.299999
v 0.854889 -0.712444 -0.299999
v 0.895359 -0.780391 -0.299999
v 0.936485 -0.846681 -0.299999
v 0.978091 -0.910991 -0.299999
v 1.020000 -0.973000 -0.299999
v 1.275000 -0.865000 -0.299999
v 1.228154 -0.801392 -0.299999
v 1.182236 -0.735389 -0.299999
v 1.137421 -0.667469 -0.299999
v 1.093888 -0.598111 -0.299999
v 1.051813 -0.527795 -0.299999
v 1.011374 -0.457000 -0.299999
v 0.972748 -0.386205 -0.299999
v 0.936111 -0.315889 -0.299999
v 0.901641 -0.246531 -0.299999
v 0.869514 -0.178611 -0.299999
v 0.839908 -0.112608 -0.299999
v 0.813000 -0.049000 -0.299999
v 0.780230 0.031852 -0.299999
v 0.748084 0.117820 -0.299999
v 0.716813 0.208016 -0.299999
v 0.686666 0.301556 -0.299999
v 0.657896 0.397554 -0.299999
v 0.630750 0.495125 -0.299999
v 0.605479 0.593384 -0.299999
v 0.582334 0.691445 -0.299999
v 0.561563 0.788422 -0.299999
v 0.543416 0.883431 -0.299999
v 0.528146 0.975585 -0.299999
v 0.516000 1.064000 -0.299999
v 1.767000 1.103000 -0.299999
v 1.784158 1.134684 -0.299999
v 1.802513 1.167972 -0.299999
v 1.821890 1.202469 -0.299999
v 1.842111 1.237778 -0.299999
v 1.862997 1.273504 -0.299999
v 1.884375 1.309250 -0.299999
v 1.906063 1.344622 -0.299999
v 1.927888 1.379222 -0.299999
v 1.949671 1.412656 -0.299999
v 1.971235 1.444528 -0.299999
v 1.992404 1.474441 -0.299999
v 2.013000 1.502000 -0.299999
v 1.848000 1.571000 -0.299999
v 1.828608 1.543958 -0.299999
v 1.808111 1.514167 -0.299999
v 1.786781 1.482125 -0.299999
v 1.764889 1.448334 -0.299999
v 1.742704 1.413292 -0.299999
v 1.720500 1.377500 -0.299999
v 1.698545 1.341458 -0.299999
v 1.677111 1.305667 -0.299999
v 1.656468 1.270625 -0.299999
v 1.636889 1.236833 -0.299999
v 1.618643 1.204792 -0.299999
v 1.601999 1.175000 -0.299999
v 2.025133 0.720948 -0.299999
v 2.046569 0.633083 -0.299999
v 2.071360 0.540594 -0.299999
v 2.099555 0.444667 -0.299999
v 2.131209 0.346490 -0.299999
v 2.166374 0.247250 -0.299999
v 2.205102 0.148135 -0.299999
v 2.247444 0.050333 -0.299999
v 2.293452 -0.044969 -0.299999
v 2.343180 -0.136583 -0.299999
v 2.396678 -0.223323 -0.299999
v 2.454000 -0.304000 -0.299999
v 2.524750 -0.390229 -0.299999
v 2.599262 -0.473333 -0.299999
v 2.677920 -0.553187 -0.299999
v 2.761109 -0.629667 -0.299999
v 2.849216 -0.702646 -0.299999
v 2.942624 -0.772000 -0.299999
v 3.041719 -0.837604 -0.299999
v 3.146888 -0.899333 -0.299999
v 3.258515 -0.957063 -0.299999
v 3.376986 -1.010667 -0.299999
v 3.502686 -1.060021 -0.299999
v 3.636000 -1.105000 -0.299999
v 3.840000 -0.880000 -0.299999
v 3.699531 -0.841713 -0.299999
v 3.568750 -0.798958 -0.299999
v 3.447093 -0.751891 -0.299999
v 3.334000 -0.700667 -0.299999
v 3.228906 -0.645443 -0.299999
v 3.131249 -0.586375 -0.299999
v 3.040468 -0.523620 -0.299999
v 2.955999 -0.457333 -0.299999
v 2.877281 -0.387672 -0.299999
v 2.803750 -0.314792 -0.299999
v 2.734843 -0.238849 -0.299999
v 2.670000 -0.160000 -0.299999
v 2.618324 -0.088908 -0.299999
v 2.569847 -0.012764 -0.299999
v 2.524640 0.067484 -0.299999
v 2.482778 0.150889 -0.299999
v 2.444331 0.236502 -0.299999
v 2.409374 0.323375 -0.299999
v 2.377981 0.410561 -0.299999
v 2.350222 0.497111 -0.299999
v 2.326171 0.582078 -0.299999
v 2.305902 0.664514 -0.299999
v 2.289487 0.743471 -0.299999
v 2.276999 0.818000 -0.299999
v 2.340452 0.818000 -0.299999
v 2.439112 0.818000 -0.299999
v 2.565938 0.818000 -0.299999
v 2.713889 0.818000 -0.299999
v 2.875924 0.818000 -0.299999
v 3.045000 0.818000 -0.299999
v 3.214077 0.818000 -0.299999
v 3.376112 0.818000 -0.299999
v 3.524063 0.818000 -0.299999
v 3.650889 0.818000 -0.300000
v 3.749549 0.818000 -0.300000
v 3.813000 0.818000 -0.300000
v 3.841990 0.817880 -0.300000
v 3.870417 0.817542 -0.300000
v 3.898219 0.817016 -0.300000
v 3.925333 0.816333 -0.300000
v 3.951698 0.815526 -0.300000
v 3.977250 0.814625 -0.300000
v 4.001926 0.813661 -0.300000
v 4.025666 0.812667 -0.300000
v 4.048406 0.811672 -0.300000
v 4.070083 0.810709 -0.300000
v 4.090635 0.809808 -0.300000
v 4.110000 0.809000 -0.300000
v 4.110000 1.076000 -0.300000
v 4.088972 1.073066 -0.300000
v 4.066527 1.070278 -0.300000
v 4.042874 1.067656 -0.300000
v 4.018222 1.065222 -0.300000
v 3.992777 1.062997 -0.300000
v 3.966750 1.061000 -0.300000
v 3.940347 1.059254 -0.300000
v 3.913777 1.057778 -0.300000
v 3.887250 1.056594 -0.300000
v 3.860972 1.055722 -0.300000
v 3.835153 1.055184 -0.300000
v 3.810000 1.055000 -0.300000
v 3.747083 1.055000 -0.300000
v 3.648667 1.055000 -0.300000
v 3.522000 1.055000 -0.300000
v 3.374333 1.055000 -0.299999
v 3.212916 1.055000 -0.299999
v 3.045000 1.055000 -0.299999
v 2.877833 1.055000 -0.299999
v 2.718666 1.055000 -0.299999
v 2.574750 1.055000 -0.299999
v 2.453333 1.055000 -0.299999
v 2.361667 1.055000 -0.299999
v 2.307000 1.055000 -0.299999
v 2.297187 1.055005 -0.299999
v 2.287237 1.055042 -0.299999
v 2.277142 1.055141 -0.299999
v 2.266890 1.055334 -0.299999
v 2.256471 1.055651 -0.299999
v 2.245875 1.056125 -0.299999
v 2.235092 1.056787 -0.299999
v 2.224112 1.057667 -0.299999
v 2.212922 1.058797 -0.299999
v 2.201513 1.060209 -0.299999
v 2.189877 1.061933 -0.299999
v 2.177999 1.064000 -0.299999
v 2.194225 1.093828 -0.299999
v 2.211306 1.124625 -0.299999
v 2.229094 1.156109 -0.299999
v 2.247444 1.188000 -0.299999
v 2.266212 1.220016 -0.299999
v 2.285250 1.251875 -0.299999
v 2.304413 1.283297 -0.299999
v 2.323555 1.314000 -0.299999
v 2.342531 1.343703 -0.299999
v 2.361195 1.372125 -0.299999
v 2.379399 1.398984 -0.299999
v 2.397000 1.424000 -0.299999
v 2.232000 1.493000 -0.299999
v 2.213988 1.465959 -0.299999
v 2.194654 1.436167 -0.299999
v 2.174297 1.404125 -0.299999
v 2.153222 1.370334 -0.299999
v 2.131731 1.335292 -0.299999
v 2.110126 1.299500 -0.299999
v 2.088707 1.263459 -0.299999
v 2.067778 1.227667 -0.299999
v 2.047641 1.192625 -0.299999
v 2.028597 1.158834 -0.299999
v 2.010949 1.126792 -0.299999
v 1.995000 1.097000 -0.299999
v 2.109000 1.046000 -0.299999
v 1.962000 0.953000 -0.299999
v 1.967067 0.942372 -0.299999
v 1.971791 0.931473 -0.299999
v 1.976203 0.920282 -0.299999
v 1.980333 0.908778 -0.299999
v 1.984213 0.896941 -0.299999
v 1.987875 0.884750 -0.299999
v 1.991348 0.872184 -0.299999
v 1.994666 0.859223 -0.299999
v 1.997859 0.845844 -0.299999
v 2.000957 0.832028 -0.299999
v 2.003994 0.817754 -0.299999
v 2.007000 0.803000 -0.299999
v 6.129000 -0.784000 -0.300000
v 6.129000 0.320000 -0.300000
v 6.681000 0.320000 -0.300000
v 6.693953 0.319938 -0.300000
v 6.708625 0.319750 -0.300000
v 6.724734 0.319438 -0.300000
v 6.742000 0.319000 -0.300000
v 6.760140 0.318438 -0.300000
v 6.778875 0.317750 -0.300000
v 6.797922 0.316938 -0.300000
v 6.817000 0.316000 -0.300000
v 6.835828 0.314937 -0.300000
v 6.854125 0.313750 -0.300000
v 6.871609 0.312438 -0.300000
v 6.888000 0.311000 -0.300000
v 6.888000 0.551000 -0.300000
v 6.871610 0.548873 -0.300000
v 6.854125 0.546986 -0.300000
v 6.835828 0.545328 -0.300000
v 6.817000 0.543889 -0.300000
v 6.797922 0.542658 -0.300000
v 6.778875 0.541625 -0.300000
v 6.760141 0.540780 -0.300000
v 6.742000 0.540111 -0.300000
v 6.724735 0.539609 -0.300000
v 6.708625 0.539264 -0.300000
v 6.693954 0.539064 -0.300000
v 6.681000 0.539000 -0.300000
v 5.301000 0.539000 -0.300000
v 5.282257 0.539121 -0.300000
v 5.263556 0.539472 -0.300000
v 5.244937 0.540031 -0.300000
v 5.226444 0.540778 -0.300000
v 5.208118 0.541691 -0.300000
v 5.190000 0.542750 -0.300000
v 5.172132 0.543934 -0.300000
v 5.154555 0.545222 -0.300000
v 5.137312 0.546594 -0.300000
v 5.120444 0.548028 -0.300000
v 5.103993 0.549504 -0.300000
v 5.088000 0.551000 -0.300000
v 5.088000 0.311000 -0.300000
v 5.104738 0.312438 -0.300000
v 5.121902 0.313750 -0.300000
v 5.139422 0.314937 -0.300000
v 5.157222 0.316000 -0.300000
v 5.175231 0.316938 -0.300000
v 5.193375 0.317750 -0.300000
v 5.211581 0.318438 -0.300000
v 5.229777 0.319000 -0.300000
v 5.247890 0.319438 -0.300000
v 5.265847 0.319750 -0.300000
v 5.283575 0.319938 -0.300000
v 5.301000 0.320000 -0.300000
v 5.886000 0.320000 -0.300000
v 5.886000 -0.784000 -0.300000
v 5.160000 -0.784000 -0.300000
v 5.142066 -0.783877 -0.300000
v 5.124278 -0.783514 -0.300000
v 5.106656 -0.782922 -0.300000
v 5.089222 -0.782111 -0.300000
v 5.071997 -0.781092 -0.300000
v 5.055000 -0.779875 -0.300000
v 5.038253 -0.778471 -0.300000
v 5.021778 -0.776889 -0.300000
v 5.005593 -0.775141 -0.300000
v 4.989722 -0.773236 -0.300000
v 4.974184 -0.771186 -0.300000
v 4.959000 -0.769000 -0.300000
v 4.959000 -1.021000 -0.300000
v 4.974642 -1.019562 -0.300000
v 4.991388 -1.018250 -0.300000
v 5.008968 -1.017063 -0.300000
v 5.027111 -1.016000 -0.300000
v 5.045545 -1.015063 -0.300000
v 5.064000 -1.014250 -0.300000
v 5.082205 -1.013563 -0.300000
v 5.099889 -1.013000 -0.300000
v 5.116781 -1.012563 -0.300000
v 5.132611 -1.012250 -0.300000
v 5.147108 -1.012063 -0.300000
v 5.160000 -1.012000 -0.300000
v 6.819000 -1.012000 -0.300000
v 6.835740 -1.012063 -0.300000
v 6.852917 -1.012250 -0.300000
v 6.870469 -1.012563 -0.300000
v 6.888333 -1.013000 -0.300000
v 6.906448 -1.013563 -0.300000
v 6.924750 -1.014250 -0.300000
v 6.943177 -1.015063 -0.300000
v 6.961667 -1.016000 -0.300000
v 6.980156 -1.017063 -0.300000
v 6.998584 -1.018250 -0.300000
v 7.016886 -1.019562 -0.300000
v 7.035000 -1.021000 -0.300000
v 7.035000 -0.769000 -0.300000
v 7.017573 -0.771186 -0.300000
v 6.999834 -0.773236 -0.300000
v 6.981844 -0.775141 -0.300000
v 6.963666 -0.776889 -0.300000
v 6.945364 -0.778471 -0.300000
v 6.927000 -0.779875 -0.300000
v 6.908636 -0.781092 -0.300000
v 6.890334 -0.782111 -0.300000
v 6.872156 -0.782922 -0.300000
v 6.854167 -0.783514 -0.300000
v 6.836427 -0.783877 -0.300000
v 6.819000 -0.784000 -0.300000
v 7.909769 0.578316 -0.300000
v 7.922653 0.510778 -0.300000
v 7.937766 0.439156 -0.300000
v 7.955222 0.364222 -0.300000
v 7.975137 0.286746 -0.300000
v 7.997625 0.207500 -0.300000
v 8.022800 0.127253 -0.300000
v 8.050777 0.046778 -0.300000
v 8.081672 -0.033156 -0.300000
v 8.115597 -0.111778 -0.300000
v 8.152668 -0.188316 -0.300000
v 8.193000 -0.262000 -0.300000
v 8.253157 -0.358398 -0.300000
v 8.321000 -0.450931 -0.300000
v 8.396343 -0.539359 -0.300000
v 8.479000 -0.623444 -0.300000
v 8.568781 -0.702946 -0.300000
v 8.665500 -0.777625 -0.300000
v 8.768969 -0.847241 -0.300000
v 8.879000 -0.911556 -0.300000
v 8.995406 -0.970328 -0.300000
v 9.118000 -1.023319 -0.300000
v 9.246593 -1.070290 -0.300000
v 9.381000 -1.111000 -0.300000
v 9.576000 -0.886000 -0.300000
v 9.550267 -0.881884 -0.300000
v 9.524138 -0.877069 -0.300000
v 9.497719 -0.871609 -0.300000
v 9.471111 -0.865556 -0.300000
v 9.444420 -0.858960 -0.300000
v 9.417749 -0.851875 -0.300000
v 9.391205 -0.844352 -0.300000
v 9.364889 -0.836444 -0.300000
v 9.338906 -0.828203 -0.300000
v 9.313361 -0.819681 -0.300000
v 9.288358 -0.810929 -0.300000
v 9.264000 -0.802000 -0.300000
v 9.188478 -0.775411 -0.300000
v 9.112319 -0.743792 -0.300000
v 9.036140 -0.707359 -0.300000
v 8.960555 -0.666333 -0.300000
v 8.886179 -0.620932 -0.300000
v 8.813624 -0.571375 -0.300000
v 8.743508 -0.517880 -0.300000
v 8.676444 -0.460667 -0.300000
v 8.613047 -0.399953 -0.300000
v 8.553930 -0.335958 -0.300000
v 8.499710 -0.268901 -0.300000
v 8.451000 -0.199000 -0.300000
v 8.411877 -0.133123 -0.300000
v 8.375513 -0.063486 -0.300000
v 8.341922 0.009172 -0.300000
v 8.311111 0.084111 -0.300000
v 8.283092 0.160592 -0.300000
v 8.257874 0.237875 -0.300000
v 8.235470 0.315221 -0.300000
v 8.215889 0.391889 -0.300000
v 8.199141 0.467141 -0.300000
v 8.185236 0.540236 -0.300000
v 8.174186 0.610436 -0.300000
v 8.166000 0.677000 -0.300000
v 9.843000 0.677000 -0.300000
v 9.843000 0.641684 -0.300000
v 9.843000 0.599722 -0.300000
v 9.843000 0.552594 -0.300000
v 9.843000 0.501778 -0.300000
v 9.843000 0.448754 -0.300000
v 9.843000 0.395000 -0.300000
v 9.843000 0.341997 -0.300000
v 9.843000 0.291222 -0.300000
v 9.843000 0.244156 -0.300000
v 9.843000 0.202278 -0.300000
v 9.843000 0.167066 -0.300000
v 9.843000 0.140000 -0.300000
v 9.842936 0.126031 -0.300000
v 9.842736 0.111250 -0.300000
v 9.842390 0.095844 -0.300000
v 9.841888 0.080000 -0.300000
v 9.841221 0.063906 -0.300000
v 9.840375 0.047750 -0.300000
v 9.839342 0.031719 -0.300000
v 9.838111 0.016000 -0.300000
v 9.836672 0.000781 -0.300000
v 9.835014 -0.013750 -0.300000
v 9.833127 -0.027406 -0.300000
v 9.831000 -0.040000 -0.300000
v 10.092000 -0.040000 -0.300000
v 10.090563 -0.025967 -0.300000
v 10.089250 -0.010986 -0.300000
v 10.088062 0.004766 -0.300000
v 10.087000 0.021111 -0.300000
v 10.086062 0.037873 -0.300000
v 10.085250 0.054875 -0.300000
v 10.084562 0.071939 -0.300000
v 10.084000 0.088889 -0.300000
v 10.083563 0.105547 -0.300000
v 10.083250 0.121736 -0.300000
v 10.083062 0.137280 -0.300000
v 10.083000 0.152000 -0.300000
v 10.083000 0.180550 -0.300000
v 10.083000 0.217153 -0.300000
v 10.083000 0.260234 -0.300000
v 10.083000 0.308222 -0.300000
v 10.083000 0.359543 -0.300000
v 10.083000 0.412625 -0.300000
v 10.083000 0.465894 -0.300000
v 10.083000 0.517778 -0.300000
v 10.083000 0.566703 -0.300000
v 10.083000 0.611097 -0.300000
v 10.083000 0.649387 -0.300000
v 10.083000 0.680000 -0.300000
v 10.083005 0.696519 -0.300000
v 10.083041 0.714403 -0.300000
v 10.083140 0.733391 -0.300000
v 10.083333 0.753222 -0.300000
v 10.083651 0.773637 -0.300000
v 10.084125 0.794375 -0.300000
v 10.084786 0.815176 -0.300000
v 10.085667 0.835778 -0.300000
v 10.086797 0.855922 -0.300000
v 10.088208 0.875347 -0.300000
v 10.089932 0.893794 -0.300000
v 10.092000 0.911000 -0.300000
v 10.070239 0.908873 -0.300000
v 10.048416 0.906986 -0.300000
v 10.026468 0.905328 -0.300000
v 10.004333 0.903889 -0.300000
v 9.981948 0.902658 -0.300000
v 9.959249 0.901625 -0.300000
v 9.936177 0.900780 -0.300000
v 9.912666 0.900111 -0.300000
v 9.888657 0.899609 -0.300000
v 9.864083 0.899264 -0.300000
v 9.838885 0.899064 -0.300000
v 9.813000 0.899000 -0.300000
v 9.150000 0.899000 -0.300000
v 9.150000 1.178000 -0.300000
v 9.150066 1.193886 -0.300000
v 9.150278 1.210083 -0.300000
v 9.150656 1.226656 -0.300000
v 9.151222 1.243667 -0.300000
v 9.151997 1.261177 -0.300000
v 9.153000 1.279250 -0.300000
v 9.154253 1.297948 -0.300000
v 9.155778 1.317333 -0.300000
v 9.157594 1.337469 -0.300000
v 9.159722 1.358417 -0.300000
v 9.162184 1.380240 -0.300000
v 9.165000 1.403000 -0.300000
v 8.877000 1.403000 -0.300000
v 8.880506 1.380239 -0.300000
v 8.883542 1.358417 -0.300000
v 8.886141 1.337469 -0.300000
v 8.888333 1.317333 -0.300000
v 8.890151 1.297948 -0.300000
v 8.891625 1.279250 -0.300000
v 8.892786 1.261177 -0.300000
v 8.893667 1.243667 -0.300000
v 8.894297 1.226656 -0.300000
v 8.894709 1.210083 -0.300000
v 8.894932 1.193886 -0.300000
v 8.895000 1.178000 -0.300000
v 8.895000 0.899000 -0.300000
v 8.223000 0.899000 -0.300000
v 8.196354 0.899186 -0.300000
v 8.171833 0.899736 -0.300000
v 8.149312 0.900641 -0.300000
v 8.128666 0.901889 -0.300000
v 8.109771 0.903471 -0.300000
v 8.092500 0.905375 -0.300000
v 8.076729 0.907592 -0.300000
v 8.062333 0.910111 -0.300000
v 8.049187 0.912922 -0.300000
v 8.037167 0.916014 -0.300000
v 8.026146 0.919377 -0.300000
v 8.016000 0.923000 -0.300000
v 7.854000 0.821000 -0.300000
v 7.857807 0.809094 -0.300000
v 7.861709 0.796000 -0.300000
v 7.865672 0.781906 -0.300000
v 7.869667 0.767000 -0.300000
v 7.873662 0.751469 -0.300000
v 7.877625 0.735500 -0.300000
v 7.881526 0.719281 -0.300000
v 7.885333 0.703000 -0.300000
v 7.889016 0.686844 -0.300000
v 7.892542 0.671000 -0.300000
v 7.895880 0.655656 -0.300000
v 7.899000 0.641000 -0.300000
v -8.297741 0.284000 0.300002
v -8.406445 0.284000 0.300002
v -8.542313 0.284000 0.300002
v -8.698555 0.284000 0.300002
v -8.868382 0.284000 0.300002
v -9.045000 0.284000 0.300002
v -9.221619 0.284000 0.300002
v -9.391443 0.284000 0.300002
v -9.547688 0.284000 0.300002
v -9.683556 0.284000 0.300002
v -9.792257 0.284000 0.300002
v -9.867001 0.284000 0.300002
v -9.903625 0.284181 0.300002
v -9.938499 0.284694 0.300002
v -9.971624 0.285500 0.300002
v -10.003000 0.286556 0.300002
v -10.032625 0.287819 0.300002
v -10.060499 0.289250 0.300002
v -10.086624 0.290805 0.300002
v -10.111000 0.292444 0.300002
v -10.133625 0.294125 0.300002
v -10.154499 0.295806 0.300002
v -10.173624 0.297444 0.300002
v -10.191000 0.299000 0.300002
v -10.191000 0.005000 0.300002
v -10.174658 0.005925 0.300002
v -10.155764 0.007153 0.300002
v -10.134514 0.008610 0.300002
v -10.111111 0.010222 0.300002
v -10.085747 0.011919 0.300002
v -10.058624 0.013625 0.300002
v -10.029938 0.015269 0.300002
v -9.999887 0.016778 0.300002
v -9.968670 0.018078 0.300002
v -9.936485 0.019097 0.300002
v -9.903530 0.019762 0.300002
v -9.869999 0.020000 0.300002
v -9.794624 0.020000 0.300002
v -9.685499 0.020000 0.300002
v -9.549376 0.020000 0.300002
v -9.393000 0.020000 0.300002
v -9.223125 0.020000 0.300002
v -9.046501 0.020000 0.300002
v -8.869875 0.020000 0.300002
v -8.700001 0.020000 0.300002
v -8.543625 0.020000 0.300002
v -8.407501 0.020000 0.300002
v -8.298376 0.020000 0.300002
v -8.223000 0.020000 0.300002
v -8.181911 0.019877 0.300002
v -8.141277 0.019514 0.300002
v -8.101313 0.018922 0.300002
v -8.062222 0.018111 0.300002
v -8.024216 0.017092 0.300002
v -7.987499 0.015875 0.300002
v -7.952286 0.014471 0.300002
v -7.918777 0.012889 0.300002
v -7.887188 0.011141 0.300002
v -7.857723 0.009236 0.300002
v -7.830591 0.007186 0.300002
v -7.806000 0.005000 0.300002
v -7.806000 0.299000 0.300002
v -7.829901 0.297445 0.300002
v -7.856468 0.295806 0.300002
v -7.885498 0.294125 0.300002
v -7.916775 0.292444 0.300002
v -7.950094 0.290806 0.300002
v -7.985249 0.289250 0.300002
v -8.022026 0.287820 0.300002
v -8.060221 0.286556 0.300002
v -8.099625 0.285500 0.300002
v -8.140028 0.284695 0.300002
v -8.181223 0.284181 0.300002
v -8.223000 0.284000 0.300002
v -5.910000 1.013000 0.300001
v -6.723000 1.013000 0.300001
v -6.742939 1.013189 0.300001
v -6.762251 1.013764 0.300001
v -6.780937 1.014734 0.300001
v -6.799000 1.016111 0.300001
v -6.816439 1.017904 0.300001
v -6.833252 1.020125 0.300001
v -6.849440 1.022783 0.300001
v -6.865002 1.025889 0.300001
v -6.879940 1.029453 0.300001
v -6.894251 1.033486 0.300001
v -6.907938 1.037998 0.300001
v -6.921001 1.043000 0.300001
v -7.118999 0.923000 0.300001
v -7.112255 0.911906 0.300001
v -7.105541 0.899750 0.300001
v -7.098890 0.886719 0.300001
v -7.092333 0.873000 0.300001
v -7.085899 0.858781 0.300001
v -7.079624 0.844250 0.300001
v -7.073536 0.829594 0.300001
v -7.067667 0.815000 0.300001
v -7.062046 0.800656 0.300001
v -7.056707 0.786750 0.300001
v -7.051682 0.773469 0.300001
v -7.047001 0.761000 0.300001
v -7.025761 0.690507 0.300001
v -7.001083 0.617306 0.300001
v -6.973030 0.541813 0.300001
v -6.941668 0.464445 0.300001
v -6.907053 0.385618 0.300001
v -6.869251 0.305750 0.300001
v -6.828323 0.225257 0.300001
v -6.784334 0.144556 0.300001
v -6.737345 0.064063 0.300001
v -6.687416 -0.015805 0.300001
v -6.634615 -0.094632 0.300001
v -6.578999 -0.172000 0.300001
v -6.610365 -0.195241 0.300001
v -6.641417 -0.218431 0.300001
v -6.672094 -0.241516 0.300001
v -6.702333 -0.264444 0.300001
v -6.732075 -0.287165 0.300002
v -6.761251 -0.309625 0.300002
v -6.789803 -0.331773 0.300002
v -6.817667 -0.353556 0.300002
v -6.844782 -0.374922 0.300002
v -6.871084 -0.395819 0.300002
v -6.896511 -0.416196 0.300002
v -6.921001 -0.436000 0.300002
v -6.743999 -0.643000 0.300002
v -6.721008 -0.622503 0.300002
v -6.697069 -0.601528 0.300002
v -6.672234 -0.580094 0.300002
v -6.646555 -0.558222 0.300002
v -6.620085 -0.535934 0.300002
v -6.592876 -0.513250 0.300001
v -6.564978 -0.490191 0.300001
v -6.536446 -0.466778 0.300001
v -6.507328 -0.443031 0.300001
v -6.477680 -0.418972 0.300001
v -6.447554 -0.394621 0.300001
v -6.417000 -0.370000 0.300001
v -6.348104 -0.443774 0.300001
v -6.274834 -0.516444 0.300001
v -6.197063 -0.587781 0.300001
v -6.114666 -0.657555 0.300001
v -6.027521 -0.725538 0.300001
v -5.935501 -0.791500 0.300001
v -5.838480 -0.855212 0.300001
v -5.736334 -0.916444 0.300001
v -5.628939 -0.974969 0.300001
v -5.516167 -1.030555 0.300001
v -5.397896 -1.082976 0.300001
v -5.274000 -1.132000 0.300001
v -5.058000 -0.946000 0.300001
v -5.182196 -0.904561 0.300001
v -5.301294 -0.858486 0.300001
v -5.415330 -0.808141 0.300001
v -5.524334 -0.753889 0.300001
v -5.628340 -0.696095 0.300001
v -5.727375 -0.635125 0.300001
v -5.821476 -0.571342 0.300001
v -5.910667 -0.505111 0.300001
v -5.994984 -0.436797 0.300001
v -6.074459 -0.366764 0.300001
v -6.149120 -0.295377 0.300001
v -6.219000 -0.223000 0.300001
v -6.164778 -0.184021 0.300001
v -6.110222 -0.145167 0.300001
v -6.055500 -0.106562 0.300001
v -6.000776 -0.068333 0.300001
v -5.946220 -0.030604 0.300001
v -5.891998 0.006500 0.300001
v -5.838276 0.042854 0.300001
v -5.785221 0.078333 0.300001
v -5.733000 0.112813 0.300001
v -5.681778 0.146167 0.300001
v -5.631721 0.178271 0.300001
v -5.583000 0.209000 0.300001
v -5.744999 0.374000 0.300001
v -5.795038 0.344891 0.300001
v -5.846056 0.314625 0.300001
v -5.897905 0.283297 0.300001
v -5.950443 0.251000 0.300001
v -6.003525 0.217828 0.300001
v -6.056999 0.183875 0.300001
v -6.110725 0.149234 0.300001
v -6.164557 0.114000 0.300001
v -6.218346 0.078266 0.300001
v -6.271946 0.042125 0.300001
v -6.325212 0.005672 0.300001
v -6.378000 -0.031000 0.300001
v -6.425844 0.035481 0.300001
v -6.471764 0.104097 0.300001
v -6.515575 0.174359 0.300001
v -6.557110 0.245778 0.300001
v -6.596184 0.317863 0.300001
v -6.632624 0.390125 0.300001
v -6.666250 0.462075 0.300001
v -6.696888 0.533222 0.300001
v -6.724358 0.603078 0.300001
v -6.748486 0.671153 0.300001
v -6.769093 0.736957 0.300001
v -6.785999 0.800000 0.300001
v -5.771999 0.800000 0.300001
v -5.722441 0.732050 0.300001
v -5.669777 0.663403 0.300001
v -5.614031 0.594359 0.300001
v -5.555222 0.525222 0.300001
v -5.493372 0.456293 0.300001
v -5.428501 0.387875 0.300001
v -5.360628 0.320269 0.300001
v -5.289778 0.253778 0.300001
v -5.215969 0.188703 0.300001
v -5.139223 0.125347 0.300001
v -5.059559 0.064012 0.300001
v -4.976999 0.005000 0.300001
v -4.776000 0.161000 0.300001
v -4.900650 0.243761 0.300001
v -5.016708 0.330834 0.300001
v -5.124329 0.421157 0.300001
v -5.223667 0.513667 0.300001
v -5.314880 0.607302 0.300001
v -5.398125 0.701000 0.300001
v -5.473557 0.793698 0.300001
v -5.541334 0.884334 0.300001
v -5.601610 0.971844 0.300001
v -5.654541 1.055167 0.300001
v -5.700287 1.133240 0.300001
v -5.739000 1.205000 0.300001
v -5.746849 1.219518 0.300001
v -5.755278 1.235889 0.300001
v -5.764126 1.253844 0.300001
v -5.773222 1.273111 0.300001
v -5.782404 1.293420 0.300001
v -5.791500 1.314500 0.300001
v -5.800348 1.336080 0.300001
v -5.808777 1.357889 0.300001
v -5.816626 1.379656 0.300001
v -5.823723 1.401111 0.300001
v -5.829903 1.421983 0.300001
v -5.835001 1.442000 0.300001
v -6.108002 1.355000 0.300001
v -6.095205 1.335042 0.300001
v -6.082376 1.314334 0.300001
v -6.069611 1.293125 0.300001
v -6.056999 1.271667 0.300001
v -6.044640 1.250208 0.300001
v -6.032623 1.229000 0.300001
v -6.021046 1.208292 0.300001
v -6.009998 1.188334 0.300001
v -5.999578 1.169375 0.300001
v -5.989876 1.151667 0.300001
v -5.980984 1.135458 0.300001
v -5.973000 1.121000 0.300001
v -2.757000 0.389000 0.300001
v -2.715033 0.431243 0.300001
v -2.665001 0.479194 0.300001
v -2.608220 0.531687 0.300001
v -2.546001 0.587556 0.300001
v -2.479657 0.645632 0.300001
v -2.410501 0.704750 0.300001
v -2.339845 0.763743 0.300001
v -2.269001 0.821445 0.300001
v -2.199283 0.876688 0.300001
v -2.132002 0.928306 0.300001
v -2.068470 0.975132 0.300001
v -2.010000 1.016000 0.300001
v -2.181001 1.199000 0.300001
v -2.237587 1.160370 0.300001
v -2.299957 1.115709 0.300001
v -2.366766 1.066110 0.300001
v -2.436666 1.012667 0.300001
v -2.508318 0.956474 0.300001
v -2.580376 0.898625 0.300001
v -2.651495 0.840214 0.300001
v -2.720333 0.782334 0.300001
v -2.785547 0.726078 0.300001
v -2.845793 0.672542 0.300001
v -2.899724 0.622818 0.300001
v -2.945999 0.578000 0.300001
v -3.236444 -0.297194 0.300001
v -3.345556 -0.215806 0.300001
v -3.450001 -0.129625 0.300001
v -3.549445 -0.039444 0.300001
v -3.643556 0.053944 0.300001
v -3.732000 0.149750 0.300001
v -3.814445 0.247180 0.300001
v -3.890556 0.345444 0.300001
v -3.960001 0.443750 0.300001
v -4.022446 0.541306 0.300001
v -4.077556 0.637319 0.300001
v -4.125000 0.731000 0.300001
v -4.268999 0.476000 0.300001
v -4.214966 0.381653 0.300001
v -4.154961 0.286472 0.300001
v -4.089143 0.191000 0.300001
v -4.017669 0.095778 0.300001
v -3.940695 0.001347 0.300001
v -3.858377 -0.091750 0.300001
v -3.770871 -0.182972 0.300001
v -3.678334 -0.271778 0.300001
v -3.580922 -0.357625 0.300001
v -3.478792 -0.439972 0.300001
v -3.372099 -0.518278 0.300001
v -3.261000 -0.592000 0.300001
v -3.184293 -0.639076 0.300001
v -3.104084 -0.685611 0.300001
v -3.020250 -0.731313 0.300001
v -2.932667 -0.775889 0.300001
v -2.841209 -0.819049 0.300001
v -2.745750 -0.860500 0.300001
v -2.646168 -0.899951 0.300001
v -2.542334 -0.937111 0.300001
v -2.434126 -0.971687 0.300001
v -2.321417 -1.003389 0.300001
v -2.204083 -1.031924 0.300001
v -2.082001 -1.057000 0.300001
v -1.922999 -0.811000 0.300001
v -2.051453 -0.789377 0.300001
v -2.174386 -0.763764 0.300001
v -2.291904 -0.734547 0.300001
v -2.404109 -0.702111 0.300001
v -2.511106 -0.666842 0.300001
v -2.612998 -0.629125 0.300001
v -2.709890 -0.589345 0.300001
v -2.801888 -0.547889 0.300001
v -2.889092 -0.505141 0.300001
v -2.971610 -0.461486 0.300001
v -3.049544 -0.417311 0.300001
v -3.122999 -0.373000 0.300001
v -0.474000 1.097000 0.300001
v -0.504732 1.038356 0.300001
v -0.538111 0.972598 0.300001
v -0.573656 0.900735 0.300001
v -0.610889 0.823778 0.300001
v -0.649330 0.742738 0.300001
v -0.688500 0.658625 0.300001
v -0.727921 0.572450 0.300001
v -0.767111 0.485222 0.300001
v -0.805593 0.397953 0.300001
v -0.842889 0.311653 0.300001
v -0.878517 0.227332 0.300001
v -0.912000 0.146000 0.300001
v -0.942746 0.069208 0.300001
v -0.974710 -0.013333 0.300001
v -1.007485 -0.100375 0.300001
v -1.040668 -0.190667 0.300001
v -1.073850 -0.282958 0.300001
v -1.106626 -0.376000 0.300001
v -1.138589 -0.468542 0.300001
v -1.169333 -0.559333 0.300001
v -1.198453 -0.647125 0.300001
v -1.225541 -0.730667 0.300001
v -1.250193 -0.808708 0.300001
v -1.272000 -0.880000 0.300001
v -1.005000 -0.967000 0.300001
v -0.984923 -0.888486 0.300001
v -0.962389 -0.806389 0.300001
v -0.937687 -0.721375 0.300001
v -0.911112 -0.634111 0.300001
v -0.882952 -0.545264 0.300001
v -0.853500 -0.455500 0.300001
v -0.823050 -0.365486 0.300001
v -0.791889 -0.275889 0.300001
v -0.760313 -0.187375 0.300001
v -0.728612 -0.100611 0.300001
v -0.697077 -0.016264 0.300001
v -0.666000 0.065000 0.300001
v -0.634696 0.144327 0.300001
v -0.601068 0.227111 0.300001
v -0.565546 0.312313 0.300001
v -0.528555 0.398889 0.300001
v -0.490521 0.485799 0.300001
v -0.451874 0.572000 0.300001
v -0.413039 0.656451 0.300001
v -0.374444 0.738111 0.300001
v -0.336515 0.815938 0.300001
v -0.299681 0.888889 0.300001
v -0.264366 0.955924 0.300001
v -0.231001 1.016000 0.300001
v 0.249000 1.010000 0.300001
v 0.254246 0.993030 0.300001
v 0.259471 0.975236 0.300001
v 0.264655 0.956797 0.300001
v 0.269776 0.937889 0.300001
v 0.274815 0.918689 0.300001
v 0.279749 0.899375 0.300001
v 0.284558 0.880123 0.300001
v 0.289222 0.861111 0.300001
v 0.293718 0.842516 0.300001
v 0.298028 0.824514 0.300001
v 0.302128 0.807283 0.300001
v 0.306000 0.791000 0.300001
v 0.317099 0.739352 0.300001
v 0.330791 0.678319 0.300001
v 0.346922 0.609266 0.300001
v 0.365334 0.533556 0.300001
v 0.385870 0.452554 0.300001
v 0.408375 0.367625 0.300001
v 0.432693 0.280134 0.300001
v 0.458667 0.191444 0.300001
v 0.486141 0.102922 0.300001
v 0.514958 0.015931 0.300001
v 0.544964 -0.068165 0.300001
v 0.576000 -0.148000 0.300001
v 0.604845 -0.217571 0.300001
v 0.635763 -0.288069 0.300001
v 0.668577 -0.359172 0.300001
v 0.703111 -0.430556 0.300001
v 0.739185 -0.501898 0.300001
v 0.776625 -0.572875 0.300001
v 0.815251 -0.643165 0.300001
v 0.854889 -0.712444 0.300001
v 0.895359 -0.780391 0.300001
v 0.936485 -0.846681 0.300001
v 0.978091 -0.910991 0.300001
v 1.020000 -0.973000 0.300001
v 1.275000 -0.865000 0.300001
v 1.228154 -0.801392 0.300001
v 1.182236 -0.735389 0.300001
v 1.137421 -0.667469 0.300001
v 1.093888 -0.598111 0.300001
v 1.051813 -0.527795 0.300001
v 1.011374 -0.457000 0.300001
v 0.972748 -0.386205 0.300001
v 0.936111 -0.315889 0.300001
v 0.901641 -0.246531 0.300001
v 0.869514 -0.178611 0.300001
v 0.839908 -0.112608 0.300001
v 0.813000 -0.049000 0.300001
v 0.780230 0.031852 0.300001
v 0.748084 0.117820 0.300001
v 0.716813 0.208016 0.300001
v 0.686666 0.301556 0.300001
v 0.657896 0.397554 0.300001
v 0.630750 0.495125 0.300001
v 0.605479 0.593384 0.300001
v 0.582334 0.691445 0.300001
v 0.561563 0.788422 0.300001
v 0.543416 0.883431 0.300001
v 0.528146 0.975585 0.300001
v 0.516000 1.064000 0.300001
v 1.767000 1.103000 0.300001
v 1.784158 1.134684 0.300001
v 1.802513 1.167972 0.300001
v 1.821890 1.202469 0.300001
v 1.842111 1.237778 0.300001
v 1.862997 1.273504 0.300001
v 1.884375 1.309250 0.300001
v 1.906063 1.344622 0.300001
v 1.927888 1.379222 0.300001
v 1.949671 1.412656 0.300001
v 1.971235 1.444528 0.300001
v 1.992404 1.474441 0.300001
v 2.013000 1.502000 0.300001
v 1.848000 1.571000 0.300001
v 1.828608 1.543958 0.300001
v 1.808111 1.514167 0.300001
v 1.786781 1.482125 0.300001
v 1.764889 1.448334 0.300001
v 1.742704 1.413292 0.300001
v 1.720500 1.377500 0.300001
v 1.698545 1.341458 0.300001
v 1.677111 1.305667 0.300001
v 1.656468 1.270625 0.300001
v 1.636889 1.236833 0.300001
v 1.618643 1.204792 0.300001
v 1.601999 1.175000 0.300001
v 2.025133 0.720948 0.300001
v 2.046569 0.633083 0.300001
v 2.071360 0.540594 0.300001
v 2.099555 0.444667 0.300001
v 2.131209 0.346490 0.300001
v 2.166374 0.247250 0.300001
v 2.205102 0.148135 0.300001
v 2.247444 0.050333 0.300001
v 2.293452 -0.044969 0.300001
v 2.343180 -0.136583 0.300001
v 2.396678 -0.223323 0.300001
v 2.454000 -0.304000 0.300001
v 2.524750 -0.390229 0.300001
v 2.599262 -0.473333 0.300001
v 2.677920 -0.553187 0.300001
v 2.761109 -0.629667 0.300001
v 2.849216 -0.702646 0.300001
v 2.942624 -0.772000 0.300001
v 3.041719 -0.837604 0.300001
v 3.146888 -0.899333 0.300001
v 3.258515 -0.957062 0.300001
v 3.376986 -1.010667 0.300001
v 3.502686 -1.060021 0.300001
v 3.636000 -1.105000 0.300001
v 3.840000 -0.880000 0.300001
v 3.699531 -0.841713 0.300001
v 3.568750 -0.798958 0.300001
v 3.447093 -0.751891 0.300001
v 3.334000 -0.700667 0.300001
v 3.228906 -0.645443 0.300001
v 3.131249 -0.586375 0.300001
v 3.040468 -0.523620 0.300001
v 2.955999 -0.457333 0.300001
v 2.877281 -0.387672 0.300001
v 2.803750 -0.314792 0.300001
v 2.734843 -0.238849 0.300001
v 2.670000 -0.160000 0.300001
v 2.618324 -0.088908 0.300001
v 2.569847 -0.012764 0.300001
v 2.524640 0.067484 0.300001
v 2.482778 0.150889 0.300001
v 2.444331 0.236502 0.300001
v 2.409374 0.323375 0.300001
v 2.377981 0.410561 0.300001
v 2.350222 0.497111 0.300001
v 2.326171 0.582078 0.300001
v 2.305902 0.664514 0.300001
v 2.289487 0.743471 0.300001
v 2.276999 0.818000 0.300001
v 2.340452 0.818000 0.300001
v 2.439112 0.818000 0.300001
v 2.565938 0.818000 0.300001
v 2.713889 0.818000 0.300001
v 2.875924 0.818000 0.300001
v 3.045000 0.818000 0.300001
v 3.214077 0.818000 0.300001
v 3.376112 0.818000 0.300001
v 3.524063 0.818000 0.300001
v 3.650889 0.818000 0.300001
v 3.749549 0.818000 0.300001
v 3.813000 0.818000 0.300001
v 3.841990 0.817880 0.300001
v 3.870417 0.817542 0.300001
v 3.898219 0.817016 0.300001
v 3.925333 0.816333 0.300001
v 3.951698 0.815526 0.300001
v 3.977250 0.814625 0.300000
v 4.001926 0.813661 0.300000
v 4.025666 0.812667 0.300000
v 4.048406 0.811672 0.300000
v 4.070083 0.810709 0.300000
v 4.090635 0.809808 0.300000
v 4.110000 0.809000 0.300000
v 4.110000 1.076000 0.300000
v 4.088972 1.073066 0.300000
v 4.066527 1.070278 0.300000
v 4.042874 1.067656 0.300000
v 4.018222 1.065222 0.300000
v 3.992777 1.062997 0.300000
v 3.966750 1.061000 0.300000
v 3.940347 1.059254 0.300000
v 3.913777 1.057778 0.300000
v 3.887250 1.056594 0.300000
v 3.860972 1.055722 0.300000
v 3.835153 1.055184 0.300001
v 3.810000 1.055000 0.300001
v 3.747083 1.055000 0.300001
v 3.648667 1.055000 0.300001
v 3.522000 1.055000 0.300001
v 3.374333 1.055000 0.300001
v 3.212916 1.055000 0.300001
v 3.045000 1.055000 0.300001
v 2.877833 1.055000 0.300001
v 2.718666 1.055000 0.300001
v 2.574750 1.055000 0.300001
v 2.453333 1.055000 0.300001
v 2.361667 1.055000 0.300001
v 2.307000 1.055000 0.300001
v 2.297187 1.055005 0.300001
v 2.287237 1.055042 0.300001
v 2.277142 1.055141 0.300001
v 2.266890 1.055334 0.300001
v 2.256471 1.055651 0.300001
v 2.245875 1.056125 0.300001
v 2.235092 1.056787 0.300001
v 2.224112 1.057667 0.300001
v 2.212922 1.058797 0.300001
v 2.201513 1.060209 0.300001
v 2.189877 1.061933 0.300001
v 2.177999 1.064000 0.300001
v 2.194225 1.093828 0.300001
v 2.211306 1.124625 0.300001
v 2.229094 1.156109 0.300001
v 2.247444 1.188000 0.300001
v 2.266212 1.220016 0.300001
v 2.285250 1.251875 0.300001
v 2.304413 1.283297 0.300001
v 2.323555 1.314000 0.300001
v 2.342531 1.343703 0.300001
v 2.361195 1.372125 0.300001
v 2.379399 1.398984 0.300001
v 2.397000 1.424000 0.300001
v 2.232000 1.493000 0.300001
v 2.213988 1.465959 0.300001
v 2.194654 1.436167 0.300001
v 2.174297 1.404125 0.300001
v 2.153222 1.370334 0.300001
v 2.131731 1.335292 0.300001
v 2.110126 1.299500 0.300001
v 2.088707 1.263459 0.300001
v 2.067778 1.227667 0.300001
v 2.047641 1.192625 0.300001
v 2.028597 1.158834 0.300001
v 2.010949 1.126792 0.300001
v 1.995000 1.097000 0.300001
v 2.109000 1.046000 0.300001
v 1.962000 0.953000 0.300001
v 1.967067 0.942372 0.300001
v 1.971791 0.931473 0.300001
v 1.976203 0.920282 0.300001
v 1.980333 0.908778 0.300001
v 1.984213 0.896941 0.300001
v 1.987875 0.884750 0.300001
v 1.991348 0.872184 0.300001
v 1.994666 0.859223 0.300001
v 1.997859 0.845844 0.300001
v 2.000957 0.832028 0.300001
v 2.003994 0.817754 0.300001
v 2.007000 0.803000 0.300001
v 6.129000 -0.784000 0.300000
v 6.129000 0.320000 0.300000
v 6.681000 0.320000 0.300000
v 6.693953 0.319938 0.300000
v 6.708625 0.319750 0.300000
v 6.724734 0.319438 0.300000
v 6.742000 0.319000 0.300000
v 6.760140 0.318438 0.300000
v 6.778875 0.317750 0.300000
v 6.797922 0.316938 0.300000
v 6.817000 0.316000 0.300000
v 6.835828 0.314937 0.300000
v 6.854125 0.313750 0.300000
v 6.871609 0.312438 0.300000
v 6.888000 0.311000 0.300000
v 6.888000 0.551000 0.300000
v 6.871610 0.548873 0.300000
v 6.854125 0.546986 0.300000
v 6.835828 0.545328 0.300000
v 6.817000 0.543889 0.300000
v 6.797922 0.542658 0.300000
v 6.778875 0.541625 0.300000
v 6.760141 0.540780 0.300000
v 6.742000 0.540111 0.300000
v 6.724735 0.539609 0.300000
v 6.708625 0.539264 0.300000
v 6.693954 0.539064 0.300000
v 6.681000 0.539000 0.300000
v 5.301000 0.539000 0.300000
v 5.282257 0.539121 0.300000
v 5.263556 0.539472 0.300000
v 5.244937 0.540031 0.300000
v 5.226444 0.540778 0.300000
v 5.208118 0.541691 0.300000
v 5.190000 0.542750 0.300000
v 5.172132 0.543934 0.300000
v 5.154555 0.545222 0.300000
v 5.137312 0.546594 0.300000
v 5.120444 0.548028 0.300000
v 5.103993 0.549504 0.300000
v 5.088000 0.551000 0.300000
v 5.088000 0.311000 0.300000
v 5.104738 0.312438 0.300000
v 5.121902 0.313750 0.300000
v 5.139422 0.314937 0.300000
v 5.157222 0.316000 0.300000
v 5.175231 0.316938 0.300000
v 5.193375 0.317750 0.300000
v 5.211581 0.318438 0.300000
v 5.229777 0.319000 0.300000
v 5.247890 0.319438 0.300000
v 5.265847 0.319750 0.300000
v 5.283575 0.319938 0.300000
v 5.301000 0.320000 0.300000
v 5.886000 0.320000 0.300000
v 5.886000 -0.784000 0.300000
v 5.160000 -0.784000 0.300000
v 5.142066 -0.783877 0.300000
v 5.124278 -0.783514 0.300000
v 5.106656 -0.782922 0.300000
v 5.089222 -0.782111 0.300000
v 5.071997 -0.781092 0.300000
v 5.055000 -0.779875 0.300000
v 5.038253 -0.778470 0.300000
v 5.021778 -0.776889 0.300000
v 5.005593 -0.775141 0.300000
v 4.989722 -0.773236 0.300000
v 4.974184 -0.771186 0.300000
v 4.959000 -0.769000 0.300000
v 4.959000 -1.021000 0.300000
v 4.974642 -1.019562 0.300000
v 4.991388 -1.018250 0.300000
v 5.008968 -1.017063 0.300000
v 5.027111 -1.016000 0.300000
v 5.045545 -1.015062 0.300000
v 5.064000 -1.014250 0.300000
v 5.082205 -1.013562 0.300000
v 5.099889 -1.013000 0.300000
v 5.116781 -1.012563 0.300000
v 5.132611 -1.012250 0.300000
v 5.147108 -1.012062 0.300000
v 5.160000 -1.012000 0.300000
v 6.819000 -1.012000 0.300000
v 6.835740 -1.012062 0.300000
v 6.852917 -1.012250 0.300000
v 6.870469 -1.012563 0.300000
v 6.888333 -1.013000 0.300000
v 6.906448 -1.013562 0.300000
v 6.924750 -1.014250 0.300000
v 6.943177 -1.015062 0.300000
v 6.961667 -1.016000 0.300000
v 6.980156 -1.017063 0.300000
v 6.998584 -1.018250 0.300000
v 7.016886 -1.019562 0.300000
v 7.035000 -1.021000 0.300000
v 7.035000 -0.769000 0.300000
v 7.017573 -0.771186 0.300000
v 6.999834 -0.773236 0.300000
v 6.981844 -0.775141 0.300000
v 6.963666 -0.776889 0.300000
v 6.945364 -0.778470 0.300000
v 6.927000 -0.779875 0.300000
v 6.908636 -0.781092 0.300000
v 6.890334 -0.782111 0.300000
v 6.872156 -0.782922 0.300000
v 6.854167 -0.783514 0.300000
v 6.836427 -0.783877 0.300000
v 6.819000 -0.784000 0.300000
v 7.909769 0.578316 0.300000
v 7.922653 0.510778 0.300000
v 7.937766 0.439156 0.300000
v 7.955222 0.364222 0.300000
v 7.975137 0.286746 0.300000
v 7.997625 0.207500 0.300000
v 8.022800 0.127253 0.300000
v 8.050777 0.046778 0.300000
v 8.081672 -0.033156 0.300000
v 8.115597 -0.111778 0.300000
v 8.152668 -0.188316 0.300000
v 8.193000 -0.262000 0.300000
v 8.253157 -0.358398 0.300000
v 8.321000 -0.450931 0.300000
v 8.396343 -0.539359 0.300000
v 8.479000 -0.623444 0.300000
v 8.568781 -0.702946 0.300000
v 8.665500 -0.777625 0.300000
v 8.768969 -0.847241 0.300000
v 8.879000 -0.911556 0.300000
v 8.995406 -0.970328 0.300000
v 9.118000 -1.023319 0.300000
v 9.246593 -1.070290 0.300000
v 9.381000 -1.111000 0.300000
v 9.576000 -0.886000 0.300000
v 9.550267 -0.881884 0.300000
v 9.524138 -0.877069 0.300000
v 9.497719 -0.871609 0.300000
v 9.471111 -0.865556 0.300000
v 9.444420 -0.858960 0.300000
v 9.417749 -0.851875 0.300000
v 9.391205 -0.844352 0.300000
v 9.364889 -0.836444 0.300000
v 9.338906 -0.828203 0.300000
v 9.313361 -0.819681 0.300000
v 9.288358 -0.810929 0.300000
v 9.264000 -0.802000 0.300000
v 9.188478 -0.775411 0.300000
v 9.112319 -0.743792 0.300000
v 9.036140 -0.707359 0.300000
v 8.960555 -0.666333 0.300000
v 8.886179 -0.620932 0.300000
v 8.813624 -0.571375 0.300000
v 8.743508 -0.517880 0.300000
v 8.676444 -0.460667 0.300000
v 8.613047 -0.399953 0.300000
v 8.553930 -0.335958 0.300000
v 8.499710 -0.268901 0.300000
v 8.451000 -0.199000 0.300000
v 8.411877 -0.133123 0.300000
v 8.375513 -0.063486 0.300000
v 8.341922 0.009172 0.300000
v 8.311111 0.084111 0.300000
v 8.283092 0.160592 0.300000
v 8.257874 0.237875 0.300000
v 8.235470 0.315221 0.300000
v 8.215889 0.391889 0.300000
v 8.199141 0.467141 0.300000
v 8.185236 0.540236 0.300000
v 8.174186 0.610436 0.300000
v 8.166000 0.677000 0.300000
v 9.843000 0.677000 0.300000
v 9.843000 0.641684 0.300000
v 9.843000 0.599722 0.300000
v 9.843000 0.552594 0.300000
v 9.843000 0.501778 0.300000
v 9.843000 0.448754 0.300000
v 9.843000 0.395000 0.300000
v 9.843000 0.341997 0.300000
v 9.843000 0.291222 0.300000
v 9.843000 0.244156 0.300000
v 9.843000 0.202278 0.300000
v 9.843000 0.167066 0.300000
v 9.843000 0.140000 0.300000
v 9.842936 0.126031 0.300000
v 9.842736 0.111250 0.300000
v 9.842390 0.095844 0.300000
v 9.841888 0.080000 0.300000
v 9.841221 0.063906 0.300000
v 9.840375 0.047750 0.300000
v 9.839342 0.031719 0.300000
v 9.838111 0.016000 0.300000
v 9.836672 0.000781 0.300000
v 9.835014 -0.013750 0.300000
v 9.833127 -0.027406 0.300000
v 9.831000 -0.040000 0.300000
v 10.092000 -0.040000 0.300000
v 10.090563 -0.025967 0.300000
v 10.089250 -0.010986 0.300000
v 10.088062 0.004766 0.300000
v 10.087000 0.021111 0.300000
v 10.086062 0.037873 0.300000
v 10.085250 0.054875 0.300000
v 10.084562 0.071939 0.300000
v 10.084000 0.088889 0.300000
v 10.083563 0.105547 0.300000
v 10.083250 0.121736 0.300000
v 10.083062 0.137280 0.300000
v 10.083000 0.152000 0.300000
v 10.083000 0.180550 0.300000
v 10.083000 0.217153 0.300000
v 10.083000 0.260234 0.300000
v 10.083000 0.308222 0.300000
v 10.083000 0.359543 0.300000
v 10.083000 0.412625 0.300000
v 10.083000 0.465894 0.300000
v 10.083000 0.517778 0.300000
v 10.083000 0.566703 0.300000
v 10.083000 0.611097 0.300000
v 10.083000 0.649387 0.300000
v 10.083000 0.680000 0.300000
v 10.083005 0.696519 0.300000
v 10.083041 0.714403 0.300000
v 10.083140 0.733391 0.300000
v 10.083333 0.753222 0.300000
v 10.083651 0.773637 0.300000
v 10.084125 0.794375 0.300000
v 10.084786 0.815176 0.300000
v 10.085667 0.835778 0.300000
v 10.086797 0.855922 0.300000
v 10.088208 0.875347 0.300000
v 10.089932 0.893794 0.300000
v 10.092000 0.911000 0.300000
v 10.070240 0.908873 0.300000
v 10.048417 0.906986 0.300000
v 10.026468 0.905328 0.300000
v 10.004333 0.903889 0.300000
v 9.981948 0.902658 0.300000
v 9.959249 0.901625 0.300000
v 9.936177 0.900780 0.300000
v 9.912666 0.900111 0.300000
v 9.888657 0.899609 0.300000
v 9.864083 0.899264 0.300000
v 9.838885 0.899064 0.300000
v 9.813000 0.899000 0.300000
v 9.150000 0.899000 0.300000
v 9.150000 1.178000 0.300000
v 9.150066 1.193886 0.300000
v 9.150278 1.210083 0.300000
v 9.150656 1.226656 0.300000
v 9.151222 1.243667 0.300000
v 9.151997 1.261177 0.300000
v 9.153000 1.279250 0.300000
v 9.154253 1.297948 0.300000
v 9.155778 1.317333 0.300000
v 9.157594 1.337469 0.300000
v 9.159722 1.358417 0.300000
v 9.162184 1.380240 0.300000
v 9.165000 1.403000 0.300000
v 8.877000 1.403000 0.300000
v 8.880506 1.380239 0.300000
v 8.883542 1.358417 0.300000
v 8.886141 1.337469 0.300000
v 8.888333 1.317333 0.300000
v 8.890151 1.297948 0.300000
v 8.891625 1.279250 0.300000
v 8.892786 1.261177 0.300000
v 8.893667 1.243667 0.300000
v 8.894297 1.226656 0.300000
v 8.894709 1.210083 0.300000
v 8.894932 1.193886 0.300000
v 8.895000 1.178000 0.300000
v 8.895000 0.899000 0.300000
v 8.223000 0.899000 0.300000
v 8.196354 0.899186 0.300000
v 8.171833 0.899736 0.300000
v 8.149312 0.900641 0.300000
v 8.128666 0.901889 0.300000
v 8.109771 0.903471 0.300000
v 8.092500 0.905375 0.300000
v 8.076729 0.907592 0.300000
v 8.062333 0.910111 0.300000
v 8.049187 0.912922 0.300000
v 8.037167 0.916014 0.300000
v 8.026146 0.919377 0.300000
v 8.016000 0.923000 0.300000
v 7.854000 0.821000 0.300000
v 7.857807 0.809094 0.300000
v 7.861709 0.796000 0.300000
v 7.865672 0.781906 0.300000
v 7.869667 0.767000 0.300000
v 7.873662 0.751469 0.300000
v 7.877625 0.735500 0.300000
v 7.881526 0.719281 0.300000
v 7.885333 0.703000 0.300000
v 7.889016 0.686844 0.300000
v 7.892542 0.671000 0.300000
v 7.895880 0.655656 0.300000
v 7.899000 0.641000 0.300000
v 7.909769 0.578316 0.300000
v 7.909769 0.578316 -0.300000
v 7.922653 0.510778 0.300000
v 7.922653 0.510778 -0.300000
v 7.937766 0.439156 0.300000
v 7.937766 0.439156 -0.300000
v 7.955222 0.364222 0.300000
v 7.955222 0.364222 -0.300000
v 7.975137 0.286746 0.300000
v 7.975137 0.286746 -0.300000
v 7.997625 0.207500 0.300000
v 7.997625 0.207500 -0.300000
v 8.022800 0.127253 0.300000
v 8.022800 0.127253 -0.300000
v 8.050777 0.046778 0.300000
v 8.050777 0.046778 -0.300000
v 8.081672 -0.033156 0.300000
v 8.081672 -0.033156 -0.300000
v 8.115597 -0.111778 0.300000
v 8.115597 -0.111778 -0.300000
v 8.152668 -0.188316 0.300000
v 8.152668 -0.188316 -0.300000
v 8.193000 -0.262000 0.300000
v 8.193000 -0.262000 -0.300000
v 8.253157 -0.358398 0.300000
v 8.253157 -0.358398 -0.300000
v 8.321000 -0.450931 0.300000
v 8.321000 -0.450931 -0.300000
v 8.396343 -0.539359 0.300000
v 8.396343 -0.539359 -0.300000
v 8.479000 -0.623444 0.300000
v 8.479000 -0.623444 -0.300000
v 8.568781 -0.702946 0.300000
v 8.568781 -0.702946 -0.300000
v 8.665500 -0.777625 0.300000
v 8.665500 -0.777625 -0.300000
v 8.768969 -0.847241 0.300000
v 8.768969 -0.847241 -0.300000
v 8.879000 -0.911556 0.300000
v 8.879000 -0.911556 -0.300000
v 8.995406 -0.970328 0.300000
v 8.995406 -0.970328 -0.300000
v 9.118000 -1.023319 0.300000
v 9.118000 -1.023319 -0.300000
v 9.246593 -1.070290 0.300000
v 9.246593 -1.070290 -0.300000
v 9.381000 -1.111000 0.300000
v 9.381000 -1.111000 -0.300000
v 9.576000 -0.886000 0.300000
v 9.576000 -0.886000 -0.300000
v 9.550267 -0.881884 0.300000
v 9.550267 -0.881884 -0.300000
v 9.524138 -0.877069 0.300000
v 9.524138 -0.877069 -0.300000
v 9.497719 -0.871609 0.300000
v 9.497719 -0.871609 -0.300000
v 9.471111 -0.865556 0.300000
v 9.471111 -0.865556 -0.300000
v 9.444420 -0.858960 0.300000
v 9.444420 -0.858960 -0.300000
v 9.417749 -0.851875 0.300000
v 9.417749 -0.851875 -0.300000
v 9.391205 -0.844352 0.300000
v 9.391205 -0.844352 -0.300000
v 9.364889 -0.836444 0.300000
v 9.364889 -0.836444 -0.300000
v 9.338906 -0.828203 0.300000
v 9.338906 -0.828203 -0.300000
v 9.313361 -0.819681 0.300000
v 9.313361 -0.819681 -0.300000
v 9.288358 -0.810929 0.300000
v 9.288358 -0.810929 -0.300000
v 9.264000 -0.802000 0.300000
v 9.264000 -0.802000 -0.300000
v 9.188478 -0.775411 0.300000
v 9.188478 -0.775411 -0.300000
v 9.112319 -0.743792 0.300000
v 9.112319 -0.743792 -0.300000
v 9.036140 -0.707359 0.300000
v 9.036140 -0.707359 -0.300000
v 8.960555 -0.666333 0.300000
v 8.960555 -0.666333 -0.300000
v 8.886179 -0.620932 0.300000
v 8.886179 -0.620932 -0.300000
v 8.813624 -0.571375 0.300000
v 8.813624 -0.571375 -0.300000
v 8.743508 -0.517880 0.300000
v 8.743508 -0.517880 -0.300000
v 8.676444 -0.460667 0.300000
v 8.676444 -0.460667 -0.300000
v 8.613047 -0.399953 0.300000
v 8.613047 -0.399953 -0.300000
v 8.553930 -0.335958 0.300000
v 8.553930 -0.335958 -0.300000
v 8.499710 -0.268901 0.300000
v 8.499710 -0.268901 -0.300000
v 8.451000 -0.199000 0.300000
v 8.451000 -0.199000 -0.300000
v 8.411877 -0.133123 0.300000
v 8.411877 -0.133123 -0.300000
v 8.375513 -0.063486 0.300000
v 8.375513 -0.063486 -0.300000
v 8.341922 0.009172 0.300000
v 8.341922 0.009172 -0.300000
v 8.311111 0.084111 0.300000
v 8.311111 0.084111 -0.300000
v 8.283092 0.160592 0.300000
v 8.283092 0.160592 -0.300000
v 8.257874 0.237875 0.300000
v 8.257874 0.237875 -0.300000
v 8.235470 0.315221 0.300000
v 8.235470 0.315221 -0.300000
v 8.215889 0.391889 0.300000
v 8.215889 0.391889 -0.300000
v 8.199141 0.467141 0.300000
v 8.199141 0.467141 -0.300000
v 8.185236 0.540236 0.300000
v 8.185236 0.540236 -0.300000
v 8.174186 0.610436 0.300000
v 8.174186 0.610436 -0.300000
v 8.166000 0.677000 0.300000
v 8.166000 0.677000 -0.300000
v 9.843000 0.677000 0.300000
v 9.843000 0.677000 -0.300000
v 9.843000 0.641684 0.300000
v 9.843000 0.641684 -0.300000
v 9.843000 0.599722 0.300000
v 9.843000 0.599722 -0.300000
v 9.843000 0.552594 0.300000
v 9.843000 0.552594 -0.300000
v 9.843000 0.501778 0.300000
v 9.843000 0.501778 -0.300000
v 9.843000 0.448754 0.300000
v 9.843000 0.448754 -0.300000
v 9.843000 0.395000 0.300000
v 9.843000 0.395000 -0.300000
v 9.843000 0.341997 0.300000
v 9.843000 0.341997 -0.300000
v 9.843000 0.291222 0.300000
v 9.843000 0.291222 -0.300000
v 9.843000 0.244156 0.300000
v 9.843000 0.244156 -0.300000
v 9.843000 0.202278 0.300000
v 9.843000 0.202278 -0.300000
v 9.843000 0.167066 0.300000
v 9.843000 0.167066 -0.300000
v 9.843000 0.140000 0.300000
v 9.843000 0.140000 -0.300000
v 9.842936 0.126031 0.300000
v 9.842936 0.126031 -0.300000
v 9.842736 0.111250 0.300000
v 9.842736 0.111250 -0.300000
v 9.842390 0.095844 0.300000
v 9.842390 0.095844 -0.300000
v 9.841888 0.080000 0.300000
v 9.841888 0.080000 -0.300000
v 9.841221 0.063906 0.300000
v 9.841221 0.063906 -0.300000
v 9.840375 0.047750 0.300000
v 9.840375 0.047750 -0.300000
v 9.839342 0.031719 0.300000
v 9.839342 0.031719 -0.300000
v 9.838111 0.016000 0.300000
v 9.838111 0.016000 -0.300000
v 9.836672 0.000781 0.300000
v 9.836672 0.000781 -0.300000
v 9.835014 -0.013750 0.300000
v 9.835014 -0.013750 -0.300000
v 9.833127 -0.027406 0.300000
v 9.833127 -0.027406 -0.300000
v 9.831000 -0.040000 0.300000
v 9.831000 -0.040000 -0.300000
v 10.092000 -0.040000 0.300000
v 10.092000 -0.040000 -0.300000
v 10.090563 -0.025967 0.300000
v 10.090563 -0.025967 -0.300000
v 10.089250 -0.010986 0.300000
v 10.089250 -0.010986 -0.300000
v 10.088062 0.004766 0.300000
v 10.088062 0.004766 -0.300000
v 10.087000 0.021111 0.300000
v 10.087000 0.021111 -0.300000
v 10.086062 0.037873 0.300000
v 10.086062 0.037873 -0.300000
v 10.085250 0.054875 0.300000
v 10.085250 0.054875 -0.300000
v 10.084562 0.071939 0.300000
v 10.084562 0.071939 -0.300000
v 10.084000 0.088889 0.300000
v 10.084000 0.088889 -0.300000
v 10.083563 0.105547 0.300000
v 10.083563 0.105547 -0.300000
v 10.083250 0.121736 0.300000
v 10.083250 0.121736 -0.300000
v 10.083062 0.137280 0.300000
v 10.083062 0.137280 -0.300000
v 10.083000 0.152000 0.300000
v 10.083000 0.152000 -0.300000
v 10.083000 0.180550 0.300000
v 10.083000 0.180550 -0.300000
v 10.083000 0.217153 0.300000
v 10.083000 0.217153 -0.300000
v 10.083000 0.260234 0.300000
v 10.083000 0.260234 -0.300000
v 10.083000 0.308222 0.300000
v 10.083000 0.308222 -0.300000
v 10.083000 0.359543 0.300000
v 10.083000 0.359543 -0.300000
v 10.083000 0.412625 0.300000
v 10.083000 0.412625 -0.300000
v 10.083000 0.465894 0.300000
v 10.083000 0.465894 -0.300000
v 10.083000 0.517778 0.300000
v 10.083000 0.517778 -0.300000
v 10.083000 0.566703 0.300000
v 10.083000 0.566703 -0.300000
v 10.083000 0.611097 0.300000
v 10.083000 0.611097 -0.300000
v 10.083000 0.649387 0.300000
v 10.083000 0.649387 -0.300000
v 10.083000 0.680000 0.300000
v 10.083000 0.680000 -0.300000
v 10.083005 0.696519 0.300000
v 10.083005 0.696519 -0.300000
v 10.083041 0.714403 0.300000
v 10.083041 0.714403 -0.300000
v 10.083140 0.733391 0.300000
v 10.083140 0.733391 -0.300000
v 10.083333 0.753222 0.300000
v 10.083333 0.753222 -0.300000
v 10.083651 0.773637 0.300000
v 10.083651 0.773637 -0.300000
v 10.084125 0.794375 0.300000
v 10.084125 0.794375 -0.300000
v 10.084786 0.815176 0.300000
v 10.084786 0.815176 -0.300000
v 10.085667 0.835778 0.300000
v 10.085667 0.835778 -0.300000
v 10.086797 0.855922 0.300000
v 10.086797 0.855922 -0.300000
v 10.088208 0.875347 0.300000
v 10.088208 0.875347 -0.300000
v 10.089932 0.893794 0.300000
v 10.089932 0.893794 -0.300000
v 10.092000 0.911000 0.300000
v 10.092000 0.911000 -0.300000
v 10.070240 0.908873 0.300000
v 10.070239 0.908873 -0.300000
v 10.048417 0.906986 0.300000
v 10.048416 0.906986 -0.300000
v 10.026468 0.905328 0.300000
v 10.026468 0.905328 -0.300000
v 10.004333 0.903889 0.300000
v 10.004333 0.903889 -0.300000
v 9.981948 0.902658 0.300000
v 9.981948 0.902658 -0.300000
v 9.959249 0.901625 0.300000
v 9.959249 0.901625 -0.300000
v 9.936177 0.900780 0.300000
v 9.936177 0.900780 -0.300000
v 9.912666 0.900111 0.300000
v 9.912666 0.900111 -0.300000
v 9.888657 0.899609 0.300000
v 9.888657 0.899609 -0.300000
v 9.864083 0.899264 0.300000
v 9.864083 0.899264 -0.300000
v 9.838885 0.899064 0.300000
v 9.838885 0.899064 -0.300000
v 9.813000 0.899000 0.300000
v 9.813000 0.899000 -0.300000
v 9.150000 0.899000 0.300000
v 9.150000 0.899000 -0.300000
v 9.150000 1.178000 0.300000
v 9.150000 1.178000 -0.300000
v 9.150066 1.193886 0.300000
v 9.150066 1.193886 -0.300000
v 9.150278 1.210083 0.300000
v 9.150278 1.210083 -0.300000
v 9.150656 1.226656 0.300000
v 9.150656 1.226656 -0.300000
v 9.151222 1.243667 0.300000
v 9.151222 1.243667 -0.300000
v 9.151997 1.261177 0.300000
v 9.151997 1.261177 -0.300000
v 9.153000 1.279250 0.300000
v 9.153000 1.279250 -0.300000
v 9.154253 1.297948 0.300000
v 9.154253 1.297948 -0.300000
v 9.155778 1.317333 0.300000
v 9.155778 1.317333 -0.300000
v 9.157594 1.337469 0.300000
v 9.157594 1.337469 -0.300000
v 9.159722 1.358417 0.300000
v 9.159722 1.358417 -0.300000
v 9.162184 1.380240 0.300000
v 9.162184 1.380240 -0.300000
v 9.165000 1.403000 0.300000
v 9.165000 1.403000 -0.300000
v 8.877000 1.403000 0.300000
v 8.877000 1.403000 -0.300000
v 8.880506 1.380239 0.300000
v 8.880506 1.380239 -0.300000
v 8.883542 1.358417 0.300000
v 8.883542 1.358417 -0.300000
v 8.886141 1.337469 0.300000
v 8.886141 1.337469 -0.300000
v 8.888333 1.317333 0.300000
v 8.888333 1.317333 -0.300000
v 8.890151 1.297948 0.300000
v 8.890151 1.297948 -0.300000
v 8.891625 1.279250 0.300000
v 8.891625 1.279250 -0.300000
v 8.892786 1.261177 0.300000
v 8.892786 1.261177 -0.300000
v 8.893667 1.243667 0.300000
v 8.893667 1.243667 -0.300000
v 8.894297 1.226656 0.300000
v 8.894297 1.226656 -0.300000
v 8.894709 1.210083 0.300000
v 8.894709 1.210083 -0.300000
v 8.894932 1.193886 0.300000
v 8.894932 1.193886 -0.300000
v 8.895000 1.178000 0.300000
v 8.895000 1.178000 -0.300000
v 8.895000 0.899000 0.300000
v 8.895000 0.899000 -0.300000
v 8.223000 0.899000 0.300000
v 8.223000 0.899000 -0.300000
v 8.196354 0.899186 0.300000
v 8.196354 0.899186 -0.300000
v 8.171833 0.899736 0.300000
v 8.171833 0.899736 -0.300000
v 8.149312 0.900641 0.300000
v 8.149312 0.900641 -0.300000
v 8.128666 0.901889 0.300000
v 8.128666 0.901889 -0.300000
v 8.109771 0.903471 0.300000
v 8.109771 0.903471 -0.300000
v 8.092500 0.905375 0.300000
v 8.092500 0.905375 -0.300000
v 8.076729 0.907592 0.300000
v 8.076729 0.907592 -0.300000
v 8.062333 0.910111 0.300000
v 8.062333 0.910111 -0.300000
v 8.049187 0.912922 0.300000
v 8.049187 0.912922 -0.300000
v 8.037167 0.916014 0.300000
v 8.037167 0.916014 -0.300000
v 8.026146 0.919377 0.300000
v 8.026146 0.919377 -0.300000
v 8.016000 0.923000 0.300000
v 8.016000 0.923000 -0.300000
v 7.854000 0.821000 0.300000
v 7.854000 0.821000 -0.300000
v 7.857807 0.809094 0.300000
v 7.857807 0.809094 -0.300000
v 7.861709 0.796000 0.300000
v 7.861709 0.796000 -0.300000
v 7.865672 0.781906 0.300000
v 7.865672 0.781906 -0.300000
v 7.869667 0.767000 0.300000
v 7.869667 0.767000 -0.300000
v 7.873662 0.751469 0.300000
v 7.873662 0.751469 -0.300000
v 7.877625 0.735500 0.300000
v 7.877625 0.735500 -0.300000
v 7.881526 0.719281 0.300000
v 7.881526 0.719281 -0.300000
v 7.885333 0.703000 0.300000
v 7.885333 0.703000 -0.300000
v 7.889016 0.686844 0.300000
v 7.889016 0.686844 -0.300000
v 7.892542 0.671000 0.300000
v 7.892542 0.671000 -0.300000
v 7.895880 0.655656 0.300000
v 7.895880 0.655656 -0.300000
v 7.899000 0.641000 0.300000
v 7.899000 0.641000 -0.300000
v 6.129000 -0.784000 0.300000
v 6.129000 -0.784000 -0.300000
v 6.129000 0.320000 0.300000
v 6.129000 0.320000 -0.300000
v 6.681000 0.320000 0.300000
v 6.681000 0.320000 -0.300000
v 6.693953 0.319938 0.300000
v 6.693953 0.319938 -0.300000
v 6.708625 0.319750 0.300000
v 6.708625 0.319750 -0.300000
v 6.724734 0.319438 0.300000
v 6.724734 0.319438 -0.300000
v 6.742000 0.319000 0.300000
v 6.742000 0.319000 -0.300000
v 6.760140 0.318438 0.300000
v 6.760140 0.318438 -0.300000
v 6.778875 0.317750 0.300000
v 6.778875 0.317750 -0.300000
v 6.797922 0.316938 0.300000
v 6.797922 0.316938 -0.300000
v 6.817000 0.316000 0.300000
v 6.817000 0.316000 -0.300000
v 6.835828 0.314937 0.300000
v 6.835828 0.314937 -0.300000
v 6.854125 0.313750 0.300000
v 6.854125 0.313750 -0.300000
v 6.871609 0.312438 0.300000
v 6.871609 0.312438 -0.300000
v 6.888000 0.311000 0.300000
v 6.888000 0.311000 -0.300000
v 6.888000 0.551000 0.300000
v 6.888000 0.551000 -0.300000
v 6.871610 0.548873 0.300000
v 6.871610 0.548873 -0.300000
v 6.854125 0.546986 0.300000
v 6.854125 0.546986 -0.300000
v 6.835828 0.545328 0.300000
v 6.835828 0.545328 -0.300000
v 6.817000 0.543889 0.300000
v 6.817000 0.543889 -0.300000
v 6.797922 0.542658 0.300000
v 6.797922 0.542658 -0.300000
v 6.778875 0.541625 0.300000
v 6.778875 0.541625 -0.300000
v 6.760141 0.540780 0.300000
v 6.760141 0.540780 -0.300000
v 6.742000 0.540111 0.300000
v 6.742000 0.540111 -0.300000
v 6.724735 0.539609 0.300000
v 6.724735 0.539609 -0.300000
v 6.708625 0.539264 0.300000
v 6.708625 0.539264 -0.300000
v 6.693954 0.539064 0.300000
v 6.693954 0.539064 -0.300000
v 6.681000 0.539000 0.300000
v 6.681000 0.539000 -0.300000
v 5.301000 0.539000 0.300000
v 5.301000 0.539000 -0.300000
v 5.282257 0.539121 0.300000
v 5.282257 0.539121 -0.300000
v 5.263556 0.539472 0.300000
v 5.263556 0.539472 -0.300000
v 5.244937 0.540031 0.300000
v 5.244937 0.540031 -0.300000
v 5.226444 0.540778 0.300000
v 5.226444 0.540778 -0.300000
v 5.208118 0.541691 0.300000
v 5.208118 0.541691 -0.300000
v 5.190000 0.542750 0.300000
v 5.190000 0.542750 -0.300000
v 5.172132 0.543934 0.300000
v 5.172132 0.543934 -0.300000
v 5.154555 0.545222 0.300000
v 5.154555 0.545222 -0.300000
v 5.137312 0.546594 0.300000
v 5.137312 0.546594 -0.300000
v 5.120444 0.548028 0.300000
v 5.120444 0.548028 -0.300000
v 5.103993 0.549504 0.300000
v 5.103993 0.549504 -0.300000
v 5.088000 0.551000 0.300000
v 5.088000 0.551000 -0.300000
v 5.088000 0.311000 0.300000
v 5.088000 0.311000 -0.300000
v 5.104738 0.312438 0.300000
v 5.104738 0.312438 -0.300000
v 5.121902 0.313750 0.300000
v 5.121902 0.313750 -0.300000
v 5.139422 0.314937 0.300000
v 5.139422 0.314937 -0.300000
v 5.157222 0.316000 0.300000
v 5.157222 0.316000 -0.300000
v 5.175231 0.316938 0.300000
v 5.175231 0.316938 -0.300000
v 5.193375 0.317750 0.300000
v 5.193375 0.317750 -0.300000
v 5.211581 0.318438 0.300000
v 5.211581 0.318438 -0.300000
v 5.229777 0.319000 0.300000
v 5.229777 0.319000 -0.300000
v 5.247890 0.319438 0.300000
v 5.247890 0.319438 -0.300000
v 5.265847 0.319750 0.300000
v 5.265847 0.319750 -0.300000
v 5.283575 0.319938 0.300000
v 5.283575 0.319938 -0.300000
v 5.301000 0.320000 0.300000
v 5.301000 0.320000 -0.300000
v 5.886000 0.320000 0.300000
v 5.886000 0.320000 -0.300000
v 5.886000 -0.784000 0.300000
v 5.886000 -0.784000 -0.300000
v 5.160000 -0.784000 0.300000
v 5.160000 -0.784000 -0.300000
v 5.142066 -0.783877 0.300000
v 5.142066 -0.783877 -0.300000
v 5.124278 -0.783514 0.300000
v 5.124278 -0.783514 -0.300000
v 5.106656 -0.782922 0.300000
v 5.106656 -0.782922 -0.300000
v 5.089222 -0.782111 0.300000
v 5.089222 -0.782111 -0.300000
v 5.071997 -0.781092 0.300000
v 5.071997 -0.781092 -0.300000
v 5.055000 -0.779875 0.300000
v 5.055000 -0.779875 -0.300000
v 5.038253 -0.778470 0.300000
v 5.038253 -0.778471 -0.300000
v 5.021778 -0.776889 0.300000
v 5.021778 -0.776889 -0.300000
v 5.005593 -0.775141 0.300000
v 5.005593 -0.775141 -0.300000
v 4.989722 -0.773236 0.300000
v 4.989722 -0.773236 -0.300000
v 4.974184 -0.771186 0.300000
v 4.974184 -0.771186 -0.300000
v 4.959000 -0.769000 0.300000
v 4.959000 -0.769000 -0.300000
v 4.959000 -1.021000 0.300000
v 4.959000 -1.021000 -0.300000
v 4.974642 -1.019562 0.300000
v 4.974642 -1.019562 -0.300000
v 4.991388 -1.018250 0.300000
v 4.991388 -1.018250 -0.300000
v 5.008968 -1.017063 0.300000
v 5.008968 -1.017063 -0.300000
v 5.027111 -1.016000 0.300000
v 5.027111 -1.016000 -0.300000
v 5.045545 -1.015062 0.300000
v 5.045545 -1.015063 -0.300000
v 5.064000 -1.014250 0.300000
v 5.064000 -1.014250 -0.300000
v 5.082205 -1.013562 0.300000
v 5.082205 -1.013563 -0.300000
v 5.099889 -1.013000 0.300000
v 5.099889 -1.013000 -0.300000
v 5.116781 -1.012563 0.300000
v 5.116781 -1.012563 -0.300000
v 5.132611 -1.012250 0.300000
v 5.132611 -1.012250 -0.300000
v 5.147108 -1.012062 0.300000
v 5.147108 -1.012063 -0.300000
v 5.160000 -1.012000 0.300000
v 5.160000 -1.012000 -0.300000
v 6.819000 -1.012000 0.300000
v 6.819000 -1.012000 -0.300000
v 6.835740 -1.012062 0.300000
v 6.835740 -1.012063 -0.300000
v 6.852917 -1.012250 0.300000
v 6.852917 -1.012250 -0.300000
v 6.870469 -1.012563 0.300000
v 6.870469 -1.012563 -0.300000
v 6.888333 -1.013000 0.300000
v 6.888333 -1.013000 -0.300000
v 6.906448 -1.013562 0.300000
v 6.906448 -1.013563 -0.300000
v 6.924750 -1.014250 0.300000
v 6.924750 -1.014250 -0.300000
v 6.943177 -1.015062 0.300000
v 6.943177 -1.015063 -0.300000
v 6.961667 -1.016000 0.300000
v 6.961667 -1.016000 -0.300000
v 6.980156 -1.017063 0.300000
v 6.980156 -1.017063 -0.300000
v 6.998584 -1.018250 0.300000
v 6.998584 -1.018250 -0.300000
v 7.016886 -1.019562 0.300000
v 7.016886 -1.019562 -0.300000
v 7.035000 -1.021000 0.300000
v 7.035000 -1.021000 -0.300000
v 7.035000 -0.769000 0.300000
v 7.035000 -0.769000 -0.300000
v 7.017573 -0.771186 0.300000
v 7.017573 -0.771186 -0.300000
v 6.999834 -0.773236 0.300000
v 6.999834 -0.773236 -0.300000
v 6.981844 -0.775141 0.300000
v 6.981844 -0.775141 -0.300000
v 6.963666 -0.776889 0.300000
v 6.963666 -0.776889 -0.300000
v 6.945364 -0.778470 0.300000
v 6.945364 -0.778471 -0.300000
v 6.927000 -0.779875 0.300000
v 6.927000 -0.779875 -0.300000
v 6.908636 -0.781092 0.300000
v 6.908636 -0.781092 -0.300000
v 6.890334 -0.782111 0.300000
v 6.890334 -0.782111 -0.300000
v 6.872156 -0.782922 0.300000
v 6.872156 -0.782922 -0.300000
v 6.854167 -0.783514 0.300000
v 6.854167 -0.783514 -0.300000
v 6.836427 -0.783877 0.300000
v 6.836427 -0.783877 -0.300000
v 6.819000 -0.784000 0.300000
v 6.819000 -0.784000 -0.300000
v 1.767000 1.103000 0.300001
v 1.767000 1.103000 -0.299999
v 1.784158 1.134684 0.300001
v 1.784158 1.134684 -0.299999
v 1.802513 1.167972 0.300001
v 1.802513 1.167972 -0.299999
v 1.821890 1.202469 0.300001
v 1.821890 1.202469 -0.299999
v 1.842111 1.237778 0.300001
v 1.842111 1.237778 -0.299999
v 1.862997 1.273504 0.300001
v 1.862997 1.273504 -0.299999
v 1.884375 1.309250 0.300001
v 1.884375 1.309250 -0.299999
v 1.906063 1.344622 0.300001
v 1.906063 1.344622 -0.299999
v 1.927888 1.379222 0.300001
v 1.927888 1.379222 -0.299999
v 1.949671 1.412656 0.300001
v 1.949671 1.412656 -0.299999
v 1.971235 1.444528 0.300001
v 1.971235 1.444528 -0.299999
v 1.992404 1.474441 0.300001
v 1.992404 1.474441 -0.299999
v 2.013000 1.502000 0.300001
v 2.013000 1.502000 -0.299999
v 1.848000 1.571000 0.300001
v 1.848000 1.571000 -0.299999
v 1.828608 1.543958 0.300001
v 1.828608 1.543958 -0.299999
v 1.808111 1.514167 0.300001
v 1.808111 1.514167 -0.299999
v 1.786781 1.482125 0.300001
v 1.786781 1.482125 -0.299999
v 1.764889 1.448334 0.300001
v 1.764889 1.448334 -0.299999
v 1.742704 1.413292 0.300001
v 1.742704 1.413292 -0.299999
v 1.720500 1.377500 0.300001
v 1.720500 1.377500 -0.299999
v 1.698545 1.341458 0.300001
v 1.698545 1.341458 -0.299999
v 1.677111 1.305667 0.300001
v 1.677111 1.305667 -0.299999
v 1.656468 1.270625 0.300001
v 1.656468 1.270625 -0.299999
v 1.636889 1.236833 0.300001
v 1.636889 1.236833 -0.299999
v 1.618643 1.204792 0.300001
v 1.618643 1.204792 -0.299999
v 1.601999 1.175000 0.300001
v 1.601999 1.175000 -0.299999
v 2.025133 0.720948 0.300001
v 2.025133 0.720948 -0.299999
v 2.046569 0.633083 0.300001
v 2.046569 0.633083 -0.299999
v 2.071360 0.540594 0.300001
v 2.071360 0.540594 -0.299999
v 2.099555 0.444667 0.300001
v 2.099555 0.444667 -0.299999
v 2.131209 0.346490 0.300001
v 2.131209 0.346490 -0.299999
v 2.166374 0.247250 0.300001
v 2.166374 0.247250 -0.299999
v 2.205102 0.148135 0.300001
v 2.205102 0.148135 -0.299999
v 2.247444 0.050333 0.300001
v 2.247444 0.050333 -0.299999
v 2.293452 -0.044969 0.300001
v 2.293452 -0.044969 -0.299999
v 2.343180 -0.136583 0.300001
v 2.343180 -0.136583 -0.299999
v 2.396678 -0.223323 0.300001
v 2.396678 -0.223323 -0.299999
v 2.454000 -0.304000 0.300001
v 2.454000 -0.304000 -0.299999
v 2.524750 -0.390229 0.300001
v 2.524750 -0.390229 -0.299999
v 2.599262 -0.473333 0.300001
v 2.599262 -0.473333 -0.299999
v 2.677920 -0.553187 0.300001
v 2.677920 -0.553187 -0.299999
v 2.761109 -0.629667 0.300001
v 2.761109 -0.629667 -0.299999
v 2.849216 -0.702646 0.300001
v 2.849216 -0.702646 -0.299999
v 2.942624 -0.772000 0.300001
v 2.942624 -0.772000 -0.299999
v 3.041719 -0.837604 0.300001
v 3.041719 -0.837604 -0.299999
v 3.146888 -0.899333 0.300001
v 3.146888 -0.899333 -0.299999
v 3.258515 -0.957062 0.300001
v 3.258515 -0.957063 -0.299999
v 3.376986 -1.010667 0.300001
v 3.376986 -1.010667 -0.299999
v 3.502686 -1.060021 0.300001
v 3.502686 -1.060021 -0.299999
v 3.636000 -1.105000 0.300001
v 3.636000 -1.105000 -0.299999
v 3.840000 -0.880000 0.300001
v 3.840000 -0.880000 -0.299999
v 3.699531 -0.841713 0.300001
v 3.699531 -0.841713 -0.299999
v 3.568750 -0.798958 0.300001
v 3.568750 -0.798958 -0.299999
v 3.447093 -0.751891 0.300001
v 3.447093 -0.751891 -0.299999
v 3.334000 -0.700667 0.300001
v 3.334000 -0.700667 -0.299999
v 3.228906 -0.645443 0.300001
v 3.228906 -0.645443 -0.299999
v 3.131249 -0.586375 0.300001
v 3.131249 -0.586375 -0.299999
v 3.040468 -0.523620 0.300001
v 3.040468 -0.523620 -0.299999
v 2.955999 -0.457333 0.300001
v 2.955999 -0.457333 -0.299999
v 2.877281 -0.387672 0.300001
v 2.877281 -0.387672 -0.299999
v 2.803750 -0.314792 0.300001
v 2.803750 -0.314792 -0.299999
v 2.734843 -0.238849 0.300001
v 2.734843 -0.238849 -0.299999
v 2.670000 -0.160000 0.300001
v 2.670000 -0.160000 -0.299999
v 2.618324 -0.088908 0.300001
v 2.618324 -0.088908 -0.299999
v 2.569847 -0.012764 0.300001
v 2.569847 -0.012764 -0.299999
v 2.524640 0.067484 0.300001
v 2.524640 0.067484 -0.299999
v 2.482778 0.150889 0.300001
v 2.482778 0.150889 -0.299999
v 2.444331 0.236502 0.300001
v 2.444331 0.236502 -0.299999
v 2.409374 0.323375 0.300001
v 2.409374 0.323375 -0.299999
v 2.377981 0.410561 0.300001
v 2.377981 0.410561 -0.299999
v 2.350222 0.497111 0.300001
v 2.350222 0.497111 -0.299999
v 2.326171 0.582078 0.300001
v 2.326171 0.582078 -0.299999
v 2.305902 0.664514 0.300001
v 2.305902 0.664514 -0.299999
v 2.289487 0.743471 0.300001
v 2.289487 0.743471 -0.299999
v 2.276999 0.818000 0.300001
v 2.276999 0.818000 -0.299999
v 2.340452 0.818000 0.300001
v 2.340452 0.818000 -0.299999
v 2.439112 0.818000 0.300001
v 2.439112 0.818000 -0.299999
v 2.565938 0.818000 0.300001
v 2.565938 0.818000 -0.299999
v 2.713889 0.818000 0.300001
v 2.713889 0.818000 -0.299999
v 2.875924 0.818000 0.300001
v 2.875924 0.818000 -0.299999
v 3.045000 0.818000 0.300001
v 3.045000 0.818000 -0.299999
v 3.214077 0.818000 0.300001
v 3.214077 0.818000 -0.299999
v 3.376112 0.818000 0.300001
v 3.376112 0.818000 -0.299999
v 3.524063 0.818000 0.300001
v 3.524063 0.818000 -0.299999
v 3.650889 0.818000 0.300001
v 3.650889 0.818000 -0.300000
v 3.749549 0.818000 0.300001
v 3.749549 0.818000 -0.300000
v 3.813000 0.818000 0.300001
v 3.813000 0.818000 -0.300000
v 3.841990 0.817880 0.300001
v 3.841990 0.817880 -0.300000
v 3.870417 0.817542 0.300001
v 3.870417 0.817542 -0.300000
v 3.898219 0.817016 0.300001
v 3.898219 0.817016 -0.300000
v 3.925333 0.816333 0.300001
v 3.925333 0.816333 -0.300000
v 3.951698 0.815526 0.300001
v 3.951698 0.815526 -0.300000
v 3.977250 0.814625 0.300000
v 3.977250 0.814625 -0.300000
v 4.001926 0.813661 0.300000
v 4.001926 0.813661 -0.300000
v 4.025666 0.812667 0.300000
v 4.025666 0.812667 -0.300000
v 4.048406 0.811672 0.300000
v 4.048406 0.811672 -0.300000
v 4.070083 0.810709 0.300000
v 4.070083 0.810709 -0.300000
v 4.090635 0.809808 0.300000
v 4.090635 0.809808 -0.300000
v 4.110000 0.809000 0.300000
v 4.110000 0.809000 -0.300000
v 4.110000 1.076000 0.300000
v 4.110000 1.076000 -0.300000
v 4.088972 1.073066 0.300000
v 4.088972 1.073066 -0.300000
v 4.066527 1.070278 0.300000
v 4.066527 1.070278 -0.300000
v 4.042874 1.067656 0.300000
v 4.042874 1.067656 -0.300000
v 4.018222 1.065222 0.300000
v 4.018222 1.065222 -0.300000
v 3.992777 1.062997 0.300000
v 3.992777 1.062997 -0.300000
v 3.966750 1.061000 0.300000
v 3.966750 1.061000 -0.300000
v 3.940347 1.059254 0.300000
v 3.940347 1.059254 -0.300000
v 3.913777 1.057778 0.300000
v 3.913777 1.057778 -0.300000
v 3.887250 1.056594 0.300000
v 3.887250 1.056594 -0.300000
v 3.860972 1.055722 0.300000
v 3.860972 1.055722 -0.300000
v 3.835153 1.055184 0.300001
v 3.835153 1.055184 -0.300000
v 3.810000 1.055000 0.300001
v 3.810000 1.055000 -0.300000
v 3.747083 1.055000 0.300001
v 3.747083 1.055000 -0.300000
v 3.648667 1.055000 0.300001
v 3.648667 1.055000 -0.300000
v 3.522000 1.055000 0.300001
v 3.522000 1.055000 -0.300000
v 3.374333 1.055000 0.300001
v 3.374333 1.055000 -0.299999
v 3.212916 1.055000 0.300001
v 3.212916 1.055000 -0.299999
v 3.045000 1.055000 0.300001
v 3.045000 1.055000 -0.299999
v 2.877833 1.055000 0.300001
v 2.877833 1.055000 -0.299999
v 2.718666 1.055000 0.300001
v 2.718666 1.055000 -0.299999
v 2.574750 1.055000 0.300001
v 2.574750 1.055000 -0.299999
v 2.453333 1.055000 0.300001
v 2.453333 1.055000 -0.299999
v 2.361667 1.055000 0.300001
v 2.361667 1.055000 -0.299999
v 2.307000 1.055000 0.300001
v 2.307000 1.055000 -0.299999
v 2.297187 1.055005 0.300001
v 2.297187 1.055005 -0.299999
v 2.287237 1.055042 0.300001
v 2.287237 1.055042 -0.299999
v 2.277142 1.055141 0.300001
v 2.277142 1.055141 -0.299999
v 2.266890 1.055334 0.300001
v 2.266890 1.055334 -0.299999
v 2.256471 1.055651 0.300001
v 2.256471 1.055651 -0.299999
v 2.245875 1.056125 0.300001
v 2.245875 1.056125 -0.299999
v 2.235092 1.056787 0.300001
v 2.235092 1.056787 -0.299999
v 2.224112 1.057667 0.300001
v 2.224112 1.057667 -0.299999
v 2.212922 1.058797 0.300001
v 2.212922 1.058797 -0.299999
v 2.201513 1.060209 0.300001
v 2.201513 1.060209 -0.299999
v 2.189877 1.061933 0.300001
v 2.189877 1.061933 -0.299999
v 2.177999 1.064000 0.300001
v 2.177999 1.064000 -0.299999
v 2.194225 1.093828 0.300001
v 2.194225 1.093828 -0.299999
v 2.211306 1.124625 0.300001
v 2.211306 1.124625 -0.299999
v 2.229094 1.156109 0.300001
v 2.229094 1.156109 -0.299999
v 2.247444 1.188000 0.300001
v 2.247444 1.188000 -0.299999
v 2.266212 1.220016 0.300001
v 2.266212 1.220016 -0.299999
v 2.285250 1.251875 0.300001
v 2.285250 1.251875 -0.299999
v 2.304413 1.283297 0.300001
v 2.304413 1.283297 -0.299999
v 2.323555 1.314000 0.300001
v 2.323555 1.314000 -0.299999
v 2.342531 1.343703 0.300001
v 2.342531 1.343703 -0.299999
v 2.361195 1.372125 0.300001
v 2.361195 1.372125 -0.299999
v 2.379399 1.398984 0.300001
v 2.379399 1.398984 -0.299999
v 2.397000 1.424000 0.300001
v 2.397000 1.424000 -0.299999
v 2.232000 1.493000 0.300001
v 2.232000 1.493000 -0.299999
v 2.213988 1.465959 0.300001
v 2.213988 1.465959 -0.299999
v 2.194654 1.436167 0.300001
v 2.194654 1.436167 -0.299999
v 2.174297 1.404125 0.300001
v 2.174297 1.404125 -0.299999
v 2.153222 1.370334 0.300001
v 2.153222 1.370334 -0.299999
v 2.131731 1.335292 0.300001
v 2.131731 1.335292 -0.299999
v 2.110126 1.299500 0.300001
v 2.110126 1.299500 -0.299999
v 2.088707 1.263459 0.300001
v 2.088707 1.263459 -0.299999
v 2.067778 1.227667 0.300001
v 2.067778 1.227667 -0.299999
v 2.047641 1.192625 0.300001
v 2.047641 1.192625 -0.299999
v 2.028597 1.158834 0.300001
v 2.028597 1.158834 -0.299999
v 2.010949 1.126792 0.300001
v 2.010949 1.126792 -0.299999
v 1.995000 1.097000 0.300001
v 1.995000 1.097000 -0.299999
v 2.109000 1.046000 0.300001
v 2.109000 1.046000 -0.299999
v 1.962000 0.953000 0.300001
v 1.962000 0.953000 -0.299999
v 1.967067 0.942372 0.300001
v 1.967067 0.942372 -0.299999
v 1.971791 0.931473 0.300001
v 1.971791 0.931473 -0.299999
v 1.976203 0.920282 0.300001
v 1.976203 0.920282 -0.299999
v 1.980333 0.908778 0.300001
v 1.980333 0.908778 -0.299999
v 1.984213 0.896941 0.300001
v 1.984213 0.896941 -0.299999
v 1.987875 0.884750 0.300001
v 1.987875 0.884750 -0.299999
v 1.991348 0.872184 0.300001
v 1.991348 0.872184 -0.299999
v 1.994666 0.859223 0.300001
v 1.994666 0.859223 -0.299999
v 1.997859 0.845844 0.300001
v 1.997859 0.845844 -0.299999
v 2.000957 0.832028 0.300001
v 2.000957 0.832028 -0.299999
v 2.003994 0.817754 0.300001
v 2.003994 0.817754 -0.299999
v 2.007000 0.803000 0.300001
v 2.007000 0.803000 -0.299999
v 0.249000 1.010000 0.300001
v 0.249000 1.010000 -0.299999
v 0.254246 0.993030 0.300001
v 0.254246 0.993030 -0.299999
v 0.259471 0.975236 0.300001
v 0.259471 0.975236 -0.299999
v 0.264655 0.956797 0.300001
v 0.264655 0.956797 -0.299999
v 0.269776 0.937889 0.300001
v 0.269776 0.937889 -0.299999
v 0.274815 0.918689 0.300001
v 0.274815 0.918689 -0.299999
v 0.279749 0.899375 0.300001
v 0.279749 0.899375 -0.299999
v 0.284558 0.880123 0.300001
v 0.284558 0.880123 -0.299999
v 0.289222 0.861111 0.300001
v 0.289222 0.861111 -0.299999
v 0.293718 0.842516 0.300001
v 0.293718 0.842516 -0.299999
v 0.298028 0.824514 0.300001
v 0.298028 0.824514 -0.299999
v 0.302128 0.807283 0.300001
v 0.302128 0.807283 -0.299999
v 0.306000 0.791000 0.300001
v 0.306000 0.791000 -0.299999
v 0.317099 0.739352 0.300001
v 0.317099 0.739352 -0.299999
v 0.330791 0.678319 0.300001
v 0.330791 0.678319 -0.299999
v 0.346922 0.609266 0.300001
v 0.346922 0.609266 -0.299999
v 0.365334 0.533556 0.300001
v 0.365334 0.533556 -0.299999
v 0.385870 0.452554 0.300001
v 0.385870 0.452554 -0.299999
v 0.408375 0.367625 0.300001
v 0.408375 0.367625 -0.299999
v 0.432693 0.280134 0.300001
v 0.432693 0.280134 -0.299999
v 0.458667 0.191444 0.300001
v 0.458667 0.191444 -0.299999
v 0.486141 0.102922 0.300001
v 0.486141 0.102922 -0.299999
v 0.514958 0.015931 0.300001
v 0.514958 0.015931 -0.299999
v 0.544964 -0.068165 0.300001
v 0.544964 -0.068165 -0.299999
v 0.576000 -0.148000 0.300001
v 0.576000 -0.148000 -0.299999
v 0.604845 -0.217571 0.300001
v 0.604845 -0.217571 -0.299999
v 0.635763 -0.288069 0.300001
v 0.635763 -0.288069 -0.299999
v 0.668577 -0.359172 0.300001
v 0.668577 -0.359172 -0.299999
v 0.703111 -0.430556 0.300001
v 0.703111 -0.430556 -0.299999
v 0.739185 -0.501898 0.300001
v 0.739185 -0.501898 -0.299999
v 0.776625 -0.572875 0.300001
v 0.776625 -0.572875 -0.299999
v 0.815251 -0.643165 0.300001
v 0.815251 -0.643165 -0.299999
v 0.854889 -0.712444 0.300001
v 0.854889 -0.712444 -0.299999
v 0.895359 -0.780391 0.300001
v 0.895359 -0.780391 -0.299999
v 0.936485 -0.846681 0.300001
v 0.936485 -0.846681 -0.299999
v 0.978091 -0.910991 0.300001
v 0.978091 -0.910991 -0.299999
v 1.020000 -0.973000 0.300001
v 1.020000 -0.973000 -0.299999
v 1.275000 -0.865000 0.300001
v 1.275000 -0.865000 -0.299999
v 1.228154 -0.801392 0.300001
v 1.228154 -0.801392 -0.299999
v 1.182236 -0.735389 0.300001
v 1.182236 -0.735389 -0.299999
v 1.137421 -0.667469 0.300001
v 1.137421 -0.667469 -0.299999
v 1.093888 -0.598111 0.300001
v 1.093888 -0.598111 -0.299999
v 1.051813 -0.527795 0.300001
v 1.051813 -0.527795 -0.299999
v 1.011374 -0.457000 0.300001
v 1.011374 -0.457000 -0.299999
v 0.972748 -0.386205 0.300001
v 0.972748 -0.386205 -0.299999
v 0.936111 -0.315889 0.300001
v 0.936111 -0.315889 -0.299999
v 0.901641 -0.246531 0.300001
v 0.901641 -0.246531 -0.299999
v 0.869514 -0.178611 0.300001
v 0.869514 -0.178611 -0.299999
v 0.839908 -0.112608 0.300001
v 0.839908 -0.112608 -0.299999
v 0.813000 -0.049000 0.300001
v 0.813000 -0.049000 -0.299999
v 0.780230 0.031852 0.300001
v 0.780230 0.031852 -0.299999
v 0.748084 0.117820 0.300001
v 0.748084 0.117820 -0.299999
v 0.716813 0.208016 0.300001
v 0.716813 0.208016 -0.299999
v 0.686666 0.301556 0.300001
v 0.686666 0.301556 -0.299999
v 0.657896 0.397554 0.300001
v 0.657896 0.397554 -0.299999
v 0.630750 0.495125 0.300001
v 0.630750 0.495125 -0.299999
v 0.605479 0.593384 0.300001
v 0.605479 0.593384 -0.299999
v 0.582334 0.691445 0.300001
v 0.582334 0.691445 -0.299999
v 0.561563 0.788422 0.300001
v 0.561563 0.788422 -0.299999
v 0.543416 0.883431 0.300001
v 0.543416 0.883431 -0.299999
v 0.528146 0.975585 0.300001
v 0.528146 0.975585 -0.299999
v 0.516000 1.064000 0.300001
v 0.516000 1.064000 -0.299999
v -0.474000 1.097000 0.300001
v -0.474000 1.097000 -0.299999
v -0.504732 1.038356 0.300001
v -0.504732 1.038356 -0.299999
v -0.538111 0.972598 0.300001
v -0.538111 0.972598 -0.299999
v -0.573656 0.900735 0.300001
v -0.573656 0.900735 -0.299999
v -0.610889 0.823778 0.300001
v -0.610889 0.823778 -0.299999
v -0.649330 0.742738 0.300001
v -0.649330 0.742738 -0.299999
v -0.688500 0.658625 0.300001
v -0.688500 0.658625 -0.299999
v -0.727921 0.572450 0.300001
v -0.727921 0.572450 -0.299999
v -0.767111 0.485222 0.300001
v -0.767111 0.485222 -0.299999
v -0.805593 0.397953 0.300001
v -0.805593 0.397953 -0.299999
v -0.842889 0.311653 0.300001
v -0.842889 0.311653 -0.299999
v -0.878517 0.227332 0.300001
v -0.878517 0.227332 -0.299999
v -0.912000 0.146000 0.300001
v -0.912000 0.146000 -0.299999
v -0.942746 0.069208 0.300001
v -0.942746 0.069208 -0.299999
v -0.974710 -0.013333 0.300001
v -0.974710 -0.013333 -0.299999
v -1.007485 -0.100375 0.300001
v -1.007485 -0.100375 -0.299999
v -1.040668 -0.190667 0.300001
v -1.040668 -0.190667 -0.299999
v -1.073850 -0.282958 0.300001
v -1.073850 -0.282958 -0.299999
v -1.106626 -0.376000 0.300001
v -1.106626 -0.376000 -0.299999
v -1.138589 -0.468542 0.300001
v -1.138589 -0.468542 -0.299999
v -1.169333 -0.559333 0.300001
v -1.169333 -0.559333 -0.299999
v -1.198453 -0.647125 0.300001
v -1.198453 -0.647125 -0.299999
v -1.225541 -0.730667 0.300001
v -1.225541 -0.730667 -0.299999
v -1.250193 -0.808708 0.300001
v -1.250193 -0.808708 -0.299999
v -1.272000 -0.880000 0.300001
v -1.272000 -0.880000 -0.299999
v -1.005000 -0.967000 0.300001
v -1.005000 -0.967000 -0.299999
v -0.984923 -0.888486 0.300001
v -0.984923 -0.888486 -0.299999
v -0.962389 -0.806389 0.300001
v -0.962389 -0.806389 -0.299999
v -0.937687 -0.721375 0.300001
v -0.937687 -0.721375 -0.299999
v -0.911112 -0.634111 0.300001
v -0.911112 -0.634111 -0.299999
v -0.882952 -0.545264 0.300001
v -0.882952 -0.545264 -0.299999
v -0.853500 -0.455500 0.300001
v -0.853500 -0.455500 -0.299999
v -0.823050 -0.365486 0.300001
v -0.823050 -0.365486 -0.299999
v -0.791889 -0.275889 0.300001
v -0.791889 -0.275889 -0.299999
v -0.760313 -0.187375 0.300001
v -0.760313 -0.187375 -0.299999
v -0.728612 -0.100611 0.300001
v -0.728612 -0.100611 -0.299999
v -0.697077 -0.016264 0.300001
v -0.697077 -0.016264 -0.299999
v -0.666000 0.065000 0.300001
v -0.666000 0.065000 -0.299999
v -0.634696 0.144327 0.300001
v -0.634696 0.144327 -0.299999
v -0.601068 0.227111 0.300001
v -0.601068 0.227111 -0.299999
v -0.565546 0.312313 0.300001
v -0.565546 0.312313 -0.299999
v -0.528555 0.398889 0.300001
v -0.528555 0.398889 -0.299999
v -0.490521 0.485799 0.300001
v -0.490521 0.485799 -0.299999
v -0.451874 0.572000 0.300001
v -0.451874 0.572000 -0.299999
v -0.413039 0.656451 0.300001
v -0.413039 0.656451 -0.299999
v -0.374444 0.738111 0.300001
v -0.374444 0.738111 -0.299999
v -0.336515 0.815938 0.300001
v -0.336515 0.815938 -0.299999
v -0.299681 0.888889 0.300001
v -0.299681 0.888889 -0.299999
v -0.264366 0.955924 0.300001
v -0.264366 0.955924 -0.299999
v -0.231001 1.016000 0.300001
v -0.231001 1.016000 -0.299999
v -2.757000 0.389000 0.300001
v -2.757000 0.389000 -0.299999
v -2.715033 0.431243 0.300001
v -2.715033 0.431243 -0.299999
v -2.665001 0.479194 0.300001
v -2.665001 0.479194 -0.299999
v -2.608220 0.531687 0.300001
v -2.608220 0.531687 -0.299999
v -2.546001 0.587556 0.300001
v -2.546001 0.587556 -0.299999
v -2.479657 0.645632 0.300001
v -2.479657 0.645632 -0.299999
v -2.410501 0.704750 0.300001
v -2.410501 0.704750 -0.299999
v -2.339845 0.763743 0.300001
v -2.339845 0.763743 -0.299999
v -2.269001 0.821445 0.300001
v -2.269001 0.821445 -0.299999
v -2.199283 0.876688 0.300001
v -2.199283 0.876688 -0.299999
v -2.132002 0.928306 0.300001
v -2.132002 0.928306 -0.299999
v -2.068470 0.975132 0.300001
v -2.068470 0.975132 -0.299999
v -2.010000 1.016000 0.300001
v -2.010000 1.016000 -0.299999
v -2.181001 1.199000 0.300001
v -2.181001 1.199000 -0.299999
v -2.237587 1.160370 0.300001
v -2.237587 1.160370 -0.299999
v -2.299957 1.115709 0.300001
v -2.299957 1.115709 -0.299999
v -2.366766 1.066110 0.300001
v -2.366766 1.066110 -0.299999
v -2.436666 1.012667 0.300001
v -2.436666 1.012667 -0.299999
v -2.508318 0.956474 0.300001
v -2.508318 0.956474 -0.299999
v -2.580376 0.898625 0.300001
v -2.580376 0.898625 -0.299999
v -2.651495 0.840214 0.300001
v -2.651495 0.840214 -0.299999
v -2.720333 0.782334 0.300001
v -2.720333 0.782334 -0.299999
v -2.785547 0.726078 0.300001
v -2.785547 0.726078 -0.299999
v -2.845793 0.672542 0.300001
v -2.845793 0.672542 -0.299999
v -2.899724 0.622818 0.300001
v -2.899724 0.622818 -0.299999
v -2.945999 0.578000 0.300001
v -2.945999 0.578000 -0.299999
v -3.236444 -0.297194 0.300001
v -3.236444 -0.297194 -0.299999
v -3.345556 -0.215806 0.300001
v -3.345556 -0.215806 -0.299999
v -3.450001 -0.129625 0.300001
v -3.450001 -0.129625 -0.299999
v -3.549445 -0.039444 0.300001
v -3.549445 -0.039444 -0.299999
v -3.643556 0.053944 0.300001
v -3.643556 0.053944 -0.299999
v -3.732000 0.149750 0.300001
v -3.732000 0.149750 -0.299999
v -3.814445 0.247180 0.300001
v -3.814445 0.247180 -0.299999
v -3.890556 0.345444 0.300001
v -3.890556 0.345444 -0.299999
v -3.960001 0.443750 0.300001
v -3.960001 0.443750 -0.299999
v -4.022446 0.541306 0.300001
v -4.022446 0.541306 -0.299999
v -4.077556 0.637319 0.300001
v -4.077556 0.637319 -0.299999
v -4.125000 0.731000 0.300001
v -4.125000 0.731000 -0.299999
v -4.268999 0.476000 0.300001
v -4.268999 0.476000 -0.299999
v -4.214966 0.381653 0.300001
v -4.214966 0.381653 -0.299999
v -4.154961 0.286472 0.300001
v -4.154961 0.286472 -0.299999
v -4.089143 0.191000 0.300001
v -4.089143 0.191000 -0.299999
v -4.017669 0.095778 0.300001
v -4.017669 0.095778 -0.299999
v -3.940695 0.001347 0.300001
v -3.940695 0.001347 -0.299999
v -3.858377 -0.091750 0.300001
v -3.858377 -0.091750 -0.299999
v -3.770871 -0.182972 0.300001
v -3.770871 -0.182972 -0.299999
v -3.678334 -0.271778 0.300001
v -3.678334 -0.271778 -0.299999
v -3.580922 -0.357625 0.300001
v -3.580922 -0.357625 -0.299999
v -3.478792 -0.439972 0.300001
v -3.478792 -0.439972 -0.299999
v -3.372099 -0.518278 0.300001
v -3.372099 -0.518278 -0.299999
v -3.261000 -0.592000 0.300001
v -3.261000 -0.592000 -0.299999
v -3.184293 -0.639076 0.300001
v -3.184293 -0.639076 -0.299999
v -3.104084 -0.685611 0.300001
v -3.104084 -0.685611 -0.299999
v -3.020250 -0.731313 0.300001
v -3.020250 -0.731313 -0.299999
v -2.932667 -0.775889 0.300001
v -2.932667 -0.775889 -0.299999
v -2.841209 -0.819049 0.300001
v -2.841209 -0.819049 -0.299999
v -2.745750 -0.860500 0.300001
v -2.745750 -0.860500 -0.299999
v -2.646168 -0.899951 0.300001
v -2.646168 -0.899951 -0.299999
v -2.542334 -0.937111 0.300001
v -2.542334 -0.937111 -0.299999
v -2.434126 -0.971687 0.300001
v -2.434126 -0.971687 -0.299999
v -2.321417 -1.003389 0.300001
v -2.321417 -1.003389 -0.299999
v -2.204083 -1.031924 0.300001
v -2.204083 -1.031924 -0.299999
v -2.082001 -1.057000 0.300001
v -2.082001 -1.057000 -0.299999
v -1.922999 -0.811000 0.300001
v -1.922999 -0.811000 -0.299999
v -2.051453 -0.789377 0.300001
v -2.051453 -0.789377 -0.299999
v -2.174386 -0.763764 0.300001
v -2.174386 -0.763764 -0.299999
v -2.291904 -0.734547 0.300001
v -2.291904 -0.734547 -0.299999
v -2.404109 -0.702111 0.300001
v -2.404109 -0.702111 -0.299999
v -2.511106 -0.666842 0.300001
v -2.511106 -0.666842 -0.299999
v -2.612998 -0.629125 0.300001
v -2.612998 -0.629125 -0.299999
v -2.709890 -0.589345 0.300001
v -2.709890 -0.589345 -0.299999
v -2.801888 -0.547889 0.300001
v -2.801888 -0.547889 -0.299999
v -2.889092 -0.505141 0.300001
v -2.889092 -0.505141 -0.299999
v -2.971610 -0.461486 0.300001
v -2.971610 -0.461486 -0.299999
v -3.049544 -0.417311 0.300001
v -3.049544 -0.417311 -0.299999
v -3.122999 -0.373000 0.300001
v -3.122999 -0.373000 -0.299999
v -5.910000 1.013000 0.300001
v -5.910000 1.013000 -0.299999
v -6.723000 1.013000 0.300001
v -6.723000 1.013000 -0.299999
v -6.742939 1.013189 0.300001
v -6.742939 1.013189 -0.299999
v -6.762251 1.013764 0.300001
v -6.762251 1.013764 -0.299999
v -6.780937 1.014734 0.300001
v -6.780937 1.014734 -0.299999
v -6.799000 1.016111 0.300001
v -6.799000 1.016111 -0.299999
v -6.816439 1.017904 0.300001
v -6.816439 1.017904 -0.299999
v -6.833252 1.020125 0.300001
v -6.833252 1.020125 -0.299999
v -6.849440 1.022783 0.300001
v -6.849440 1.022783 -0.299999
v -6.865002 1.025889 0.300001
v -6.865002 1.025889 -0.299999
v -6.879940 1.029453 0.300001
v -6.879940 1.029453 -0.299999
v -6.894251 1.033486 0.300001
v -6.894251 1.033486 -0.299999
v -6.907938 1.037998 0.300001
v -6.907938 1.037998 -0.299999
v -6.921001 1.043000 0.300001
v -6.921001 1.043000 -0.299999
v -7.118999 0.923000 0.300001
v -7.118999 0.923000 -0.299999
v -7.112255 0.911906 0.300001
v -7.112255 0.911906 -0.299999
v -7.105541 0.899750 0.300001
v -7.105541 0.899750 -0.299999
v -7.098890 0.886719 0.300001
v -7.098890 0.886719 -0.299999
v -7.092333 0.873000 0.300001
v -7.092333 0.873000 -0.299999
v -7.085899 0.858781 0.300001
v -7.085899 0.858781 -0.299999
v -7.079624 0.844250 0.300001
v -7.079624 0.844250 -0.299999
v -7.073536 0.829594 0.300001
v -7.073536 0.829594 -0.299999
v -7.067667 0.815000 0.300001
v -7.067667 0.815000 -0.299999
v -7.062046 0.800656 0.300001
v -7.062046 0.800656 -0.299999
v -7.056707 0.786750 0.300001
v -7.056707 0.786750 -0.299999
v -7.051682 0.773469 0.300001
v -7.051682 0.773469 -0.299999
v -7.047001 0.761000 0.300001
v -7.047001 0.761000 -0.299999
v -7.025761 0.690507 0.300001
v -7.025761 0.690507 -0.299999
v -7.001083 0.617306 0.300001
v -7.001083 0.617306 -0.299999
v -6.973030 0.541813 0.300001
v -6.973030 0.541813 -0.299999
v -6.941668 0.464445 0.300001
v -6.941668 0.464445 -0.299999
v -6.907053 0.385618 0.300001
v -6.907053 0.385618 -0.299999
v -6.869251 0.305750 0.300001
v -6.869251 0.305750 -0.299999
v -6.828323 0.225257 0.300001
v -6.828323 0.225257 -0.299999
v -6.784334 0.144556 0.300001
v -6.784334 0.144556 -0.299999
v -6.737345 0.064063 0.300001
v -6.737345 0.064063 -0.299999
v -6.687416 -0.015805 0.300001
v -6.687416 -0.015805 -0.299999
v -6.634615 -0.094632 0.300001
v -6.634615 -0.094632 -0.299999
v -6.578999 -0.172000 0.300001
v -6.578999 -0.172000 -0.299999
v -6.610365 -0.195241 0.300001
v -6.610365 -0.195241 -0.299999
v -6.641417 -0.218431 0.300001
v -6.641417 -0.218431 -0.299999
v -6.672094 -0.241516 0.300001
v -6.672094 -0.241516 -0.299999
v -6.702333 -0.264444 0.300001
v -6.702333 -0.264444 -0.299999
v -6.732075 -0.287165 0.300002
v -6.732075 -0.287165 -0.299999
v -6.761251 -0.309625 0.300002
v -6.761251 -0.309625 -0.299999
v -6.789803 -0.331773 0.300002
v -6.789803 -0.331773 -0.299999
v -6.817667 -0.353556 0.300002
v -6.817667 -0.353556 -0.299999
v -6.844782 -0.374922 0.300002
v -6.844782 -0.374922 -0.299999
v -6.871084 -0.395819 0.300002
v -6.871084 -0.395819 -0.299999
v -6.896511 -0.416196 0.300002
v -6.896511 -0.416196 -0.299999
v -6.921001 -0.436000 0.300002
v -6.921001 -0.436000 -0.299999
v -6.743999 -0.643000 0.300002
v -6.743999 -0.643000 -0.299999
v -6.721008 -0.622503 0.300002
v -6.721008 -0.622503 -0.299999
v -6.697069 -0.601528 0.300002
v -6.697069 -0.601528 -0.299999
v -6.672234 -0.580094 0.300002
v -6.672234 -0.580094 -0.299999
v -6.646555 -0.558222 0.300002
v -6.646555 -0.558222 -0.299999
v -6.620085 -0.535934 0.300002
v -6.620085 -0.535934 -0.299999
v -6.592876 -0.513250 0.300001
v -6.592876 -0.513250 -0.299999
v -6.564978 -0.490191 0.300001
v -6.564978 -0.490191 -0.299999
v -6.536446 -0.466778 0.300001
v -6.536446 -0.466778 -0.299999
v -6.507328 -0.443031 0.300001
v -6.507328 -0.443031 -0.299999
v -6.477680 -0.418972 0.300001
v -6.477680 -0.418972 -0.299999
v -6.447554 -0.394621 0.300001
v -6.447554 -0.394621 -0.299999
v -6.417000 -0.370000 0.300001
v -6.417000 -0.370000 -0.299999
v -6.348104 -0.443774 0.300001
v -6.348104 -0.443774 -0.299999
v -6.274834 -0.516444 0.300001
v -6.274834 -0.516444 -0.299999
v -6.197063 -0.587781 0.300001
v -6.197063 -0.587781 -0.299999
v -6.114666 -0.657555 0.300001
v -6.114666 -0.657555 -0.299999
v -6.027521 -0.725538 0.300001
v -6.027521 -0.725538 -0.299999
v -5.935501 -0.791500 0.300001
v -5.935501 -0.791500 -0.299999
v -5.838480 -0.855212 0.300001
v -5.838480 -0.855212 -0.299999
v -5.736334 -0.916444 0.300001
v -5.736334 -0.916444 -0.299999
v -5.628939 -0.974969 0.300001
v -5.628939 -0.974969 -0.299999
v -5.516167 -1.030555 0.300001
v -5.516167 -1.030556 -0.299999
v -5.397896 -1.082976 0.300001
v -5.397896 -1.082976 -0.299999
v -5.274000 -1.132000 0.300001
v -5.274000 -1.132000 -0.299999
v -5.058000 -0.946000 0.300001
v -5.058000 -0.946000 -0.299999
v -5.182196 -0.904561 0.300001
v -5.182196 -0.904561 -0.299999
v -5.301294 -0.858486 0.300001
v -5.301294 -0.858486 -0.299999
v -5.415330 -0.808141 0.300001
v -5.415330 -0.808141 -0.299999
v -5.524334 -0.753889 0.300001
v -5.524334 -0.753889 -0.299999
v -5.628340 -0.696095 0.300001
v -5.628340 -0.696095 -0.299999
v -5.727375 -0.635125 0.300001
v -5.727375 -0.635125 -0.299999
v -5.821476 -0.571342 0.300001
v -5.821476 -0.571342 -0.299999
v -5.910667 -0.505111 0.300001
v -5.910667 -0.505111 -0.299999
v -5.994984 -0.436797 0.300001
v -5.994984 -0.436797 -0.299999
v -6.074459 -0.366764 0.300001
v -6.074459 -0.366764 -0.299999
v -6.149120 -0.295377 0.300001
v -6.149120 -0.295377 -0.299999
v -6.219000 -0.223000 0.300001
v -6.219000 -0.223000 -0.299999
v -6.164778 -0.184021 0.300001
v -6.164778 -0.184021 -0.299999
v -6.110222 -0.145167 0.300001
v -6.110222 -0.145167 -0.299999
v -6.055500 -0.106562 0.300001
v -6.055500 -0.106562 -0.299999
v -6.000776 -0.068333 0.300001
v -6.000776 -0.068333 -0.299999
v -5.946220 -0.030604 0.300001
v -5.946220 -0.030604 -0.299999
v -5.891998 0.006500 0.300001
v -5.891998 0.006500 -0.299999
v -5.838276 0.042854 0.300001
v -5.838276 0.042854 -0.299999
v -5.785221 0.078333 0.300001
v -5.785221 0.078333 -0.299999
v -5.733000 0.112813 0.300001
v -5.733000 0.112813 -0.299999
v -5.681778 0.146167 0.300001
v -5.681778 0.146167 -0.299999
v -5.631721 0.178271 0.300001
v -5.631721 0.178271 -0.299999
v -5.583000 0.209000 0.300001
v -5.583000 0.209000 -0.299999
v -5.744999 0.374000 0.300001
v -5.744999 0.374000 -0.299999
v -5.795038 0.344891 0.300001
v -5.795038 0.344891 -0.299999
v -5.846056 0.314625 0.300001
v -5.846056 0.314625 -0.299999
v -5.897905 0.283297 0.300001
v -5.897905 0.283297 -0.299999
v -5.950443 0.251000 0.300001
v -5.950443 0.251000 -0.299999
v -6.003525 0.217828 0.300001
v -6.003525 0.217828 -0.299999
v -6.056999 0.183875 0.300001
v -6.056999 0.183875 -0.299999
v -6.110725 0.149234 0.300001
v -6.110725 0.149234 -0.299999
v -6.164557 0.114000 0.300001
v -6.164557 0.114000 -0.299999
v -6.218346 0.078266 0.300001
v -6.218346 0.078266 -0.299999
v -6.271946 0.042125 0.300001
v -6.271946 0.042125 -0.299999
v -6.325212 0.005672 0.300001
v -6.325212 0.005672 -0.299999
v -6.378000 -0.031000 0.300001
v -6.378000 -0.031000 -0.299999
v -6.425844 0.035481 0.300001
v -6.425844 0.035481 -0.299999
v -6.471764 0.104097 0.300001
v -6.471764 0.104097 -0.299999
v -6.515575 0.174359 0.300001
v -6.515575 0.174359 -0.299999
v -6.557110 0.245778 0.300001
v -6.557110 0.245778 -0.299999
v -6.596184 0.317863 0.300001
v -6.596184 0.317863 -0.299999
v -6.632624 0.390125 0.300001
v -6.632624 0.390125 -0.299999
v -6.666250 0.462075 0.300001
v -6.666250 0.462075 -0.299999
v -6.696888 0.533222 0.300001
v -6.696888 0.533222 -0.299999
v -6.724358 0.603078 0.300001
v -6.724358 0.603078 -0.299999
v -6.748486 0.671153 0.300001
v -6.748486 0.671153 -0.299999
v -6.769093 0.736957 0.300001
v -6.769093 0.736957 -0.299999
v -6.785999 0.800000 0.300001
v -6.785999 0.800000 -0.299999
v -5.771999 0.800000 0.300001
v -5.771999 0.800000 -0.299999
v -5.722441 0.732050 0.300001
v -5.722441 0.732050 -0.299999
v -5.669777 0.663403 0.300001
v -5.669777 0.663403 -0.299999
v -5.614031 0.594359 0.300001
v -5.614031 0.594359 -0.299999
v -5.555222 0.525222 0.300001
v -5.555222 0.525222 -0.299999
v -5.493372 0.456293 0.300001
v -5.493372 0.456293 -0.299999
v -5.428501 0.387875 0.300001
v -5.428501 0.387875 -0.299999
v -5.360628 0.320269 0.300001
v -5.360628 0.320269 -0.299999
v -5.289778 0.253778 0.300001
v -5.289778 0.253778 -0.299999
v -5.215969 0.188703 0.300001
v -5.215969 0.188703 -0.299999
v -5.139223 0.125347 0.300001
v -5.139223 0.125347 -0.299999
v -5.059559 0.064012 0.300001
v -5.059559 0.064012 -0.299999
v -4.976999 0.005000 0.300001
v -4.976999 0.005000 -0.299999
v -4.776000 0.161000 0.300001
v -4.776000 0.161000 -0.299999
v -4.900650 0.243761 0.300001
v -4.900650 0.243761 -0.299999
v -5.016708 0.330834 0.300001
v -5.016708 0.330834 -0.299999
v -5.124329 0.421157 0.300001
v -5.124329 0.421157 -0.299999
v -5.223667 0.513667 0.300001
v -5.223667 0.513667 -0.299999
v -5.314880 0.607302 0.300001
v -5.314880 0.607302 -0.299999
v -5.398125 0.701000 0.300001
v -5.398125 0.701000 -0.299999
v -5.473557 0.793698 0.300001
v -5.473557 0.793698 -0.299999
v -5.541334 0.884334 0.300001
v -5.541334 0.884334 -0.299999
v -5.601610 0.971844 0.300001
v -5.601610 0.971844 -0.299999
v -5.654541 1.055167 0.300001
v -5.654541 1.055167 -0.299999
v -5.700287 1.133240 0.300001
v -5.700287 1.133240 -0.299999
v -5.739000 1.205000 0.300001
v -5.739000 1.205000 -0.299999
v -5.746849 1.219518 0.300001
v -5.746849 1.219518 -0.299999
v -5.755278 1.235889 0.300001
v -5.755278 1.235889 -0.299999
v -5.764126 1.253844 0.300001
v -5.764126 1.253844 -0.299999
v -5.773222 1.273111 0.300001
v -5.773222 1.273111 -0.299999
v -5.782404 1.293420 0.300001
v -5.782404 1.293420 -0.299999
v -5.791500 1.314500 0.300001
v -5.791500 1.314500 -0.299999
v -5.800348 1.336080 0.300001
v -5.800348 1.336080 -0.299999
v -5.808777 1.357889 0.300001
v -5.808777 1.357889 -0.299999
v -5.816626 1.379656 0.300001
v -5.816626 1.379656 -0.299999
v -5.823723 1.401111 0.300001
v -5.823723 1.401111 -0.299999
v -5.829903 1.421983 0.300001
v -5.829903 1.421983 -0.299999
v -5.835001 1.442000 0.300001
v -5.835001 1.442000 -0.299999
v -6.108002 1.355000 0.300001
v -6.108002 1.355000 -0.299999
v -6.095205 1.335042 0.300001
v -6.095205 1.335042 -0.299999
v -6.082376 1.314334 0.300001
v -6.082376 1.314334 -0.299999
v -6.069611 1.293125 0.300001
v -6.069611 1.293125 -0.299999
v -6.056999 1.271667 0.300001
v -6.056999 1.271667 -0.299999
v -6.044640 1.250208 0.300001
v -6.044640 1.250208 -0.299999
v -6.032623 1.229000 0.300001
v -6.032623 1.229000 -0.299999
v -6.021046 1.208292 0.300001
v -6.021046 1.208292 -0.299999
v -6.009998 1.188334 0.300001
v -6.009998 1.188334 -0.299999
v -5.999578 1.169375 0.300001
v -5.999578 1.169375 -0.299999
v -5.989876 1.151667 0.300001
v -5.989876 1.151667 -0.299999
v -5.980984 1.135458 0.300001
v -5.980984 1.135458 -0.299999
v -5.973000 1.121000 0.300001
v -5.973000 1.121000 -0.299999
v -8.297741 0.284000 0.300002
v -8.297741 0.284000 -0.299998
v -8.406445 0.284000 0.300002
v -8.406445 0.284000 -0.299998
v -8.542313 0.284000 0.300002
v -8.542313 0.284000 -0.299998
v -8.698555 0.284000 0.300002
v -8.698555 0.284000 -0.299998
v -8.868382 0.284000 0.300002
v -8.868382 0.284000 -0.299998
v -9.045000 0.284000 0.300002
v -9.045000 0.284000 -0.299998
v -9.221619 0.284000 0.300002
v -9.221619 0.284000 -0.299998
v -9.391443 0.284000 0.300002
v -9.391443 0.284000 -0.299998
v -9.547688 0.284000 0.300002
v -9.547688 0.284000 -0.299998
v -9.683556 0.284000 0.300002
v -9.683556 0.284000 -0.299998
v -9.792257 0.284000 0.300002
v -9.792257 0.284000 -0.299998
v -9.867001 0.284000 0.300002
v -9.867001 0.284000 -0.299998
v -9.903625 0.284181 0.300002
v -9.903625 0.284181 -0.299998
v -9.938499 0.284694 0.300002
v -9.938499 0.284694 -0.299998
v -9.971624 0.285500 0.300002
v -9.971624 0.285500 -0.299998
v -10.003000 0.286556 0.300002
v -10.003000 0.286556 -0.299998
v -10.032625 0.287819 0.300002
v -10.032625 0.287819 -0.299998
v -10.060499 0.289250 0.300002
v -10.060499 0.289250 -0.299998
v -10.086624 0.290805 0.300002
v -10.086624 0.290805 -0.299998
v -10.111000 0.292444 0.300002
v -10.111000 0.292444 -0.299998
v -10.133625 0.294125 0.300002
v -10.133625 0.294125 -0.299998
v -10.154499 0.295806 0.300002
v -10.154499 0.295806 -0.299998
v -10.173624 0.297444 0.300002
v -10.173624 0.297444 -0.299998
v -10.191000 0.299000 0.300002
v -10.191000 0.299000 -0.299998
v -10.191000 0.005000 0.300002
v -10.191000 0.005000 -0.299998
v -10.174658 0.005925 0.300002
v -10.174658 0.005925 -0.299998
v -10.155764 0.007153 0.300002
v -10.155764 0.007153 -0.299998
v -10.134514 0.008610 0.300002
v -10.134514 0.008610 -0.299998
v -10.111111 0.010222 0.300002
v -10.111111 0.010222 -0.299998
v -10.085747 0.011919 0.300002
v -10.085747 0.011919 -0.299998
v -10.058624 0.013625 0.300002
v -10.058624 0.013625 -0.299998
v -10.029938 0.015269 0.300002
v -10.029938 0.015269 -0.299998
v -9.999887 0.016778 0.300002
v -9.999887 0.016778 -0.299998
v -9.968670 0.018078 0.300002
v -9.968670 0.018078 -0.299998
v -9.936485 0.019097 0.300002
v -9.936485 0.019097 -0.299998
v -9.903530 0.019762 0.300002
v -9.903530 0.019762 -0.299998
v -9.869999 0.020000 0.300002
v -9.869999 0.020000 -0.299998
v -9.794624 0.020000 0.300002
v -9.794624 0.020000 -0.299998
v -9.685499 0.020000 0.300002
v -9.685499 0.020000 -0.299998
v -9.549376 0.020000 0.300002
v -9.549376 0.020000 -0.299998
v -9.393000 0.020000 0.300002
v -9.393000 0.020000 -0.299998
v -9.223125 0.020000 0.300002
v -9.223125 0.020000 -0.299998
v -9.046501 0.020000 0.300002
v -9.046501 0.020000 -0.299998
v -8.869875 0.020000 0.300002
v -8.869875 0.020000 -0.299998
v -8.700001 0.020000 0.300002
v -8.700001 0.020000 -0.299998
v -8.543625 0.020000 0.300002
v -8.543625 0.020000 -0.299998
v -8.407501 0.020000 0.300002
v -8.407501 0.020000 -0.299998
v -8.298376 0.020000 0.300002
v -8.298376 0.020000 -0.299998
v -8.223000 0.020000 0.300002
v -8.223000 0.020000 -0.299998
v -8.181911 0.019877 0.300002
v -8.181911 0.019877 -0.299998
v -8.141277 0.019514 0.300002
v -8.141277 0.019514 -0.299998
v -8.101313 0.018922 0.300002
v -8.101313 0.018922 -0.299998
v -8.062222 0.018111 0.300002
v -8.062222 0.018111 -0.299998
v -8.024216 0.017092 0.300002
v -8.024216 0.017092 -0.299998
v -7.987499 0.015875 0.300002
v -7.987499 0.015875 -0.299998
v -7.952286 0.014471 0.300002
v -7.952286 0.014471 -0.299998
v -7.918777 0.012889 0.300002
v -7.918777 0.012889 -0.299998
v -7.887188 0.011141 0.300002
v -7.887188 0.011141 -0.299998
v -7.857723 0.009236 0.300002
v -7.857723 0.009236 -0.299998
v -7.830591 0.007186 0.300002
v -7.830591 0.007186 -0.299998
v -7.806000 0.005000 0.300002
v -7.806000 0.005000 -0.299998
v -7.806000 0.299000 0.300002
v -7.806000 0.299000 -0.299998
v -7.829901 0.297445 0.300002
v -7.829901 0.297445 -0.299998
v -7.856468 0.295806 0.300002
v -7.856468 0.295806 -0.299998
v -7.885498 0.294125 0.300002
v -7.885498 0.294125 -0.299998
v -7.916775 0.292444 0.300002
v -7.916775 0.292444 -0.299998
v -7.950094 0.290806 0.300002
v -7.950094 0.290806 -0.299998
v -7.985249 0.289250 0.300002
v -7.985249 0.289250 -0.299998
v -8.022026 0.287820 0.300002
v -8.022026 0.287820 -0.299998
v -8.060221 0.286556 0.300002
v -8.060221 0.286556 -0.299998
v -8.099625 0.285500 0.300002
v -8.099625 0.285500 -0.299998
v -8.140028 0.284695 0.300002
v -8.140028 0.284695 -0.299998
v -8.181223 0.284181 0.300002
v -8.181223 0.284181 -0.299998
v -8.223000 0.284000 0.300002
v -8.223000 0.284000 -0.299998
vn -0.0000 -0.0000 -1.0000
vn -0.0000 -0.0000 1.0000
vn 0.0001 -0.0000 -1.0000
vn 0.0001 -0.0000 1.0000
vn -0.9840 -0.1784 -0.0000
vn -0.9804 -0.1969 -0.0000
vn -0.9762 -0.2167 -0.0000
vn -0.9713 -0.2379 -0.0000
vn -0.9653 -0.2610 -0.0000
vn -0.9582 -0.2862 -0.0000
vn -0.9495 -0.3139 -0.0000
vn -0.9388 -0.3445 -0.0000
vn -0.9256 -0.3784 -0.0000
vn -0.9093 -0.4161 -0.0000
vn -0.8889 -0.4582 -0.0000
vn -0.8631 -0.5050 -0.0000
vn -0.8280 -0.5607 -0.0000
vn -0.7843 -0.6203 -0.0000
vn -0.7376 -0.6752 -0.0000
vn -0.6885 -0.7253 -0.0000
vn -0.6374 -0.7705 -0.0000
vn -0.5850 -0.8110 -0.0000
vn -0.5317 -0.8469 -0.0000
vn -0.4779 -0.8784 -0.0000
vn -0.4239 -0.9057 -0.0000
vn -0.3701 -0.9290 -0.0000
vn -0.3166 -0.9486 -0.0000
vn 0.2776 -0.9607 -0.0000
vn 0.9397 0.3420 -0.0000
vn 0.1696 0.9855 -0.0000
vn 0.1918 0.9814 -0.0000
vn 0.2121 0.9772 -0.0000
vn 0.2309 0.9730 -0.0000
vn 0.2483 0.9687 -0.0000
vn 0.2647 0.9643 -0.0000
vn 0.2802 0.9599 -0.0000
vn 0.2951 0.9555 -0.0000
vn 0.3094 0.9509 -0.0000
vn 0.3234 0.9463 -0.0000
vn 0.3373 0.9414 -0.0000
vn 0.3381 0.9411 -0.0000
vn 0.3579 0.9338 -0.0000
vn 0.4076 0.9132 -0.0000
vn 0.4544 0.8908 -0.0000
vn 0.4992 0.8665 -0.0000
vn 0.5427 0.8399 -0.0000
vn 0.5855 0.8107 -0.0000
vn 0.6280 0.7782 -0.0000
vn 0.6706 0.7418 -0.0000
vn 0.7134 0.7007 -0.0000
vn 0.7565 0.6540 -0.0000
vn 0.7995 0.6006 -0.0000
vn 0.8407 0.5415 -0.0000
vn 0.8734 0.4869 -0.0000
vn 0.8973 0.4414 -0.0000
vn 0.9165 0.4000 -0.0000
vn 0.9321 0.3622 -0.0000
vn 0.9450 0.3272 -0.0000
vn 0.9557 0.2943 -0.0000
vn 0.9648 0.2629 -0.0000
vn 0.9726 0.2324 -0.0000
vn 0.9794 0.2021 -0.0000
vn 0.9852 0.1712 -0.0000
vn 0.9903 0.1388 -0.0000
vn 0.7490 -0.6626 -0.0000
vn -0.7071 -0.7071 -0.0000
vn -1.0000 -0.0000 -0.0000
vn -1.0000 0.0023 -0.0000
vn -1.0000 0.0091 -0.0000
vn -0.9998 0.0180 -0.0000
vn -0.9996 0.0270 -0.0000
vn -0.9993 0.0366 -0.0000
vn -0.9989 0.0469 -0.0000
vn -0.9983 0.0583 -0.0000
vn -0.9975 0.0712 -0.0000
vn -0.9963 0.0861 -0.0000
vn -0.9946 0.1038 -0.0000
vn -0.9921 0.1251 -0.0000
vn -0.9884 0.1517 -0.0000
vn -0.7637 -0.6456 -0.0000
vn 0.7423 -0.6701 -0.0000
vn 0.9955 0.0946 -0.0000
vn 0.9967 0.0812 -0.0000
vn 0.9975 0.0700 -0.0000
vn 0.9982 0.0604 -0.0000
vn 0.9987 0.0518 -0.0000
vn 0.9990 0.0440 -0.0000
vn 0.9993 0.0367 -0.0000
vn 0.9996 0.0297 -0.0000
vn 0.9997 0.0228 -0.0000
vn 0.9999 0.0157 -0.0000
vn 1.0000 0.0082 -0.0000
vn 1.0000 0.0021 -0.0000
vn 1.0000 -0.0000 -0.0000
vn 1.0000 -0.0002 -0.0000
vn 1.0000 -0.0012 -0.0000
vn 1.0000 -0.0036 -0.0000
vn 1.0000 -0.0075 -0.0000
vn 0.9999 -0.0126 -0.0000
vn 0.9998 -0.0192 -0.0000
vn 0.9996 -0.0273 -0.0000
vn 0.9993 -0.0372 -0.0000
vn 0.9988 -0.0494 -0.0000
vn 0.9979 -0.0642 -0.0000
vn 0.9966 -0.0828 -0.0000
vn 0.9943 -0.1062 -0.0000
vn 0.7149 0.6992 -0.0000
vn -0.0917 0.9958 -0.0000
vn -0.0807 0.9967 -0.0000
vn -0.0701 0.9975 -0.0000
vn -0.0599 0.9982 -0.0000
vn -0.0502 0.9987 -0.0000
vn -0.0410 0.9992 -0.0000
vn -0.0325 0.9995 -0.0000
vn -0.0247 0.9997 -0.0000
vn -0.0175 0.9998 -0.0000
vn -0.0110 0.9999 -0.0000
vn -0.0052 1.0000 -0.0000
vn -0.0012 1.0000 -0.0000
vn 0.7071 0.7071 -0.0000
vn 1.0000 -0.0021 -0.0000
vn 1.0000 -0.0086 -0.0000
vn 0.9998 -0.0180 -0.0000
vn 0.9996 -0.0280 -0.0000
vn 0.9993 -0.0387 -0.0000
vn 0.9988 -0.0498 -0.0000
vn 0.9981 -0.0612 -0.0000
vn 0.9974 -0.0726 -0.0000
vn 0.9965 -0.0841 -0.0000
vn 0.9954 -0.0955 -0.0000
vn 0.9943 -0.1066 -0.0000
vn 0.9931 -0.1174 -0.0000
vn 0.7493 0.6623 -0.0000
vn -0.7590 0.6511 -0.0000
vn -0.9894 -0.1450 -0.0000
vn -0.9915 -0.1305 -0.0000
vn -0.9933 -0.1157 -0.0000
vn -0.9949 -0.1008 -0.0000
vn -0.9963 -0.0860 -0.0000
vn -0.9975 -0.0714 -0.0000
vn -0.9984 -0.0572 -0.0000
vn -0.9990 -0.0436 -0.0000
vn -0.9995 -0.0309 -0.0000
vn -0.9998 -0.0193 -0.0000
vn -1.0000 -0.0090 -0.0000
vn -1.0000 -0.0021 -0.0000
vn -0.7071 0.7071 -0.0000
vn 0.0035 1.0000 -0.0000
vn 0.0147 0.9999 -0.0000
vn 0.0313 0.9995 -0.0000
vn 0.0502 0.9987 -0.0000
vn 0.0719 0.9974 -0.0000
vn 0.0965 0.9953 -0.0000
vn 0.1244 0.9922 -0.0000
vn 0.1558 0.9878 -0.0000
vn 0.1908 0.9816 -0.0000
vn 0.2292 0.9734 -0.0000
vn 0.2705 0.9627 -0.0000
vn 0.3142 0.9494 -0.0000
vn -0.1092 0.9940 -0.0000
vn -0.9395 0.3426 -0.0000
vn -0.9555 -0.2951 -0.0000
vn -0.9605 -0.2781 -0.0000
vn -0.9643 -0.2648 -0.0000
vn -0.9672 -0.2540 -0.0000
vn -0.9695 -0.2450 -0.0000
vn -0.9714 -0.2374 -0.0000
vn -0.9730 -0.2308 -0.0000
vn -0.9744 -0.2250 -0.0000
vn -0.9756 -0.2197 -0.0000
vn -0.9766 -0.2149 -0.0000
vn -0.9776 -0.2104 -0.0000
vn -0.9820 -0.1888 -0.0000
vn 0.7071 -0.7071 -0.0000
vn -0.0024 -1.0000 -0.0000
vn -0.0088 -1.0000 -0.0000
vn -0.0161 -0.9999 -0.0000
vn -0.0224 -0.9998 -0.0000
vn -0.0282 -0.9996 -0.0000
vn -0.0338 -0.9994 -0.0000
vn -0.0396 -0.9992 -0.0000
vn -0.0459 -0.9989 -0.0000
vn -0.0527 -0.9986 -0.0000
vn -0.0606 -0.9982 -0.0000
vn -0.0698 -0.9976 -0.0000
vn -0.0811 -0.9967 -0.0000
vn 0.6755 -0.7373 -0.0000
vn 0.6600 0.7512 -0.0000
vn -0.1180 0.9930 -0.0000
vn -0.0988 0.9951 -0.0000
vn -0.0832 0.9965 -0.0000
vn -0.0703 0.9975 -0.0000
vn -0.0593 0.9982 -0.0000
vn -0.0496 0.9988 -0.0000
vn -0.0329 0.9995 -0.0000
vn -0.0252 0.9997 -0.0000
vn -0.0093 1.0000 -0.0000
vn -0.0025 1.0000 -0.0000
vn 0.0032 1.0000 -0.0000
vn 0.0126 0.9999 -0.0000
vn 0.0244 0.9997 -0.0000
vn 0.0352 0.9994 -0.0000
vn 0.0451 0.9990 -0.0000
vn 0.0541 0.9985 -0.0000
vn 0.0622 0.9981 -0.0000
vn 0.0696 0.9976 -0.0000
vn 0.0762 0.9971 -0.0000
vn 0.0820 0.9966 -0.0000
vn 0.0870 0.9962 -0.0000
vn 0.0913 0.9958 -0.0000
vn -0.6734 0.7393 -0.0000
vn -0.6762 -0.7367 -0.0000
vn 0.0809 -0.9967 -0.0000
vn 0.0719 -0.9974 -0.0000
vn 0.0636 -0.9980 -0.0000
vn 0.0558 -0.9984 -0.0000
vn 0.0484 -0.9988 -0.0000
vn 0.0412 -0.9991 -0.0000
vn 0.0343 -0.9994 -0.0000
vn 0.0275 -0.9996 -0.0000
vn 0.0208 -0.9998 -0.0000
vn 0.0140 -0.9999 -0.0000
vn 0.0071 -1.0000 -0.0000
vn 0.0018 -1.0000 -0.0000
vn 0.0034 1.0000 -0.0000
vn 0.0136 0.9999 -0.0000
vn 0.0270 0.9996 -0.0000
vn 0.0400 0.9992 -0.0000
vn 0.0528 0.9986 -0.0000
vn 0.0652 0.9979 -0.0000
vn 0.0775 0.9970 -0.0000
vn 0.0896 0.9960 -0.0000
vn 0.1015 0.9948 -0.0000
vn 0.1133 0.9936 -0.0000
vn 0.1250 0.9922 -0.0000
vn 0.1367 0.9906 -0.0000
vn -0.6548 0.7558 -0.0000
vn -0.6740 -0.7388 -0.0000
vn 0.0848 -0.9964 -0.0000
vn 0.0728 -0.9973 -0.0000
vn 0.0629 -0.9980 -0.0000
vn 0.0546 -0.9985 -0.0000
vn 0.0474 -0.9989 -0.0000
vn 0.0409 -0.9992 -0.0000
vn 0.0348 -0.9994 -0.0000
vn 0.0288 -0.9996 -0.0000
vn 0.0228 -0.9997 -0.0000
vn 0.0163 -0.9999 -0.0000
vn 0.0089 -1.0000 -0.0000
vn 0.0024 -1.0000 -0.0000
vn -0.0019 -1.0000 -0.0000
vn -0.0073 -1.0000 -0.0000
vn -0.0144 -0.9999 -0.0000
vn -0.0211 -0.9998 -0.0000
vn -0.0278 -0.9996 -0.0000
vn -0.0343 -0.9994 -0.0000
vn -0.0408 -0.9992 -0.0000
vn -0.0473 -0.9989 -0.0000
vn -0.0540 -0.9985 -0.0000
vn -0.0608 -0.9981 -0.0000
vn -0.0679 -0.9977 -0.0000
vn -0.0753 -0.9972 -0.0000
vn 0.6786 -0.7345 -0.0000
vn 0.6616 0.7498 -0.0000
vn -0.1196 0.9928 -0.0000
vn -0.1100 0.9939 -0.0000
vn -0.1005 0.9949 -0.0000
vn -0.0909 0.9959 -0.0000
vn -0.0812 0.9967 -0.0000
vn -0.0712 0.9975 -0.0000
vn -0.0609 0.9981 -0.0000
vn -0.0501 0.9987 -0.0000
vn -0.0387 0.9992 -0.0000
vn -0.0267 0.9996 -0.0000
vn -0.0138 0.9999 -0.0000
vn -0.0035 1.0000 -0.0000
vn 0.3255 -0.9455 -0.0000
vn 0.8775 -0.4795 -0.0000
vn 0.8738 -0.4863 -0.0000
vn 0.8698 -0.4933 -0.0000
vn 0.8655 -0.5008 -0.0000
vn 0.8608 -0.5090 -0.0000
vn 0.8554 -0.5180 -0.0000
vn 0.8492 -0.5281 -0.0000
vn 0.8419 -0.5397 -0.0000
vn 0.8331 -0.5532 -0.0000
vn 0.8223 -0.5691 -0.0000
vn 0.8087 -0.5882 -0.0000
vn 0.9647 0.2633 -0.0000
vn -0.2728 0.9621 -0.0000
vn -0.8183 0.5748 -0.0000
vn -0.8282 0.5605 -0.0000
vn -0.8359 0.5489 -0.0000
vn -0.8421 0.5393 -0.0000
vn -0.8473 0.5311 -0.0000
vn -0.8519 0.5237 -0.0000
vn -0.8560 0.5170 -0.0000
vn -0.8598 0.5107 -0.0000
vn -0.8634 0.5045 -0.0000
vn -0.8671 0.4981 -0.0000
vn -0.8710 0.4913 -0.0000
vn -0.9477 -0.3193 -0.0000
vn -0.9740 -0.2264 -0.0000
vn -0.9688 -0.2480 -0.0000
vn -0.9627 -0.2705 -0.0000
vn -0.9557 -0.2945 -0.0000
vn -0.9473 -0.3205 -0.0000
vn -0.9371 -0.3490 -0.0000
vn -0.9247 -0.3807 -0.0000
vn -0.8900 -0.4560 -0.0000
vn -0.8653 -0.5012 -0.0000
vn -0.8336 -0.5524 -0.0000
vn -0.7946 -0.6071 -0.0000
vn -0.7590 -0.6511 -0.0000
vn -0.7287 -0.6849 -0.0000
vn -0.6948 -0.7192 -0.0000
vn -0.6576 -0.7534 -0.0000
vn -0.6172 -0.7868 -0.0000
vn -0.5743 -0.8187 -0.0000
vn -0.5293 -0.8484 -0.0000
vn -0.4830 -0.8756 -0.0000
vn -0.4359 -0.9000 -0.0000
vn -0.3890 -0.9212 -0.0000
vn -0.3427 -0.9395 -0.0000
vn 0.2517 -0.9678 -0.0000
vn 0.9599 0.2803 -0.0000
vn 0.2869 0.9579 -0.0000
vn 0.3359 0.9419 -0.0000
vn 0.3869 0.9221 -0.0000
vn 0.4391 0.8985 -0.0000
vn 0.4916 0.8708 -0.0000
vn 0.5433 0.8395 -0.0000
vn 0.5933 0.8050 -0.0000
vn 0.6403 0.7681 -0.0000
vn 0.6836 0.7299 -0.0000
vn 0.7225 0.6913 -0.0000
vn 0.7567 0.6538 -0.0000
vn 0.7910 0.6118 -0.0000
vn 0.8266 0.5628 -0.0000
vn 0.8577 0.5141 -0.0000
vn 0.8828 0.4698 -0.0000
vn 0.9032 0.4292 -0.0000
vn 0.9202 0.3916 -0.0000
vn 0.9344 0.3561 -0.0000
vn 0.9467 0.3221 -0.0000
vn 0.9574 0.2889 -0.0000
vn 0.9668 0.2556 -0.0000
vn 0.9752 0.2212 -0.0000
vn 0.9828 0.1844 -0.0000
vn 0.7633 -0.6460 -0.0000
vn -0.0000 -1.0000 -0.0000
vn -0.0021 -1.0000 -0.0000
vn -0.0080 -1.0000 -0.0000
vn -0.0154 -0.9999 -0.0000
vn -0.0220 -0.9998 -0.0000
vn -0.0279 -0.9996 -0.0000
vn -0.0329 -0.9995 -0.0000
vn -0.0371 -0.9993 -0.0000
vn -0.0404 -0.9992 -0.0000
vn -0.0428 -0.9991 -0.0000
vn -0.0441 -0.9990 -0.0000
vn -0.0427 -0.9991 -0.0000
vn 0.6922 -0.7217 -0.0000
vn 0.6564 0.7544 -0.0000
vn -0.1307 0.9914 -0.0000
vn -0.1167 0.9932 -0.0000
vn -0.1042 0.9946 -0.0000
vn -0.0927 0.9957 -0.0000
vn -0.0818 0.9966 -0.0000
vn -0.0607 0.9982 -0.0000
vn -0.0500 0.9987 -0.0000
vn -0.0389 0.9992 -0.0000
vn -0.0270 0.9996 -0.0000
vn -0.0141 0.9999 -0.0000
vn -0.0037 1.0000 -0.0000
vn -0.0000 1.0000 -0.0000
vn 0.0003 1.0000 -0.0000
vn 0.0021 1.0000 -0.0000
vn 0.0067 1.0000 -0.0000
vn 0.0143 0.9999 -0.0000
vn 0.0246 0.9997 -0.0000
vn 0.0376 0.9993 -0.0000
vn 0.0530 0.9986 -0.0000
vn 0.0706 0.9975 -0.0000
vn 0.0902 0.9959 -0.0000
vn 0.1116 0.9937 -0.0000
vn 0.1347 0.9909 -0.0000
vn 0.1590 0.9873 -0.0000
vn 0.9004 0.4351 -0.0000
vn 0.8765 -0.4814 -0.0000
vn 0.8726 -0.4885 -0.0000
vn 0.8687 -0.4953 -0.0000
vn 0.8647 -0.5022 -0.0000
vn 0.8606 -0.5093 -0.0000
vn 0.8561 -0.5168 -0.0000
vn 0.8512 -0.5249 -0.0000
vn 0.8457 -0.5337 -0.0000
vn 0.8393 -0.5436 -0.0000
vn 0.8319 -0.5550 -0.0000
vn 0.8228 -0.5683 -0.0000
vn 0.9608 0.2771 -0.0000
vn -0.2894 0.9572 -0.0000
vn -0.8356 0.5494 -0.0000
vn -0.8415 0.5403 -0.0000
vn -0.8463 0.5327 -0.0000
vn -0.8505 0.5260 -0.0000
vn -0.8543 0.5198 -0.0000
vn -0.8579 0.5138 -0.0000
vn -0.8615 0.5078 -0.0000
vn -0.8651 0.5015 -0.0000
vn -0.8691 0.4946 -0.0000
vn -0.8736 0.4867 -0.0000
vn -0.8788 0.4772 -0.0000
vn -0.9463 -0.3234 -0.0000
vn -0.9974 -0.0716 -0.0000
vn -0.9608 0.2773 -0.0000
vn -0.9102 -0.4141 -0.0000
vn -0.9241 -0.3823 -0.0000
vn -0.9359 -0.3523 -0.0000
vn -0.9458 -0.3247 -0.0000
vn -0.9541 -0.2996 -0.0000
vn -0.9608 -0.2771 -0.0000
vn -0.9664 -0.2572 -0.0000
vn -0.9708 -0.2401 -0.0000
vn -0.9742 -0.2255 -0.0000
vn -0.9770 -0.2135 -0.0000
vn -0.9790 -0.2038 -0.0000
vn -0.9782 -0.2077 -0.0000
vn -0.8599 0.5105 -0.0000
vn -0.9575 -0.2886 -0.0000
vn -0.9611 -0.2762 -0.0000
vn -0.9640 -0.2661 -0.0000
vn -0.9662 -0.2576 -0.0000
vn -0.9681 -0.2507 -0.0000
vn -0.9695 -0.2449 -0.0000
vn -0.9707 -0.2403 -0.0000
vn -0.9716 -0.2366 -0.0000
vn -0.9723 -0.2339 -0.0000
vn -0.9727 -0.2322 -0.0000
vn -0.9729 -0.2314 -0.0000
vn -0.9753 -0.2207 -0.0000
vn -0.9767 -0.2145 -0.0000
vn -0.9748 -0.2232 -0.0000
vn -0.9727 -0.2319 -0.0000
vn -0.9705 -0.2410 -0.0000
vn -0.9680 -0.2510 -0.0000
vn -0.9651 -0.2620 -0.0000
vn -0.9616 -0.2744 -0.0000
vn -0.9574 -0.2887 -0.0000
vn -0.9522 -0.3055 -0.0000
vn -0.9456 -0.3253 -0.0000
vn -0.9370 -0.3492 -0.0000
vn -0.9280 -0.3727 -0.0000
vn -0.9198 -0.3923 -0.0000
vn -0.9119 -0.4104 -0.0000
vn -0.9041 -0.4273 -0.0000
vn -0.8963 -0.4434 -0.0000
vn -0.8885 -0.4589 -0.0000
vn -0.8805 -0.4741 -0.0000
vn -0.8722 -0.4891 -0.0000
vn -0.8636 -0.5042 -0.0000
vn -0.8545 -0.5195 -0.0000
vn -0.8447 -0.5352 -0.0000
vn -0.8341 -0.5516 -0.0000
vn -0.2840 -0.9588 -0.0000
vn 0.9644 -0.2645 -0.0000
vn 0.8131 0.5821 -0.0000
vn 0.8278 0.5610 -0.0000
vn 0.8409 0.5412 -0.0000
vn 0.8526 0.5226 -0.0000
vn 0.8633 0.5048 -0.0000
vn 0.8731 0.4875 -0.0000
vn 0.8824 0.4705 -0.0000
vn 0.8912 0.4536 -0.0000
vn 0.8998 0.4363 -0.0000
vn 0.9082 0.4185 -0.0000
vn 0.9168 0.3995 -0.0000
vn 0.9239 0.3826 -0.0000
vn 0.9318 0.3630 -0.0000
vn 0.9408 0.3389 -0.0000
vn 0.9484 0.3172 -0.0000
vn 0.9549 0.2969 -0.0000
vn 0.9607 0.2776 -0.0000
vn 0.9660 0.2586 -0.0000
vn 0.9709 0.2394 -0.0000
vn 0.9756 0.2196 -0.0000
vn 0.9801 0.1985 -0.0000
vn 0.9845 0.1756 -0.0000
vn 0.9887 0.1498 -0.0000
vn 0.5789 0.8154 -0.0000
vn -0.3739 0.9275 -0.0000
vn -0.8887 0.4584 -0.0000
vn -0.8940 0.4480 -0.0000
vn -0.8983 0.4394 -0.0000
vn -0.9018 0.4321 -0.0000
vn -0.9050 0.4254 -0.0000
vn -0.9080 0.4191 -0.0000
vn -0.9108 0.4129 -0.0000
vn -0.9136 0.4067 -0.0000
vn -0.9165 0.4001 -0.0000
vn -0.9196 0.3930 -0.0000
vn -0.9229 0.3850 -0.0000
vn -0.9265 0.3762 -0.0000
vn -0.9305 0.3664 -0.0000
vn -0.9342 0.3568 -0.0000
vn -0.9372 0.3487 -0.0000
vn -0.9398 0.3416 -0.0000
vn -0.9421 0.3353 -0.0000
vn -0.9442 0.3294 -0.0000
vn -0.9462 0.3236 -0.0000
vn -0.9482 0.3178 -0.0000
vn -0.9502 0.3116 -0.0000
vn -0.9524 0.3048 -0.0000
vn -0.9549 0.2969 -0.0000
vn -0.8872 -0.4613 -0.0000
vn 0.4818 -0.8763 -0.0000
vn 0.9666 -0.2562 -0.0000
vn 0.9623 -0.2719 -0.0000
vn 0.9585 -0.2852 -0.0000
vn 0.9550 -0.2967 -0.0000
vn 0.9517 -0.3069 -0.0000
vn 0.9487 -0.3161 -0.0000
vn 0.9459 -0.3245 -0.0000
vn 0.9432 -0.3322 -0.0000
vn 0.9406 -0.3396 -0.0000
vn 0.9380 -0.3467 -0.0000
vn 0.9354 -0.3537 -0.0000
vn 0.9321 -0.3621 -0.0000
vn 0.9283 -0.3717 -0.0000
vn 0.9247 -0.3806 -0.0000
vn 0.9213 -0.3889 -0.0000
vn 0.9179 -0.3969 -0.0000
vn 0.9143 -0.4050 -0.0000
vn 0.9105 -0.4135 -0.0000
vn 0.9063 -0.4226 -0.0000
vn 0.9015 -0.4327 -0.0000
vn 0.8958 -0.4444 -0.0000
vn 0.8887 -0.4584 -0.0000
vn 0.8795 -0.4758 -0.0000
vn 0.9320 0.3626 -0.0000
vn 0.0016 -1.0000 -0.0000
vn 0.7007 -0.7134 -0.0000
vn 0.6854 -0.7281 -0.0000
vn 0.6735 -0.7392 -0.0000
vn 0.6634 -0.7483 -0.0000
vn 0.6542 -0.7563 -0.0000
vn 0.6454 -0.7639 -0.0000
vn 0.6362 -0.7715 -0.0000
vn 0.6263 -0.7796 -0.0000
vn 0.6149 -0.7886 -0.0000
vn 0.6010 -0.7992 -0.0000
vn 0.5831 -0.8124 -0.0000
vn 0.9945 -0.1044 -0.0000
vn 0.1099 0.9939 -0.0000
vn -0.5730 0.8195 -0.0000
vn -0.5892 0.8080 -0.0000
vn -0.6018 0.7987 -0.0000
vn -0.6123 0.7907 -0.0000
vn -0.6216 0.7834 -0.0000
vn -0.6304 0.7763 -0.0000
vn -0.6391 0.7691 -0.0000
vn -0.6484 0.7613 -0.0000
vn -0.6587 0.7524 -0.0000
vn -0.6711 0.7414 -0.0000
vn -0.6868 0.7268 -0.0000
vn -1.0000 0.0080 -0.0000
vn 0.5769 0.8168 -0.0000
vn 0.6174 0.7867 -0.0000
vn 0.6543 0.7563 -0.0000
vn 0.6882 0.7255 -0.0000
vn 0.7197 0.6942 -0.0000
vn 0.7492 0.6623 -0.0000
vn 0.7772 0.6293 -0.0000
vn 0.8039 0.5948 -0.0000
vn 0.8297 0.5582 -0.0000
vn 0.8550 0.5186 -0.0000
vn 0.8800 0.4750 -0.0000
vn 0.0226 0.9997 -0.0000
vn -1.0000 -0.0030 -0.0000
vn -0.8570 -0.5153 -0.0000
vn -0.8348 -0.5506 -0.0000
vn -0.8117 -0.5841 -0.0000
vn -0.7876 -0.6162 -0.0000
vn -0.7623 -0.6472 -0.0000
vn -0.7356 -0.6775 -0.0000
vn -0.7072 -0.7070 -0.0000
vn -0.6769 -0.7360 -0.0000
vn -0.6446 -0.7645 -0.0000
vn -0.6098 -0.7925 -0.0000
vn -0.5725 -0.8199 -0.0000
vn -0.5381 -0.8429 -0.0000
vn -0.5125 -0.8587 -0.0000
vn -0.4903 -0.8716 -0.0000
vn -0.4662 -0.8847 -0.0000
vn -0.4402 -0.8979 -0.0000
vn -0.4126 -0.9109 -0.0000
vn -0.3834 -0.9236 -0.0000
vn -0.3527 -0.9357 -0.0000
vn -0.3207 -0.9472 -0.0000
vn -0.2876 -0.9577 -0.0000
vn -0.2536 -0.9673 -0.0000
vn -0.2188 -0.9758 -0.0000
vn 0.3868 -0.9221 -0.0000
vn 0.9151 0.4033 -0.0000
vn 0.1850 0.9827 -0.0000
vn 0.2227 0.9749 -0.0000
vn 0.2595 0.9657 -0.0000
vn 0.2954 0.9554 -0.0000
vn 0.3302 0.9439 -0.0000
vn 0.3635 0.9316 -0.0000
vn 0.3954 0.9185 -0.0000
vn 0.4256 0.9049 -0.0000
vn 0.4539 0.8910 -0.0000
vn 0.4804 0.8770 -0.0000
vn 0.5049 0.8632 -0.0000
vn 0.5362 0.8441 -0.0000
vn 0.0047 1.0000 -0.0000
vn 0.0196 0.9998 -0.0000
vn 0.0408 0.9992 -0.0000
vn 0.0639 0.9980 -0.0000
vn 0.0892 0.9960 -0.0000
vn 0.1166 0.9932 -0.0000
vn 0.1465 0.9892 -0.0000
vn 0.1789 0.9839 -0.0000
vn 0.2139 0.9768 -0.0000
vn 0.2517 0.9678 -0.0000
vn 0.2922 0.9563 -0.0000
vn 0.3354 0.9421 -0.0000
vn -0.0895 0.9960 -0.0000
vn -0.9714 0.2375 -0.0000
vn -0.8651 -0.5016 -0.0000
vn -0.8832 -0.4691 -0.0000
vn -0.8966 -0.4429 -0.0000
vn -0.9067 -0.4218 -0.0000
vn -0.9146 -0.4043 -0.0000
vn -0.9208 -0.3900 -0.0000
vn -0.9294 -0.3690 -0.0000
vn -0.9323 -0.3616 -0.0000
vn -0.9344 -0.3562 -0.0000
vn -0.9357 -0.3527 -0.0000
vn -0.9474 -0.3202 -0.0000
vn -0.9527 -0.3040 -0.0000
vn -0.9426 -0.3339 -0.0000
vn -0.9322 -0.3620 -0.0000
vn -0.9213 -0.3889 -0.0000
vn -0.9098 -0.4150 -0.0000
vn -0.8977 -0.4406 -0.0000
vn -0.8848 -0.4660 -0.0000
vn -0.8709 -0.4914 -0.0000
vn -0.8559 -0.5172 -0.0000
vn -0.8395 -0.5434 -0.0000
vn -0.8215 -0.5702 -0.0000
vn -0.9880 0.1543 -0.0000
vn -0.5969 0.8023 -0.0000
vn -0.5998 0.8001 -0.0000
vn -0.6027 0.7979 -0.0000
vn -0.6056 0.7957 -0.0000
vn -0.6085 0.7935 -0.0000
vn -0.6115 0.7913 -0.0000
vn -0.6144 0.7890 -0.0000
vn -0.6174 0.7866 -0.0000
vn -0.6205 0.7842 -0.0000
vn -0.6237 0.7817 -0.0000
vn -0.6271 0.7790 -0.0000
vn -0.9958 0.0915 -0.0000
vn -0.0676 -0.9977 -0.0000
vn 0.6622 -0.7493 -0.0000
vn 0.6562 -0.7546 -0.0000
vn 0.6509 -0.7592 -0.0000
vn 0.6463 -0.7631 -0.0000
vn 0.6422 -0.7665 -0.0000
vn 0.6387 -0.7694 -0.0000
vn 0.6357 -0.7719 -0.0000
vn 0.6332 -0.7740 -0.0000
vn 0.6311 -0.7757 -0.0000
vn 0.6294 -0.7771 -0.0000
vn 0.6280 -0.7782 -0.0000
vn -0.0706 -0.9975 -0.0000
vn -0.7177 -0.6964 -0.0000
vn -0.6902 -0.7236 -0.0000
vn -0.6612 -0.7502 -0.0000
vn -0.6308 -0.7760 -0.0000
vn -0.5990 -0.8008 -0.0000
vn -0.5659 -0.8245 -0.0000
vn -0.5316 -0.8470 -0.0000
vn -0.4964 -0.8681 -0.0000
vn -0.4604 -0.8877 -0.0000
vn -0.4238 -0.9058 -0.0000
vn -0.3866 -0.9222 -0.0000
vn 0.1663 -0.9861 -0.0000
vn 0.9812 0.1932 -0.0000
vn 0.3387 0.9409 -0.0000
vn 0.3824 0.9240 -0.0000
vn 0.4248 0.9053 -0.0000
vn 0.4658 0.8849 -0.0000
vn 0.5051 0.8631 -0.0000
vn 0.5428 0.8399 -0.0000
vn 0.5788 0.8155 -0.0000
vn 0.6130 0.7901 -0.0000
vn 0.6455 0.7638 -0.0000
vn 0.6762 0.7367 -0.0000
vn 0.7054 0.7088 -0.0000
vn 0.9960 -0.0897 -0.0000
vn 0.5819 -0.8133 -0.0000
vn 0.5783 -0.8158 -0.0000
vn 0.5746 -0.8185 -0.0000
vn 0.5707 -0.8211 -0.0000
vn 0.5668 -0.8239 -0.0000
vn 0.5626 -0.8267 -0.0000
vn 0.5582 -0.8297 -0.0000
vn 0.5534 -0.8329 -0.0000
vn 0.5483 -0.8363 -0.0000
vn 0.5428 -0.8399 -0.0000
vn 0.5367 -0.8438 -0.0000
vn 0.9933 -0.1157 -0.0000
vn 0.1334 0.9911 -0.0000
vn -0.5065 0.8622 -0.0000
vn -0.5137 0.8580 -0.0000
vn -0.5204 0.8539 -0.0000
vn -0.5268 0.8500 -0.0000
vn -0.5330 0.8461 -0.0000
vn -0.5390 0.8423 -0.0000
vn -0.5448 0.8386 -0.0000
vn -0.5505 0.8348 -0.0000
vn -0.5562 0.8310 -0.0000
vn -0.5619 0.8272 -0.0000
vn -0.5677 0.8233 -0.0000
vn 0.1691 0.9856 -0.0000
vn 0.8215 0.5702 -0.0000
vn 0.8399 0.5427 -0.0000
vn 0.8566 0.5160 -0.0000
vn 0.8719 0.4897 -0.0000
vn 0.8861 0.4635 -0.0000
vn 0.8995 0.4369 -0.0000
vn 0.9123 0.4095 -0.0000
vn 0.9247 0.3808 -0.0000
vn 0.9367 0.3501 -0.0000
vn 0.9486 0.3165 -0.0000
vn 0.9603 0.2790 -0.0000
vn 0.7934 -0.6087 -0.0000
vn -0.4532 -0.8914 -0.0000
vn -0.8007 -0.5990 -0.0000
vn -0.7858 -0.6185 -0.0000
vn -0.7699 -0.6381 -0.0000
vn -0.7531 -0.6579 -0.0000
vn -0.7350 -0.6780 -0.0000
vn -0.7158 -0.6983 -0.0000
vn -0.6951 -0.7189 -0.0000
vn -0.6729 -0.7397 -0.0000
vn -0.6491 -0.7607 -0.0000
vn -0.6234 -0.7819 -0.0000
vn -0.5959 -0.8031 -0.0000
vn 0.0197 -0.9998 -0.0000
vn 0.9993 0.0369 -0.0000
vn 0.6217 0.7832 -0.0000
vn 0.6624 0.7491 -0.0000
vn 0.6991 0.7150 -0.0000
vn 0.7321 0.6812 -0.0000
vn 0.7618 0.6478 -0.0000
vn 0.7884 0.6151 -0.0000
vn 0.8124 0.5832 -0.0000
vn 0.8340 0.5518 -0.0000
vn 0.8536 0.5210 -0.0000
vn 0.8716 0.4902 -0.0000
vn 0.8799 0.4752 -0.0000
vn 0.8844 0.4667 -0.0000
vn 0.8931 0.4499 -0.0000
vn 0.9007 0.4345 -0.0000
vn 0.9078 0.4194 -0.0000
vn 0.9147 0.4041 -0.0000
vn 0.9217 0.3878 -0.0000
vn 0.9290 0.3700 -0.0000
vn 0.9368 0.3499 -0.0000
vn 0.9452 0.3266 -0.0000
vn 0.9542 0.2990 -0.0000
vn 0.9641 0.2654 -0.0000
vn 0.4851 0.8745 -0.0000
vn -0.9407 0.3392 -0.0000
vn -0.8460 -0.5332 -0.0000
vn -0.8535 -0.5212 -0.0000
vn -0.8595 -0.5112 -0.0000
vn -0.8644 -0.5029 -0.0000
vn -0.8683 -0.4960 -0.0000
vn -0.8714 -0.4905 -0.0000
vn -0.8739 -0.4861 -0.0000
vn -0.8756 -0.4830 -0.0000
vn -0.8767 -0.4811 -0.0000
vn -0.8769 -0.4807 -0.0000
vn -0.8761 -0.4822 -0.0000
vn -0.8696 -0.4937 -0.0000
vn 0.0025 1.0000 -0.0000
vn 0.0098 1.0000 -0.0000
vn 0.0195 0.9998 -0.0000
vn 0.0290 0.9996 -0.0000
vn 0.0381 0.9993 -0.0000
vn 0.0469 0.9989 -0.0000
vn 0.0553 0.9985 -0.0000
vn 0.0633 0.9980 -0.0000
vn 0.0772 0.9970 -0.0000
vn 0.0828 0.9966 -0.0000
vn 0.0873 0.9962 -0.0000
vn -0.6748 0.7380 -0.0000
vn -0.6868 -0.7268 -0.0000
vn 0.0607 -0.9982 -0.0000
vn 0.0666 -0.9978 -0.0000
vn 0.0686 -0.9976 -0.0000
vn 0.0677 -0.9977 -0.0000
vn 0.0648 -0.9979 -0.0000
vn 0.0600 -0.9982 -0.0000
vn 0.0537 -0.9986 -0.0000
vn 0.0459 -0.9989 -0.0000
vn 0.0366 -0.9993 -0.0000
vn 0.0259 -0.9997 -0.0000
vn 0.0136 -0.9999 -0.0000
vn 0.0035 -1.0000 -0.0000
vn -0.0015 -1.0000 -0.0000
vn -0.0060 -1.0000 -0.0000
vn -0.0119 -0.9999 -0.0000
vn -0.0178 -0.9998 -0.0000
vn -0.0238 -0.9997 -0.0000
vn -0.0300 -0.9996 -0.0000
vn -0.0365 -0.9993 -0.0000
vn -0.0435 -0.9991 -0.0000
vn -0.0512 -0.9987 -0.0000
vn -0.0599 -0.9982 -0.0000
vn -0.0699 -0.9976 -0.0000
vn -0.0819 -0.9966 -0.0000
vn 0.6751 -0.7377 -0.0000
vn 0.6838 0.7297 -0.0000
vn -0.0633 0.9980 -0.0000
vn -0.0597 0.9982 -0.0000
vn -0.0557 0.9984 -0.0000
vn -0.0514 0.9987 -0.0000
vn -0.0467 0.9989 -0.0000
vn -0.0415 0.9991 -0.0000
vn -0.0360 0.9994 -0.0000
vn -0.0299 0.9996 -0.0000
vn -0.0234 0.9997 -0.0000
vn -0.0162 0.9999 -0.0000
vn -0.0084 1.0000 -0.0000
vn -0.0022 1.0000 -0.0000
vt 0.821918 0.000000
vt 0.849315 0.000000
vt 0.835616 0.000000
vt 0.301370 0.000000
vt 0.328767 0.000000
vt 0.315068 0.000000
vt 0.863014 0.000000
vt 0.287671 0.000000
vt 0.876712 0.000000
vt 0.273973 0.000000
vt 0.890411 0.000000
vt 0.260274 0.000000
vt 0.904110 0.000000
vt 0.246575 0.000000
vt 0.917808 0.000000
vt 0.232877 0.000000
vt 0.931507 0.000000
vt 0.219178 0.000000
vt 0.945205 0.000000
vt 0.205479 0.000000
vt 0.958904 0.000000
vt 0.191781 0.000000
vt 0.972603 0.000000
vt 0.178082 0.000000
vt 0.986301 0.000000
vt 0.164384 0.000000
vt 1.000000 0.000000
vt 0.150685 0.000000
vt 0.000000 0.000000
vt 0.013699 0.000000
vt 0.027397 0.000000
vt 0.041096 0.000000
vt 0.054795 0.000000
vt 0.068493 0.000000
vt 0.082192 0.000000
vt 0.095890 0.000000
vt 0.109589 0.000000
vt 0.123288 0.000000
vt 0.136986 0.000000
vt 0.808219 0.000000
vt 0.794521 0.000000
vt 0.780822 0.000000
vt 0.767123 0.000000
vt 0.753425 0.000000
vt 0.739726 0.000000
vt 0.726027 0.000000
vt 0.712329 0.000000
vt 0.698630 0.000000
vt 0.684932 0.000000
vt 0.671233 0.000000
vt 0.657534 0.000000
vt 0.643836 0.000000
vt 0.630137 0.000000
vt 0.616438 0.000000
vt 0.589041 0.000000
vt 0.547945 0.000000
vt 0.506849 0.000000
vt 0.493151 0.000000
vt 0.479452 0.000000
vt 0.465753 0.000000
vt 0.452055 0.000000
vt 0.438356 0.000000
vt 0.424658 0.000000
vt 0.410959 0.000000
vt 0.397260 0.000000
vt 0.602740 0.000000
vt 0.575342 0.000000
vt 0.561644 0.000000
vt 0.534247 0.000000
vt 0.520548 0.000000
vt 0.383562 0.000000
vt 0.369863 0.000000
vt 0.356164 0.000000
vt 0.342466 0.000000
vt 0.920455 0.000000
vt 0.931818 0.000000
vt 0.926136 0.000000
vt 0.914773 0.000000
vt 0.909091 0.000000
vt 0.903409 0.000000
vt 0.897727 0.000000
vt 0.937500 0.000000
vt 0.892045 0.000000
vt 0.943182 0.000000
vt 0.886364 0.000000
vt 0.948864 0.000000
vt 0.880682 0.000000
vt 0.954545 0.000000
vt 0.875000 0.000000
vt 0.960227 0.000000
vt 0.869318 0.000000
vt 0.965909 0.000000
vt 0.863636 0.000000
vt 0.971591 0.000000
vt 0.857955 0.000000
vt 0.977273 0.000000
vt 0.852273 0.000000
vt 0.982955 0.000000
vt 0.988636 0.000000
vt 0.994318 0.000000
vt 0.846591 0.000000
vt 0.840909 0.000000
vt 0.068182 0.000000
vt 0.079545 0.000000
vt 0.073864 0.000000
vt 0.062500 0.000000
vt 0.056818 0.000000
vt 0.051136 0.000000
vt 0.045455 0.000000
vt 0.039773 0.000000
vt 0.034091 0.000000
vt 0.028409 0.000000
vt 0.022727 0.000000
vt 0.017045 0.000000
vt 0.011364 0.000000
vt 0.005682 0.000000
vt 0.835227 0.000000
vt 0.085227 0.000000
vt 0.090909 0.000000
vt 0.096591 0.000000
vt 0.102273 0.000000
vt 0.829545 0.000000
vt 0.107955 0.000000
vt 0.113636 0.000000
vt 0.119318 0.000000
vt 0.715909 0.000000
vt 0.125000 0.000000
vt 0.130682 0.000000
vt 0.710227 0.000000
vt 0.136364 0.000000
vt 0.721591 0.000000
vt 0.704545 0.000000
vt 0.823864 0.000000
vt 0.142045 0.000000
vt 0.147727 0.000000
vt 0.153409 0.000000
vt 0.698864 0.000000
vt 0.727273 0.000000
vt 0.818182 0.000000
vt 0.159091 0.000000
vt 0.693182 0.000000
vt 0.732955 0.000000
vt 0.164773 0.000000
vt 0.812500 0.000000
vt 0.687500 0.000000
vt 0.738636 0.000000
vt 0.170455 0.000000
vt 0.681818 0.000000
vt 0.744318 0.000000
vt 0.806818 0.000000
vt 0.176136 0.000000
vt 0.676136 0.000000
vt 0.750000 0.000000
vt 0.801136 0.000000
vt 0.670455 0.000000
vt 0.755682 0.000000
vt 0.181818 0.000000
vt 0.568182 0.000000
vt 0.579545 0.000000
vt 0.573864 0.000000
vt 0.585227 0.000000
vt 0.795455 0.000000
vt 0.761364 0.000000
vt 0.664773 0.000000
vt 0.590909 0.000000
vt 0.187500 0.000000
vt 0.596591 0.000000
vt 0.767045 0.000000
vt 0.602273 0.000000
vt 0.659091 0.000000
vt 0.789773 0.000000
vt 0.193182 0.000000
vt 0.607955 0.000000
vt 0.562500 0.000000
vt 0.772727 0.000000
vt 0.613636 0.000000
vt 0.556818 0.000000
vt 0.653409 0.000000
vt 0.784091 0.000000
vt 0.619318 0.000000
vt 0.551136 0.000000
vt 0.198864 0.000000
vt 0.778409 0.000000
vt 0.625000 0.000000
vt 0.545455 0.000000
vt 0.647727 0.000000
vt 0.539773 0.000000
vt 0.630682 0.000000
vt 0.204545 0.000000
vt 0.534091 0.000000
vt 0.636364 0.000000
vt 0.642045 0.000000
vt 0.528409 0.000000
vt 0.210227 0.000000
vt 0.522727 0.000000
vt 0.517045 0.000000
vt 0.215909 0.000000
vt 0.511364 0.000000
vt 0.505682 0.000000
vt 0.221591 0.000000
vt 0.500000 0.000000
vt 0.227273 0.000000
vt 0.232955 0.000000
vt 0.494318 0.000000
vt 0.238636 0.000000
vt 0.244318 0.000000
vt 0.250000 0.000000
vt 0.488636 0.000000
vt 0.255682 0.000000
vt 0.261364 0.000000
vt 0.357955 0.000000
vt 0.267045 0.000000
vt 0.482955 0.000000
vt 0.363636 0.000000
vt 0.352273 0.000000
vt 0.272727 0.000000
vt 0.346591 0.000000
vt 0.278409 0.000000
vt 0.284091 0.000000
vt 0.340909 0.000000
vt 0.335227 0.000000
vt 0.329545 0.000000
vt 0.323864 0.000000
vt 0.318182 0.000000
vt 0.312500 0.000000
vt 0.306818 0.000000
vt 0.301136 0.000000
vt 0.295455 0.000000
vt 0.289773 0.000000
vt 0.477273 0.000000
vt 0.369318 0.000000
vt 0.471591 0.000000
vt 0.375000 0.000000
vt 0.465909 0.000000
vt 0.380682 0.000000
vt 0.460227 0.000000
vt 0.386364 0.000000
vt 0.454545 0.000000
vt 0.392045 0.000000
vt 0.448864 0.000000
vt 0.397727 0.000000
vt 0.443182 0.000000
vt 0.403409 0.000000
vt 0.437500 0.000000
vt 0.431818 0.000000
vt 0.409091 0.000000
vt 0.426136 0.000000
vt 0.414773 0.000000
vt 0.420455 0.000000
vt 0.160000 0.000000
vt 0.186667 0.000000
vt 0.173333 0.000000
vt 0.200000 0.000000
vt 0.213333 0.000000
vt 0.226667 0.000000
vt 0.146667 0.000000
vt 0.240000 0.000000
vt 0.133333 0.000000
vt 0.253333 0.000000
vt 0.120000 0.000000
vt 0.266667 0.000000
vt 0.106667 0.000000
vt 0.280000 0.000000
vt 0.093333 0.000000
vt 0.293333 0.000000
vt 0.080000 0.000000
vt 0.480000 0.000000
vt 0.506667 0.000000
vt 0.493333 0.000000
vt 0.306667 0.000000
vt 0.066667 0.000000
vt 0.320000 0.000000
vt 0.053333 0.000000
vt 0.466667 0.000000
vt 0.333333 0.000000
vt 0.040000 0.000000
vt 0.026667 0.000000
vt 0.013333 0.000000
vt 0.453333 0.000000
vt 0.520000 0.000000
vt 0.440000 0.000000
vt 0.533333 0.000000
vt 0.426667 0.000000
vt 0.546667 0.000000
vt 0.413333 0.000000
vt 0.560000 0.000000
vt 0.400000 0.000000
vt 0.573333 0.000000
vt 0.386667 0.000000
vt 0.586667 0.000000
vt 0.373333 0.000000
vt 0.600000 0.000000
vt 0.360000 0.000000
vt 0.613333 0.000000
vt 0.346667 0.000000
vt 0.626667 0.000000
vt 0.640000 0.000000
vt 0.986667 0.000000
vt 0.973333 0.000000
vt 0.653333 0.000000
vt 0.960000 0.000000
vt 0.946667 0.000000
vt 0.666667 0.000000
vt 0.933333 0.000000
vt 0.920000 0.000000
vt 0.680000 0.000000
vt 0.906667 0.000000
vt 0.693333 0.000000
vt 0.893333 0.000000
vt 0.706667 0.000000
vt 0.880000 0.000000
vt 0.720000 0.000000
vt 0.866667 0.000000
vt 0.853333 0.000000
vt 0.733333 0.000000
vt 0.840000 0.000000
vt 0.826667 0.000000
vt 0.746667 0.000000
vt 0.760000 0.000000
vt 0.773333 0.000000
vt 0.786667 0.000000
vt 0.800000 0.000000
vt 0.813333 0.000000
vt 0.990991 0.000000
vt 0.450450 0.000000
vt 0.459459 0.000000
vt 0.468468 0.000000
vt 0.981982 0.000000
vt 0.477477 0.000000
vt 0.486486 0.000000
vt 0.495495 0.000000
vt 0.504505 0.000000
vt 0.513514 0.000000
vt 0.972973 0.000000
vt 0.522523 0.000000
vt 0.531532 0.000000
vt 0.540541 0.000000
vt 0.549550 0.000000
vt 0.558559 0.000000
vt 0.567568 0.000000
vt 0.963964 0.000000
vt 0.576577 0.000000
vt 0.954955 0.000000
vt 0.585586 0.000000
vt 0.594595 0.000000
vt 0.945946 0.000000
vt 0.603604 0.000000
vt 0.936937 0.000000
vt 0.612613 0.000000
vt 0.927928 0.000000
vt 0.621622 0.000000
vt 0.918919 0.000000
vt 0.630631 0.000000
vt 0.909910 0.000000
vt 0.639640 0.000000
vt 0.900901 0.000000
vt 0.648649 0.000000
vt 0.891892 0.000000
vt 0.657658 0.000000
vt 0.882883 0.000000
vt 0.873874 0.000000
vt 0.675676 0.000000
vt 0.864865 0.000000
vt 0.684685 0.000000
vt 0.855856 0.000000
vt 0.693694 0.000000
vt 0.846847 0.000000
vt 0.702703 0.000000
vt 0.837838 0.000000
vt 0.711712 0.000000
vt 0.828829 0.000000
vt 0.720721 0.000000
vt 0.819820 0.000000
vt 0.729730 0.000000
vt 0.810811 0.000000
vt 0.738739 0.000000
vt 0.801802 0.000000
vt 0.747748 0.000000
vt 0.792793 0.000000
vt 0.756757 0.000000
vt 0.783784 0.000000
vt 0.765766 0.000000
vt 0.774775 0.000000
vt 0.441441 0.000000
vt 0.009009 0.000000
vt 0.018018 0.000000
vt 0.432432 0.000000
vt 0.027027 0.000000
vt 0.423423 0.000000
vt 0.036036 0.000000
vt 0.414414 0.000000
vt 0.045045 0.000000
vt 0.405405 0.000000
vt 0.054054 0.000000
vt 0.396396 0.000000
vt 0.063063 0.000000
vt 0.387387 0.000000
vt 0.072072 0.000000
vt 0.378378 0.000000
vt 0.369369 0.000000
vt 0.081081 0.000000
vt 0.360360 0.000000
vt 0.090090 0.000000
vt 0.351351 0.000000
vt 0.099099 0.000000
vt 0.108108 0.000000
vt 0.342342 0.000000
vt 0.117117 0.000000
vt 0.126126 0.000000
vt 0.324324 0.000000
vt 0.135135 0.000000
vt 0.315315 0.000000
vt 0.144144 0.000000
vt 0.306306 0.000000
vt 0.297297 0.000000
vt 0.153153 0.000000
vt 0.288288 0.000000
vt 0.162162 0.000000
vt 0.279279 0.000000
vt 0.171171 0.000000
vt 0.270270 0.000000
vt 0.180180 0.000000
vt 0.261261 0.000000
vt 0.189189 0.000000
vt 0.252252 0.000000
vt 0.198198 0.000000
vt 0.243243 0.000000
vt 0.207207 0.000000
vt 0.234234 0.000000
vt 0.216216 0.000000
vt 0.225225 0.000000
vt 0.068966 0.000000
vt 0.080460 0.000000
vt 0.074713 0.000000
vt 0.086207 0.000000
vt 0.091954 0.000000
vt 0.063218 0.000000
vt 0.844828 0.000000
vt 0.856322 0.000000
vt 0.850575 0.000000
vt 0.097701 0.000000
vt 0.057471 0.000000
vt 0.862069 0.000000
vt 0.103448 0.000000
vt 0.051724 0.000000
vt 0.867816 0.000000
vt 0.839080 0.000000
vt 0.109195 0.000000
vt 0.045977 0.000000
vt 0.873563 0.000000
vt 0.833333 0.000000
vt 0.040230 0.000000
vt 0.114943 0.000000
vt 0.827586 0.000000
vt 0.879310 0.000000
vt 0.034483 0.000000
vt 0.821839 0.000000
vt 0.120690 0.000000
vt 0.885057 0.000000
vt 0.816092 0.000000
vt 0.028736 0.000000
vt 0.126437 0.000000
vt 0.890805 0.000000
vt 0.810345 0.000000
vt 0.022989 0.000000
vt 0.132184 0.000000
vt 0.896552 0.000000
vt 0.804598 0.000000
vt 0.017241 0.000000
vt 0.137931 0.000000
vt 0.902299 0.000000
vt 0.798851 0.000000
vt 0.143678 0.000000
vt 0.011494 0.000000
vt 0.908046 0.000000
vt 0.793103 0.000000
vt 0.005747 0.000000
vt 0.913793 0.000000
vt 0.787356 0.000000
vt 0.919540 0.000000
vt 0.781609 0.000000
vt 0.925287 0.000000
vt 0.775862 0.000000
vt 0.563218 0.000000
vt 0.574713 0.000000
vt 0.568965 0.000000
vt 0.580460 0.000000
vt 0.586207 0.000000
vt 0.591954 0.000000
vt 0.597701 0.000000
vt 0.770115 0.000000
vt 0.603448 0.000000
vt 0.764368 0.000000
vt 0.609195 0.000000
vt 0.758621 0.000000
vt 0.614943 0.000000
vt 0.752874 0.000000
vt 0.620690 0.000000
vt 0.747126 0.000000
vt 0.741379 0.000000
vt 0.626437 0.000000
vt 0.735632 0.000000
vt 0.632184 0.000000
vt 0.729885 0.000000
vt 0.724138 0.000000
vt 0.637931 0.000000
vt 0.718391 0.000000
vt 0.712644 0.000000
vt 0.706897 0.000000
vt 0.643678 0.000000
vt 0.649425 0.000000
vt 0.655172 0.000000
vt 0.660920 0.000000
vt 0.672414 0.000000
vt 0.678161 0.000000
vt 0.683908 0.000000
vt 0.689655 0.000000
vt 0.695402 0.000000
vt 0.701149 0.000000
vt 0.931035 0.000000
vt 0.936782 0.000000
vt 0.942529 0.000000
vt 0.948276 0.000000
vt 0.954023 0.000000
vt 0.540230 0.000000
vt 0.534483 0.000000
vt 0.959770 0.000000
vt 0.528736 0.000000
vt 0.522988 0.000000
vt 0.965517 0.000000
vt 0.517241 0.000000
vt 0.971264 0.000000
vt 0.511494 0.000000
vt 0.977012 0.000000
vt 0.505747 0.000000
vt 0.982759 0.000000
vt 0.988506 0.000000
vt 0.494253 0.000000
vt 0.488506 0.000000
vt 0.482759 0.000000
vt 0.477012 0.000000
vt 0.471264 0.000000
vt 0.465517 0.000000
vt 0.459770 0.000000
vt 0.454023 0.000000
vt 0.448276 0.000000
vt 0.442529 0.000000
vt 0.436782 0.000000
vt 0.431034 0.000000
vt 0.425287 0.000000
vt 0.994253 0.000000
vt 0.419540 0.000000
vt 0.545977 0.000000
vt 0.551724 0.000000
vt 0.557471 0.000000
vt 0.149425 0.000000
vt 0.413793 0.000000
vt 0.155172 0.000000
vt 0.408046 0.000000
vt 0.160920 0.000000
vt 0.402299 0.000000
vt 0.166667 0.000000
vt 0.396552 0.000000
vt 0.172414 0.000000
vt 0.390805 0.000000
vt 0.178161 0.000000
vt 0.385057 0.000000
vt 0.183908 0.000000
vt 0.379310 0.000000
vt 0.373563 0.000000
vt 0.189655 0.000000
vt 0.367816 0.000000
vt 0.195402 0.000000
vt 0.362069 0.000000
vt 0.201149 0.000000
vt 0.356322 0.000000
vt 0.206897 0.000000
vt 0.350575 0.000000
vt 0.212644 0.000000
vt 0.344828 0.000000
vt 0.218391 0.000000
vt 0.339080 0.000000
vt 0.224138 0.000000
vt 0.327586 0.000000
vt 0.229885 0.000000
vt 0.321839 0.000000
vt 0.235632 0.000000
vt 0.316092 0.000000
vt 0.241379 0.000000
vt 0.310345 0.000000
vt 0.304598 0.000000
vt 0.247126 0.000000
vt 0.298851 0.000000
vt 0.252874 0.000000
vt 0.293103 0.000000
vt 0.258621 0.000000
vt 0.287356 0.000000
vt 0.281609 0.000000
vt 0.264368 0.000000
vt 0.270115 0.000000
vt 0.275862 0.000000
vt 0.130841 0.000000
vt 0.149533 0.000000
vt 0.140187 0.000000
vt 0.364486 0.000000
vt 0.383178 0.000000
vt 0.373832 0.000000
vt 0.355140 0.000000
vt 0.158879 0.000000
vt 0.345794 0.000000
vt 0.168224 0.000000
vt 0.336449 0.000000
vt 0.177570 0.000000
vt 0.327103 0.000000
vt 0.317757 0.000000
vt 0.186916 0.000000
vt 0.308411 0.000000
vt 0.196262 0.000000
vt 0.299065 0.000000
vt 0.205607 0.000000
vt 0.214953 0.000000
vt 0.289720 0.000000
vt 0.224299 0.000000
vt 0.280374 0.000000
vt 0.233645 0.000000
vt 0.271028 0.000000
vt 0.242991 0.000000
vt 0.261682 0.000000
vt 0.252336 0.000000
vt 0.121495 0.000000
vt 0.112150 0.000000
vt 0.102804 0.000000
vt 0.093458 0.000000
vt 0.084112 0.000000
vt 0.074766 0.000000
vt 0.065421 0.000000
vt 0.056075 0.000000
vt 0.046729 0.000000
vt 0.037383 0.000000
vt 0.028037 0.000000
vt 0.018692 0.000000
vt 0.009346 0.000000
vt 0.495327 0.000000
vt 0.485981 0.000000
vt 0.476636 0.000000
vt 0.467290 0.000000
vt 0.457944 0.000000
vt 0.448598 0.000000
vt 0.439252 0.000000
vt 0.429907 0.000000
vt 0.420561 0.000000
vt 0.411215 0.000000
vt 0.401869 0.000000
vt 0.392523 0.000000
vt 0.504673 0.000000
vt 0.514019 0.000000
vt 0.878505 0.000000
vt 0.897196 0.000000
vt 0.887850 0.000000
vt 0.626168 0.000000
vt 0.644860 0.000000
vt 0.635514 0.000000
vt 0.906542 0.000000
vt 0.616822 0.000000
vt 0.915888 0.000000
vt 0.607477 0.000000
vt 0.925234 0.000000
vt 0.598131 0.000000
vt 0.934579 0.000000
vt 0.588785 0.000000
vt 0.943925 0.000000
vt 0.579439 0.000000
vt 0.953271 0.000000
vt 0.570093 0.000000
vt 0.962617 0.000000
vt 0.560748 0.000000
vt 0.971963 0.000000
vt 0.551402 0.000000
vt 0.981308 0.000000
vt 0.542056 0.000000
vt 0.990654 0.000000
vt 0.532710 0.000000
vt 0.523364 0.000000
vt 0.869159 0.000000
vt 0.859813 0.000000
vt 0.850467 0.000000
vt 0.841121 0.000000
vt 0.831776 0.000000
vt 0.822430 0.000000
vt 0.813084 0.000000
vt 0.803738 0.000000
vt 0.794393 0.000000
vt 0.785047 0.000000
vt 0.775701 0.000000
vt 0.766355 0.000000
vt 0.757009 0.000000
vt 0.747664 0.000000
vt 0.738318 0.000000
vt 0.728972 0.000000
vt 0.719626 0.000000
vt 0.710280 0.000000
vt 0.700935 0.000000
vt 0.691589 0.000000
vt 0.682243 0.000000
vt 0.672897 0.000000
vt 0.663551 0.000000
vt 0.654206 0.000000
vt 0.781915 0.000000
vt 0.792553 0.000000
vt 0.787234 0.000000
vt 0.797872 0.000000
vt 0.776596 0.000000
vt 0.803191 0.000000
vt 0.771277 0.000000
vt 0.808511 0.000000
vt 0.765957 0.000000
vt 0.813830 0.000000
vt 0.760638 0.000000
vt 0.819149 0.000000
vt 0.755319 0.000000
vt 0.824468 0.000000
vt 0.829787 0.000000
vt 0.744681 0.000000
vt 0.835106 0.000000
vt 0.739362 0.000000
vt 0.840426 0.000000
vt 0.734043 0.000000
vt 0.845745 0.000000
vt 0.728723 0.000000
vt 0.851064 0.000000
vt 0.723404 0.000000
vt 0.856383 0.000000
vt 0.718085 0.000000
vt 0.861702 0.000000
vt 0.925532 0.000000
vt 0.936170 0.000000
vt 0.930851 0.000000
vt 0.920213 0.000000
vt 0.914894 0.000000
vt 0.909574 0.000000
vt 0.643617 0.000000
vt 0.654255 0.000000
vt 0.648936 0.000000
vt 0.904255 0.000000
vt 0.659574 0.000000
vt 0.898936 0.000000
vt 0.664894 0.000000
vt 0.893617 0.000000
vt 0.670213 0.000000
vt 0.675532 0.000000
vt 0.888298 0.000000
vt 0.680851 0.000000
vt 0.882979 0.000000
vt 0.686170 0.000000
vt 0.691489 0.000000
vt 0.877660 0.000000
vt 0.696809 0.000000
vt 0.872340 0.000000
vt 0.702128 0.000000
vt 0.707447 0.000000
vt 0.867021 0.000000
vt 0.712766 0.000000
vt 0.638298 0.000000
vt 0.632979 0.000000
vt 0.627660 0.000000
vt 0.622340 0.000000
vt 0.941489 0.000000
vt 0.617021 0.000000
vt 0.946809 0.000000
vt 0.952128 0.000000
vt 0.611702 0.000000
vt 0.957447 0.000000
vt 0.606383 0.000000
vt 0.962766 0.000000
vt 0.601064 0.000000
vt 0.968085 0.000000
vt 0.973404 0.000000
vt 0.595745 0.000000
vt 0.978723 0.000000
vt 0.590426 0.000000
vt 0.984043 0.000000
vt 0.585106 0.000000
vt 0.319149 0.000000
vt 0.989362 0.000000
vt 0.579787 0.000000
vt 0.324468 0.000000
vt 0.329787 0.000000
vt 0.313830 0.000000
vt 0.994681 0.000000
vt 0.574468 0.000000
vt 0.335106 0.000000
vt 0.569149 0.000000
vt 0.308511 0.000000
vt 0.340426 0.000000
vt 0.005319 0.000000
vt 0.563830 0.000000
vt 0.345745 0.000000
vt 0.303191 0.000000
vt 0.558511 0.000000
vt 0.010638 0.000000
vt 0.351064 0.000000
vt 0.297872 0.000000
vt 0.553191 0.000000
vt 0.356383 0.000000
vt 0.015957 0.000000
vt 0.547872 0.000000
vt 0.361702 0.000000
vt 0.292553 0.000000
vt 0.021277 0.000000
vt 0.542553 0.000000
vt 0.367021 0.000000
vt 0.287234 0.000000
vt 0.537234 0.000000
vt 0.372340 0.000000
vt 0.026596 0.000000
vt 0.531915 0.000000
vt 0.377660 0.000000
vt 0.281915 0.000000
vt 0.526596 0.000000
vt 0.031915 0.000000
vt 0.382979 0.000000
vt 0.521277 0.000000
vt 0.388298 0.000000
vt 0.276596 0.000000
vt 0.515957 0.000000
vt 0.393617 0.000000
vt 0.510638 0.000000
vt 0.037234 0.000000
vt 0.398936 0.000000
vt 0.505319 0.000000
vt 0.404255 0.000000
vt 0.409574 0.000000
vt 0.494681 0.000000
vt 0.271277 0.000000
vt 0.414894 0.000000
vt 0.489362 0.000000
vt 0.420213 0.000000
vt 0.484043 0.000000
vt 0.425532 0.000000
vt 0.042553 0.000000
vt 0.478723 0.000000
vt 0.430851 0.000000
vt 0.473404 0.000000
vt 0.436170 0.000000
vt 0.265957 0.000000
vt 0.468085 0.000000
vt 0.441489 0.000000
vt 0.462766 0.000000
vt 0.446809 0.000000
vt 0.457447 0.000000
vt 0.452128 0.000000
vt 0.047872 0.000000
vt 0.260638 0.000000
vt 0.053191 0.000000
vt 0.255319 0.000000
vt 0.058511 0.000000
vt 0.063830 0.000000
vt 0.244681 0.000000
vt 0.239362 0.000000
vt 0.069149 0.000000
vt 0.234043 0.000000
vt 0.074468 0.000000
vt 0.228723 0.000000
vt 0.223404 0.000000
vt 0.079787 0.000000
vt 0.218085 0.000000
vt 0.212766 0.000000
vt 0.085106 0.000000
vt 0.207447 0.000000
vt 0.090426 0.000000
vt 0.202128 0.000000
vt 0.196809 0.000000
vt 0.191489 0.000000
vt 0.095745 0.000000
vt 0.186170 0.000000
vt 0.180851 0.000000
vt 0.175532 0.000000
vt 0.170213 0.000000
vt 0.164894 0.000000
vt 0.159574 0.000000
vt 0.101064 0.000000
vt 0.154255 0.000000
vt 0.148936 0.000000
vt 0.143617 0.000000
vt 0.138298 0.000000
vt 0.132979 0.000000
vt 0.127660 0.000000
vt 0.122340 0.000000
vt 0.106383 0.000000
vt 0.111702 0.000000
vt 0.117021 0.000000
vt 0.000000 1.000000
vt 0.005291 1.000000
vt 0.005291 0.000000
vt 0.010582 1.000000
vt 0.010582 0.000000
vt 0.015873 1.000000
vt 0.015873 0.000000
vt 0.021164 1.000000
vt 0.021164 0.000000
vt 0.026455 1.000000
vt 0.026455 0.000000
vt 0.031746 1.000000
vt 0.031746 0.000000
vt 0.037037 1.000000
vt 0.037037 0.000000
vt 0.042328 1.000000
vt 0.042328 0.000000
vt 0.047619 1.000000
vt 0.047619 0.000000
vt 0.052910 1.000000
vt 0.052910 0.000000
vt 0.058201 1.000000
vt 0.058201 0.000000
vt 0.063492 1.000000
vt 0.063492 0.000000
vt 0.068783 1.000000
vt 0.068783 0.000000
vt 0.074074 1.000000
vt 0.074074 0.000000
vt 0.079365 1.000000
vt 0.079365 0.000000
vt 0.084656 1.000000
vt 0.084656 0.000000
vt 0.089947 1.000000
vt 0.089947 0.000000
vt 0.095238 1.000000
vt 0.095238 0.000000
vt 0.100529 1.000000
vt 0.100529 0.000000
vt 0.105820 1.000000
vt 0.105820 0.000000
vt 0.111111 1.000000
vt 0.111111 0.000000
vt 0.116402 1.000000
vt 0.116402 0.000000
vt 0.121693 1.000000
vt 0.121693 0.000000
vt 0.126984 1.000000
vt 0.126984 0.000000
vt 0.132275 1.000000
vt 0.132275 0.000000
vt 0.137566 1.000000
vt 0.137566 0.000000
vt 0.142857 1.000000
vt 0.142857 0.000000
vt 0.148148 1.000000
vt 0.148148 0.000000
vt 0.153439 1.000000
vt 0.153439 0.000000
vt 0.158730 1.000000
vt 0.158730 0.000000
vt 0.164021 1.000000
vt 0.164021 0.000000
vt 0.169312 1.000000
vt 0.169312 0.000000
vt 0.174603 1.000000
vt 0.174603 0.000000
vt 0.179894 1.000000
vt 0.179894 0.000000
vt 0.185185 1.000000
vt 0.185185 0.000000
vt 0.190476 1.000000
vt 0.190476 0.000000
vt 0.195767 1.000000
vt 0.195767 0.000000
vt 0.201058 1.000000
vt 0.201058 0.000000
vt 0.206349 1.000000
vt 0.206349 0.000000
vt 0.211640 1.000000
vt 0.211640 0.000000
vt 0.216931 1.000000
vt 0.216931 0.000000
vt 0.222222 1.000000
vt 0.222222 0.000000
vt 0.227513 1.000000
vt 0.227513 0.000000
vt 0.232804 1.000000
vt 0.232804 0.000000
vt 0.238095 1.000000
vt 0.238095 0.000000
vt 0.243386 1.000000
vt 0.243386 0.000000
vt 0.248677 1.000000
vt 0.248677 0.000000
vt 0.253968 1.000000
vt 0.253968 0.000000
vt 0.259259 1.000000
vt 0.259259 0.000000
vt 0.264550 1.000000
vt 0.264550 0.000000
vt 0.269841 1.000000
vt 0.269841 0.000000
vt 0.275132 1.000000
vt 0.275132 0.000000
vt 0.280423 1.000000
vt 0.280423 0.000000
vt 0.285714 1.000000
vt 0.285714 0.000000
vt 0.291005 1.000000
vt 0.291005 0.000000
vt 0.296296 1.000000
vt 0.296296 0.000000
vt 0.301587 1.000000
vt 0.301587 0.000000
vt 0.306878 1.000000
vt 0.306878 0.000000
vt 0.312169 1.000000
vt 0.312169 0.000000
vt 0.317460 1.000000
vt 0.317460 0.000000
vt 0.322751 1.000000
vt 0.322751 0.000000
vt 0.328042 1.000000
vt 0.328042 0.000000
vt 0.333333 1.000000
vt 0.338624 1.000000
vt 0.338624 0.000000
vt 0.343915 1.000000
vt 0.343915 0.000000
vt 0.349206 1.000000
vt 0.349206 0.000000
vt 0.354497 1.000000
vt 0.354497 0.000000
vt 0.359788 1.000000
vt 0.359788 0.000000
vt 0.365079 1.000000
vt 0.365079 0.000000
vt 0.370370 1.000000
vt 0.370370 0.000000
vt 0.375661 1.000000
vt 0.375661 0.000000
vt 0.380952 1.000000
vt 0.380952 0.000000
vt 0.386243 1.000000
vt 0.386243 0.000000
vt 0.391534 1.000000
vt 0.391534 0.000000
vt 0.396825 1.000000
vt 0.396825 0.000000
vt 0.402116 1.000000
vt 0.402116 0.000000
vt 0.407407 1.000000
vt 0.407407 0.000000
vt 0.412698 1.000000
vt 0.412698 0.000000
vt 0.417989 1.000000
vt 0.417989 0.000000
vt 0.423280 1.000000
vt 0.423280 0.000000
vt 0.428571 1.000000
vt 0.428571 0.000000
vt 0.433862 1.000000
vt 0.433862 0.000000
vt 0.439153 1.000000
vt 0.439153 0.000000
vt 0.444444 1.000000
vt 0.444444 0.000000
vt 0.449735 1.000000
vt 0.449735 0.000000
vt 0.455026 1.000000
vt 0.455026 0.000000
vt 0.460317 1.000000
vt 0.460317 0.000000
vt 0.465608 1.000000
vt 0.465608 0.000000
vt 0.470899 1.000000
vt 0.470899 0.000000
vt 0.476190 1.000000
vt 0.476190 0.000000
vt 0.481481 1.000000
vt 0.481481 0.000000
vt 0.486772 1.000000
vt 0.486772 0.000000
vt 0.492063 1.000000
vt 0.492063 0.000000
vt 0.497355 1.000000
vt 0.497355 0.000000
vt 0.502645 1.000000
vt 0.502645 0.000000
vt 0.507937 1.000000
vt 0.507937 0.000000
vt 0.513228 1.000000
vt 0.513228 0.000000
vt 0.518519 1.000000
vt 0.518519 0.000000
vt 0.523810 1.000000
vt 0.523810 0.000000
vt 0.529101 1.000000
vt 0.529101 0.000000
vt 0.534392 1.000000
vt 0.534392 0.000000
vt 0.539683 1.000000
vt 0.539683 0.000000
vt 0.544974 1.000000
vt 0.544974 0.000000
vt 0.550265 1.000000
vt 0.550265 0.000000
vt 0.555556 1.000000
vt 0.555556 0.000000
vt 0.560847 1.000000
vt 0.560847 0.000000
vt 0.566138 1.000000
vt 0.566138 0.000000
vt 0.571429 1.000000
vt 0.571429 0.000000
vt 0.576720 1.000000
vt 0.576720 0.000000
vt 0.582011 1.000000
vt 0.582011 0.000000
vt 0.587302 1.000000
vt 0.587302 0.000000
vt 0.592593 1.000000
vt 0.592593 0.000000
vt 0.597884 1.000000
vt 0.597884 0.000000
vt 0.603175 1.000000
vt 0.603175 0.000000
vt 0.608466 1.000000
vt 0.608466 0.000000
vt 0.613757 1.000000
vt 0.613757 0.000000
vt 0.619048 1.000000
vt 0.619048 0.000000
vt 0.624339 1.000000
vt 0.624339 0.000000
vt 0.629630 1.000000
vt 0.629630 0.000000
vt 0.634921 1.000000
vt 0.634921 0.000000
vt 0.640212 1.000000
vt 0.640212 0.000000
vt 0.645503 1.000000
vt 0.645503 0.000000
vt 0.650794 1.000000
vt 0.650794 0.000000
vt 0.656085 1.000000
vt 0.656085 0.000000
vt 0.661376 1.000000
vt 0.661376 0.000000
vt 0.666667 1.000000
vt 0.671958 1.000000
vt 0.671958 0.000000
vt 0.677249 1.000000
vt 0.677249 0.000000
vt 0.682540 1.000000
vt 0.682540 0.000000
vt 0.687831 1.000000
vt 0.687831 0.000000
vt 0.693122 1.000000
vt 0.693122 0.000000
vt 0.698413 1.000000
vt 0.698413 0.000000
vt 0.703704 1.000000
vt 0.703704 0.000000
vt 0.708995 1.000000
vt 0.708995 0.000000
vt 0.714286 1.000000
vt 0.714286 0.000000
vt 0.719577 1.000000
vt 0.719577 0.000000
vt 0.724868 1.000000
vt 0.724868 0.000000
vt 0.730159 1.000000
vt 0.730159 0.000000
vt 0.735450 1.000000
vt 0.735450 0.000000
vt 0.740741 1.000000
vt 0.740741 0.000000
vt 0.746032 1.000000
vt 0.746032 0.000000
vt 0.751323 1.000000
vt 0.751323 0.000000
vt 0.756614 1.000000
vt 0.756614 0.000000
vt 0.761905 1.000000
vt 0.761905 0.000000
vt 0.767196 1.000000
vt 0.767196 0.000000
vt 0.772487 1.000000
vt 0.772487 0.000000
vt 0.777778 1.000000
vt 0.777778 0.000000
vt 0.783069 1.000000
vt 0.783069 0.000000
vt 0.788360 1.000000
vt 0.788360 0.000000
vt 0.793651 1.000000
vt 0.793651 0.000000
vt 0.798942 1.000000
vt 0.798942 0.000000
vt 0.804233 1.000000
vt 0.804233 0.000000
vt 0.809524 1.000000
vt 0.809524 0.000000
vt 0.814815 1.000000
vt 0.814815 0.000000
vt 0.820106 1.000000
vt 0.820106 0.000000
vt 0.825397 1.000000
vt 0.825397 0.000000
vt 0.830688 1.000000
vt 0.830688 0.000000
vt 0.835979 1.000000
vt 0.835979 0.000000
vt 0.841270 1.000000
vt 0.841270 0.000000
vt 0.846561 1.000000
vt 0.846561 0.000000
vt 0.851852 1.000000
vt 0.851852 0.000000
vt 0.857143 1.000000
vt 0.857143 0.000000
vt 0.862434 1.000000
vt 0.862434 0.000000
vt 0.867725 1.000000
vt 0.867725 0.000000
vt 0.873016 1.000000
vt 0.873016 0.000000
vt 0.878307 1.000000
vt 0.878307 0.000000
vt 0.883598 1.000000
vt 0.883598 0.000000
vt 0.888889 1.000000
vt 0.888889 0.000000
vt 0.894180 1.000000
vt 0.894180 0.000000
vt 0.899471 1.000000
vt 0.899471 0.000000
vt 0.904762 1.000000
vt 0.904762 0.000000
vt 0.910053 1.000000
vt 0.910053 0.000000
vt 0.915344 1.000000
vt 0.915344 0.000000
vt 0.920635 1.000000
vt 0.920635 0.000000
vt 0.925926 1.000000
vt 0.925926 0.000000
vt 0.931217 1.000000
vt 0.931217 0.000000
vt 0.936508 1.000000
vt 0.936508 0.000000
vt 0.941799 1.000000
vt 0.941799 0.000000
vt 0.947090 1.000000
vt 0.947090 0.000000
vt 0.952381 1.000000
vt 0.952381 0.000000
vt 0.957672 1.000000
vt 0.957672 0.000000
vt 0.962963 1.000000
vt 0.962963 0.000000
vt 0.968254 1.000000
vt 0.968254 0.000000
vt 0.973545 1.000000
vt 0.973545 0.000000
vt 0.978836 1.000000
vt 0.978836 0.000000
vt 0.984127 1.000000
vt 0.984127 0.000000
vt 0.989418 1.000000
vt 0.989418 0.000000
vt 0.994709 1.000000
vt 0.994709 0.000000
vt 1.000000 1.000000
vt 0.009259 1.000000
vt 0.009259 0.000000
vt 0.018519 1.000000
vt 0.018519 0.000000
vt 0.027778 1.000000
vt 0.027778 0.000000
vt 0.046296 1.000000
vt 0.046296 0.000000
vt 0.055556 1.000000
vt 0.055556 0.000000
vt 0.064815 1.000000
vt 0.064815 0.000000
vt 0.083333 1.000000
vt 0.083333 0.000000
vt 0.092593 1.000000
vt 0.092593 0.000000
vt 0.101852 1.000000
vt 0.101852 0.000000
vt 0.120370 1.000000
vt 0.120370 0.000000
vt 0.129630 1.000000
vt 0.129630 0.000000
vt 0.138889 1.000000
vt 0.138889 0.000000
vt 0.157407 1.000000
vt 0.157407 0.000000
vt 0.166667 1.000000
vt 0.175926 1.000000
vt 0.175926 0.000000
vt 0.194444 1.000000
vt 0.194444 0.000000
vt 0.203704 1.000000
vt 0.203704 0.000000
vt 0.212963 1.000000
vt 0.212963 0.000000
vt 0.231481 1.000000
vt 0.231481 0.000000
vt 0.240741 1.000000
vt 0.240741 0.000000
vt 0.250000 1.000000
vt 0.268519 1.000000
vt 0.268519 0.000000
vt 0.277778 1.000000
vt 0.277778 0.000000
vt 0.287037 1.000000
vt 0.287037 0.000000
vt 0.305556 1.000000
vt 0.305556 0.000000
vt 0.314815 1.000000
vt 0.314815 0.000000
vt 0.324074 1.000000
vt 0.324074 0.000000
vt 0.342593 1.000000
vt 0.342593 0.000000
vt 0.351852 1.000000
vt 0.351852 0.000000
vt 0.361111 1.000000
vt 0.361111 0.000000
vt 0.379630 1.000000
vt 0.379630 0.000000
vt 0.388889 1.000000
vt 0.388889 0.000000
vt 0.398148 1.000000
vt 0.398148 0.000000
vt 0.416667 1.000000
vt 0.416667 0.000000
vt 0.425926 1.000000
vt 0.425926 0.000000
vt 0.435185 1.000000
vt 0.435185 0.000000
vt 0.453704 1.000000
vt 0.453704 0.000000
vt 0.462963 1.000000
vt 0.462963 0.000000
vt 0.472222 1.000000
vt 0.472222 0.000000
vt 0.490741 1.000000
vt 0.490741 0.000000
vt 0.500000 1.000000
vt 0.509259 1.000000
vt 0.509259 0.000000
vt 0.527778 1.000000
vt 0.527778 0.000000
vt 0.537037 1.000000
vt 0.537037 0.000000
vt 0.546296 1.000000
vt 0.546296 0.000000
vt 0.564815 1.000000
vt 0.564815 0.000000
vt 0.574074 1.000000
vt 0.574074 0.000000
vt 0.583333 1.000000
vt 0.583333 0.000000
vt 0.601852 1.000000
vt 0.601852 0.000000
vt 0.611111 1.000000
vt 0.611111 0.000000
vt 0.620370 1.000000
vt 0.620370 0.000000
vt 0.638889 1.000000
vt 0.638889 0.000000
vt 0.648148 1.000000
vt 0.648148 0.000000
vt 0.657407 1.000000
vt 0.657407 0.000000
vt 0.675926 1.000000
vt 0.675926 0.000000
vt 0.685185 1.000000
vt 0.685185 0.000000
vt 0.694444 1.000000
vt 0.694444 0.000000
vt 0.712963 1.000000
vt 0.712963 0.000000
vt 0.722222 1.000000
vt 0.722222 0.000000
vt 0.731481 1.000000
vt 0.731481 0.000000
vt 0.750000 1.000000
vt 0.759259 1.000000
vt 0.759259 0.000000
vt 0.768519 1.000000
vt 0.768519 0.000000
vt 0.787037 1.000000
vt 0.787037 0.000000
vt 0.796296 1.000000
vt 0.796296 0.000000
vt 0.805556 1.000000
vt 0.805556 0.000000
vt 0.824074 1.000000
vt 0.824074 0.000000
vt 0.833333 1.000000
vt 0.842593 1.000000
vt 0.842593 0.000000
vt 0.861111 1.000000
vt 0.861111 0.000000
vt 0.870370 1.000000
vt 0.870370 0.000000
vt 0.879630 1.000000
vt 0.879630 0.000000
vt 0.898148 1.000000
vt 0.898148 0.000000
vt 0.907407 1.000000
vt 0.907407 0.000000
vt 0.916667 1.000000
vt 0.916667 0.000000
vt 0.935185 1.000000
vt 0.935185 0.000000
vt 0.944444 1.000000
vt 0.944444 0.000000
vt 0.953704 1.000000
vt 0.953704 0.000000
vt 0.972222 1.000000
vt 0.972222 0.000000
vt 0.981481 1.000000
vt 0.981481 0.000000
vt 0.990741 1.000000
vt 0.990741 0.000000
vt 0.038462 1.000000
vt 0.038462 0.000000
vt 0.076923 1.000000
vt 0.076923 0.000000
vt 0.115385 1.000000
vt 0.115385 0.000000
vt 0.153846 1.000000
vt 0.153846 0.000000
vt 0.192308 1.000000
vt 0.192308 0.000000
vt 0.230769 1.000000
vt 0.230769 0.000000
vt 0.269231 1.000000
vt 0.269231 0.000000
vt 0.307692 1.000000
vt 0.307692 0.000000
vt 0.346154 1.000000
vt 0.346154 0.000000
vt 0.384615 1.000000
vt 0.384615 0.000000
vt 0.423077 1.000000
vt 0.423077 0.000000
vt 0.461538 1.000000
vt 0.461538 0.000000
vt 0.538462 1.000000
vt 0.538462 0.000000
vt 0.576923 1.000000
vt 0.576923 0.000000
vt 0.615385 1.000000
vt 0.615385 0.000000
vt 0.653846 1.000000
vt 0.653846 0.000000
vt 0.692308 1.000000
vt 0.692308 0.000000
vt 0.730769 1.000000
vt 0.730769 0.000000
vt 0.769231 1.000000
vt 0.769231 0.000000
vt 0.807692 1.000000
vt 0.807692 0.000000
vt 0.846154 1.000000
vt 0.846154 0.000000
vt 0.884615 1.000000
vt 0.884615 0.000000
vt 0.923077 1.000000
vt 0.923077 0.000000
vt 0.961538 1.000000
vt 0.961538 0.000000
vt 0.006711 1.000000
vt 0.006711 0.000000
vt 0.013423 1.000000
vt 0.013423 0.000000
vt 0.020134 1.000000
vt 0.020134 0.000000
vt 0.026846 1.000000
vt 0.026846 0.000000
vt 0.033557 1.000000
vt 0.033557 0.000000
vt 0.040268 1.000000
vt 0.040268 0.000000
vt 0.046980 1.000000
vt 0.046980 0.000000
vt 0.053691 1.000000
vt 0.053691 0.000000
vt 0.060403 1.000000
vt 0.060403 0.000000
vt 0.067114 1.000000
vt 0.067114 0.000000
vt 0.073826 1.000000
vt 0.073826 0.000000
vt 0.080537 1.000000
vt 0.080537 0.000000
vt 0.087248 1.000000
vt 0.087248 0.000000
vt 0.093960 1.000000
vt 0.093960 0.000000
vt 0.100671 1.000000
vt 0.100671 0.000000
vt 0.107383 1.000000
vt 0.107383 0.000000
vt 0.114094 1.000000
vt 0.114094 0.000000
vt 0.120805 1.000000
vt 0.120805 0.000000
vt 0.127517 1.000000
vt 0.127517 0.000000
vt 0.134228 1.000000
vt 0.134228 0.000000
vt 0.140940 1.000000
vt 0.140940 0.000000
vt 0.147651 1.000000
vt 0.147651 0.000000
vt 0.154362 1.000000
vt 0.154362 0.000000
vt 0.161074 1.000000
vt 0.161074 0.000000
vt 0.167785 1.000000
vt 0.167785 0.000000
vt 0.174497 1.000000
vt 0.174497 0.000000
vt 0.181208 1.000000
vt 0.181208 0.000000
vt 0.187919 1.000000
vt 0.187919 0.000000
vt 0.194631 1.000000
vt 0.194631 0.000000
vt 0.201342 1.000000
vt 0.201342 0.000000
vt 0.208054 1.000000
vt 0.208054 0.000000
vt 0.214765 1.000000
vt 0.214765 0.000000
vt 0.221477 1.000000
vt 0.221477 0.000000
vt 0.228188 1.000000
vt 0.228188 0.000000
vt 0.234899 1.000000
vt 0.234899 0.000000
vt 0.241611 1.000000
vt 0.241611 0.000000
vt 0.248322 1.000000
vt 0.248322 0.000000
vt 0.255034 1.000000
vt 0.255034 0.000000
vt 0.261745 1.000000
vt 0.261745 0.000000
vt 0.268456 1.000000
vt 0.268456 0.000000
vt 0.275168 1.000000
vt 0.275168 0.000000
vt 0.281879 1.000000
vt 0.281879 0.000000
vt 0.288591 1.000000
vt 0.288591 0.000000
vt 0.295302 1.000000
vt 0.295302 0.000000
vt 0.302013 1.000000
vt 0.302013 0.000000
vt 0.308725 1.000000
vt 0.308725 0.000000
vt 0.315436 1.000000
vt 0.315436 0.000000
vt 0.322148 1.000000
vt 0.322148 0.000000
vt 0.328859 1.000000
vt 0.328859 0.000000
vt 0.335570 1.000000
vt 0.335570 0.000000
vt 0.342282 1.000000
vt 0.342282 0.000000
vt 0.348993 1.000000
vt 0.348993 0.000000
vt 0.355705 1.000000
vt 0.355705 0.000000
vt 0.362416 1.000000
vt 0.362416 0.000000
vt 0.369128 1.000000
vt 0.369128 0.000000
vt 0.375839 1.000000
vt 0.375839 0.000000
vt 0.382550 1.000000
vt 0.382550 0.000000
vt 0.389262 1.000000
vt 0.389262 0.000000
vt 0.395973 1.000000
vt 0.395973 0.000000
vt 0.402685 1.000000
vt 0.402685 0.000000
vt 0.409396 1.000000
vt 0.409396 0.000000
vt 0.416107 1.000000
vt 0.416107 0.000000
vt 0.422819 1.000000
vt 0.422819 0.000000
vt 0.429530 1.000000
vt 0.429530 0.000000
vt 0.436242 1.000000
vt 0.436242 0.000000
vt 0.442953 1.000000
vt 0.442953 0.000000
vt 0.449664 1.000000
vt 0.449664 0.000000
vt 0.456376 1.000000
vt 0.456376 0.000000
vt 0.463087 1.000000
vt 0.463087 0.000000
vt 0.469799 1.000000
vt 0.469799 0.000000
vt 0.476510 1.000000
vt 0.476510 0.000000
vt 0.483221 1.000000
vt 0.483221 0.000000
vt 0.489933 1.000000
vt 0.489933 0.000000
vt 0.496644 1.000000
vt 0.496644 0.000000
vt 0.503356 1.000000
vt 0.503356 0.000000
vt 0.510067 1.000000
vt 0.510067 0.000000
vt 0.516779 1.000000
vt 0.516779 0.000000
vt 0.523490 1.000000
vt 0.523490 0.000000
vt 0.530201 1.000000
vt 0.530201 0.000000
vt 0.536913 1.000000
vt 0.536913 0.000000
vt 0.543624 1.000000
vt 0.543624 0.000000
vt 0.550336 1.000000
vt 0.550336 0.000000
vt 0.557047 1.000000
vt 0.557047 0.000000
vt 0.563758 1.000000
vt 0.563758 0.000000
vt 0.570470 1.000000
vt 0.570470 0.000000
vt 0.577181 1.000000
vt 0.577181 0.000000
vt 0.583893 1.000000
vt 0.583893 0.000000
vt 0.590604 1.000000
vt 0.590604 0.000000
vt 0.597315 1.000000
vt 0.597315 0.000000
vt 0.604027 1.000000
vt 0.604027 0.000000
vt 0.610738 1.000000
vt 0.610738 0.000000
vt 0.617450 1.000000
vt 0.617450 0.000000
vt 0.624161 1.000000
vt 0.624161 0.000000
vt 0.630872 1.000000
vt 0.630872 0.000000
vt 0.637584 1.000000
vt 0.637584 0.000000
vt 0.644295 1.000000
vt 0.644295 0.000000
vt 0.651007 1.000000
vt 0.651007 0.000000
vt 0.657718 1.000000
vt 0.657718 0.000000
vt 0.664430 1.000000
vt 0.664430 0.000000
vt 0.671141 1.000000
vt 0.671141 0.000000
vt 0.677852 1.000000
vt 0.677852 0.000000
vt 0.684564 1.000000
vt 0.684564 0.000000
vt 0.691275 1.000000
vt 0.691275 0.000000
vt 0.697987 1.000000
vt 0.697987 0.000000
vt 0.704698 1.000000
vt 0.704698 0.000000
vt 0.711409 1.000000
vt 0.711409 0.000000
vt 0.718121 1.000000
vt 0.718121 0.000000
vt 0.724832 1.000000
vt 0.724832 0.000000
vt 0.731544 1.000000
vt 0.731544 0.000000
vt 0.738255 1.000000
vt 0.738255 0.000000
vt 0.744966 1.000000
vt 0.744966 0.000000
vt 0.751678 1.000000
vt 0.751678 0.000000
vt 0.758389 1.000000
vt 0.758389 0.000000
vt 0.765101 1.000000
vt 0.765101 0.000000
vt 0.771812 1.000000
vt 0.771812 0.000000
vt 0.778524 1.000000
vt 0.778524 0.000000
vt 0.785235 1.000000
vt 0.785235 0.000000
vt 0.791946 1.000000
vt 0.791946 0.000000
vt 0.798658 1.000000
vt 0.798658 0.000000
vt 0.805369 1.000000
vt 0.805369 0.000000
vt 0.812081 1.000000
vt 0.812081 0.000000
vt 0.818792 1.000000
vt 0.818792 0.000000
vt 0.825503 1.000000
vt 0.825503 0.000000
vt 0.832215 1.000000
vt 0.832215 0.000000
vt 0.838926 1.000000
vt 0.838926 0.000000
vt 0.845638 1.000000
vt 0.845638 0.000000
vt 0.852349 1.000000
vt 0.852349 0.000000
vt 0.859060 1.000000
vt 0.859060 0.000000
vt 0.865772 1.000000
vt 0.865772 0.000000
vt 0.872483 1.000000
vt 0.872483 0.000000
vt 0.879195 1.000000
vt 0.879195 0.000000
vt 0.885906 1.000000
vt 0.885906 0.000000
vt 0.892617 1.000000
vt 0.892617 0.000000
vt 0.899329 1.000000
vt 0.899329 0.000000
vt 0.906040 1.000000
vt 0.906040 0.000000
vt 0.912752 1.000000
vt 0.912752 0.000000
vt 0.919463 1.000000
vt 0.919463 0.000000
vt 0.926175 1.000000
vt 0.926175 0.000000
vt 0.932886 1.000000
vt 0.932886 0.000000
vt 0.939597 1.000000
vt 0.939597 0.000000
vt 0.946309 1.000000
vt 0.946309 0.000000
vt 0.953020 1.000000
vt 0.953020 0.000000
vt 0.959732 1.000000
vt 0.959732 0.000000
vt 0.966443 1.000000
vt 0.966443 0.000000
vt 0.973154 1.000000
vt 0.973154 0.000000
vt 0.979866 1.000000
vt 0.979866 0.000000
vt 0.986577 1.000000
vt 0.986577 0.000000
vt 0.993289 1.000000
vt 0.993289 0.000000
vt 0.016129 1.000000
vt 0.016129 0.000000
vt 0.032258 1.000000
vt 0.032258 0.000000
vt 0.048387 1.000000
vt 0.048387 0.000000
vt 0.064516 1.000000
vt 0.064516 0.000000
vt 0.080645 1.000000
vt 0.080645 0.000000
vt 0.096774 1.000000
vt 0.096774 0.000000
vt 0.112903 1.000000
vt 0.112903 0.000000
vt 0.129032 1.000000
vt 0.129032 0.000000
vt 0.145161 1.000000
vt 0.145161 0.000000
vt 0.161290 1.000000
vt 0.161290 0.000000
vt 0.177419 1.000000
vt 0.177419 0.000000
vt 0.193548 1.000000
vt 0.193548 0.000000
vt 0.209677 1.000000
vt 0.209677 0.000000
vt 0.225806 1.000000
vt 0.225806 0.000000
vt 0.241935 1.000000
vt 0.241935 0.000000
vt 0.258065 1.000000
vt 0.258065 0.000000
vt 0.274194 1.000000
vt 0.274194 0.000000
vt 0.290323 1.000000
vt 0.290323 0.000000
vt 0.306452 1.000000
vt 0.306452 0.000000
vt 0.322581 1.000000
vt 0.322581 0.000000
vt 0.338710 1.000000
vt 0.338710 0.000000
vt 0.354839 1.000000
vt 0.354839 0.000000
vt 0.370968 1.000000
vt 0.370968 0.000000
vt 0.387097 1.000000
vt 0.387097 0.000000
vt 0.403226 1.000000
vt 0.403226 0.000000
vt 0.419355 1.000000
vt 0.419355 0.000000
vt 0.435484 1.000000
vt 0.435484 0.000000
vt 0.451613 1.000000
vt 0.451613 0.000000
vt 0.467742 1.000000
vt 0.467742 0.000000
vt 0.483871 1.000000
vt 0.483871 0.000000
vt 0.516129 1.000000
vt 0.516129 0.000000
vt 0.532258 1.000000
vt 0.532258 0.000000
vt 0.548387 1.000000
vt 0.548387 0.000000
vt 0.564516 1.000000
vt 0.564516 0.000000
vt 0.580645 1.000000
vt 0.580645 0.000000
vt 0.596774 1.000000
vt 0.596774 0.000000
vt 0.612903 1.000000
vt 0.612903 0.000000
vt 0.629032 1.000000
vt 0.629032 0.000000
vt 0.645161 1.000000
vt 0.645161 0.000000
vt 0.661290 1.000000
vt 0.661290 0.000000
vt 0.677419 1.000000
vt 0.677419 0.000000
vt 0.693548 1.000000
vt 0.693548 0.000000
vt 0.709677 1.000000
vt 0.709677 0.000000
vt 0.725806 1.000000
vt 0.725806 0.000000
vt 0.741935 1.000000
vt 0.741935 0.000000
vt 0.758065 1.000000
vt 0.758065 0.000000
vt 0.774194 1.000000
vt 0.774194 0.000000
vt 0.790323 1.000000
vt 0.790323 0.000000
vt 0.806452 1.000000
vt 0.806452 0.000000
vt 0.822581 1.000000
vt 0.822581 0.000000
vt 0.838710 1.000000
vt 0.838710 0.000000
vt 0.854839 1.000000
vt 0.854839 0.000000
vt 0.870968 1.000000
vt 0.870968 0.000000
vt 0.887097 1.000000
vt 0.887097 0.000000
vt 0.903226 1.000000
vt 0.903226 0.000000
vt 0.919355 1.000000
vt 0.919355 0.000000
vt 0.935484 1.000000
vt 0.935484 0.000000
vt 0.951613 1.000000
vt 0.951613 0.000000
vt 0.967742 1.000000
vt 0.967742 0.000000
vt 0.983871 1.000000
vt 0.983871 0.000000
vt 0.020000 1.000000
vt 0.020000 0.000000
vt 0.040000 1.000000
vt 0.060000 1.000000
vt 0.060000 0.000000
vt 0.080000 1.000000
vt 0.100000 1.000000
vt 0.100000 0.000000
vt 0.120000 1.000000
vt 0.140000 1.000000
vt 0.140000 0.000000
vt 0.160000 1.000000
vt 0.180000 1.000000
vt 0.180000 0.000000
vt 0.200000 1.000000
vt 0.220000 1.000000
vt 0.220000 0.000000
vt 0.240000 1.000000
vt 0.260000 1.000000
vt 0.260000 0.000000
vt 0.280000 1.000000
vt 0.300000 1.000000
vt 0.300000 0.000000
vt 0.320000 1.000000
vt 0.340000 1.000000
vt 0.340000 0.000000
vt 0.360000 1.000000
vt 0.380000 1.000000
vt 0.380000 0.000000
vt 0.400000 1.000000
vt 0.420000 1.000000
vt 0.420000 0.000000
vt 0.440000 1.000000
vt 0.460000 1.000000
vt 0.460000 0.000000
vt 0.480000 1.000000
vt 0.520000 1.000000
vt 0.540000 1.000000
vt 0.540000 0.000000
vt 0.560000 1.000000
vt 0.580000 1.000000
vt 0.580000 0.000000
vt 0.600000 1.000000
vt 0.620000 1.000000
vt 0.620000 0.000000
vt 0.640000 1.000000
vt 0.660000 1.000000
vt 0.660000 0.000000
vt 0.680000 1.000000
vt 0.700000 1.000000
vt 0.700000 0.000000
vt 0.720000 1.000000
vt 0.740000 1.000000
vt 0.740000 0.000000
vt 0.760000 1.000000
vt 0.780000 1.000000
vt 0.780000 0.000000
vt 0.800000 1.000000
vt 0.820000 1.000000
vt 0.820000 0.000000
vt 0.840000 1.000000
vt 0.860000 1.000000
vt 0.860000 0.000000
vt 0.880000 1.000000
vt 0.900000 1.000000
vt 0.900000 0.000000
vt 0.920000 1.000000
vt 0.940000 1.000000
vt 0.940000 0.000000
vt 0.960000 1.000000
vt 0.980000 1.000000
vt 0.980000 0.000000
vt 0.005650 1.000000
vt 0.005650 0.000000
vt 0.011299 1.000000
vt 0.011299 0.000000
vt 0.016949 1.000000
vt 0.016949 0.000000
vt 0.022599 1.000000
vt 0.022599 0.000000
vt 0.028249 1.000000
vt 0.028249 0.000000
vt 0.033898 1.000000
vt 0.033898 0.000000
vt 0.039548 1.000000
vt 0.039548 0.000000
vt 0.045198 1.000000
vt 0.045198 0.000000
vt 0.050847 1.000000
vt 0.050847 0.000000
vt 0.056497 1.000000
vt 0.056497 0.000000
vt 0.062147 1.000000
vt 0.062147 0.000000
vt 0.067797 1.000000
vt 0.067797 0.000000
vt 0.073446 1.000000
vt 0.073446 0.000000
vt 0.079096 1.000000
vt 0.079096 0.000000
vt 0.084746 1.000000
vt 0.084746 0.000000
vt 0.090395 1.000000
vt 0.090395 0.000000
vt 0.096045 1.000000
vt 0.096045 0.000000
vt 0.101695 1.000000
vt 0.101695 0.000000
vt 0.107345 1.000000
vt 0.107345 0.000000
vt 0.112994 1.000000
vt 0.112994 0.000000
vt 0.118644 1.000000
vt 0.118644 0.000000
vt 0.124294 1.000000
vt 0.124294 0.000000
vt 0.129944 1.000000
vt 0.129944 0.000000
vt 0.135593 1.000000
vt 0.135593 0.000000
vt 0.141243 1.000000
vt 0.141243 0.000000
vt 0.146893 1.000000
vt 0.146893 0.000000
vt 0.152542 1.000000
vt 0.152542 0.000000
vt 0.158192 1.000000
vt 0.158192 0.000000
vt 0.163842 1.000000
vt 0.163842 0.000000
vt 0.169492 1.000000
vt 0.169492 0.000000
vt 0.175141 1.000000
vt 0.175141 0.000000
vt 0.180791 1.000000
vt 0.180791 0.000000
vt 0.186441 1.000000
vt 0.186441 0.000000
vt 0.192090 1.000000
vt 0.192090 0.000000
vt 0.197740 1.000000
vt 0.197740 0.000000
vt 0.203390 1.000000
vt 0.203390 0.000000
vt 0.209040 1.000000
vt 0.209040 0.000000
vt 0.214689 1.000000
vt 0.214689 0.000000
vt 0.220339 1.000000
vt 0.220339 0.000000
vt 0.225989 1.000000
vt 0.225989 0.000000
vt 0.231638 1.000000
vt 0.231638 0.000000
vt 0.237288 1.000000
vt 0.237288 0.000000
vt 0.242938 1.000000
vt 0.242938 0.000000
vt 0.248588 1.000000
vt 0.248588 0.000000
vt 0.254237 1.000000
vt 0.254237 0.000000
vt 0.259887 1.000000
vt 0.259887 0.000000
vt 0.265537 1.000000
vt 0.265537 0.000000
vt 0.271186 1.000000
vt 0.271186 0.000000
vt 0.276836 1.000000
vt 0.276836 0.000000
vt 0.282486 1.000000
vt 0.282486 0.000000
vt 0.288136 1.000000
vt 0.288136 0.000000
vt 0.293785 1.000000
vt 0.293785 0.000000
vt 0.299435 1.000000
vt 0.299435 0.000000
vt 0.305085 1.000000
vt 0.305085 0.000000
vt 0.310734 1.000000
vt 0.310734 0.000000
vt 0.316384 1.000000
vt 0.316384 0.000000
vt 0.322034 1.000000
vt 0.322034 0.000000
vt 0.327684 1.000000
vt 0.327684 0.000000
vt 0.338983 1.000000
vt 0.338983 0.000000
vt 0.344633 1.000000
vt 0.344633 0.000000
vt 0.350282 1.000000
vt 0.350282 0.000000
vt 0.355932 1.000000
vt 0.355932 0.000000
vt 0.361582 1.000000
vt 0.361582 0.000000
vt 0.367232 1.000000
vt 0.367232 0.000000
vt 0.372881 1.000000
vt 0.372881 0.000000
vt 0.378531 1.000000
vt 0.378531 0.000000
vt 0.384181 1.000000
vt 0.384181 0.000000
vt 0.389830 1.000000
vt 0.389830 0.000000
vt 0.395480 1.000000
vt 0.395480 0.000000
vt 0.401130 1.000000
vt 0.401130 0.000000
vt 0.406780 1.000000
vt 0.406780 0.000000
vt 0.412429 1.000000
vt 0.412429 0.000000
vt 0.418079 1.000000
vt 0.418079 0.000000
vt 0.423729 1.000000
vt 0.423729 0.000000
vt 0.429379 1.000000
vt 0.429379 0.000000
vt 0.435028 1.000000
vt 0.435028 0.000000
vt 0.440678 1.000000
vt 0.440678 0.000000
vt 0.446328 1.000000
vt 0.446328 0.000000
vt 0.451977 1.000000
vt 0.451977 0.000000
vt 0.457627 1.000000
vt 0.457627 0.000000
vt 0.463277 1.000000
vt 0.463277 0.000000
vt 0.468927 1.000000
vt 0.468927 0.000000
vt 0.474576 1.000000
vt 0.474576 0.000000
vt 0.480226 1.000000
vt 0.480226 0.000000
vt 0.485876 1.000000
vt 0.485876 0.000000
vt 0.491525 1.000000
vt 0.491525 0.000000
vt 0.497175 1.000000
vt 0.497175 0.000000
vt 0.502825 1.000000
vt 0.502825 0.000000
vt 0.508475 1.000000
vt 0.508475 0.000000
vt 0.514124 1.000000
vt 0.514124 0.000000
vt 0.519774 1.000000
vt 0.519774 0.000000
vt 0.525424 1.000000
vt 0.525424 0.000000
vt 0.531073 1.000000
vt 0.531073 0.000000
vt 0.536723 1.000000
vt 0.536723 0.000000
vt 0.542373 1.000000
vt 0.542373 0.000000
vt 0.548023 1.000000
vt 0.548023 0.000000
vt 0.553672 1.000000
vt 0.553672 0.000000
vt 0.559322 1.000000
vt 0.559322 0.000000
vt 0.564972 1.000000
vt 0.564972 0.000000
vt 0.570621 1.000000
vt 0.570621 0.000000
vt 0.576271 1.000000
vt 0.576271 0.000000
vt 0.581921 1.000000
vt 0.581921 0.000000
vt 0.587571 1.000000
vt 0.587571 0.000000
vt 0.593220 1.000000
vt 0.593220 0.000000
vt 0.598870 1.000000
vt 0.598870 0.000000
vt 0.604520 1.000000
vt 0.604520 0.000000
vt 0.610169 1.000000
vt 0.610169 0.000000
vt 0.615819 1.000000
vt 0.615819 0.000000
vt 0.621469 1.000000
vt 0.621469 0.000000
vt 0.627119 1.000000
vt 0.627119 0.000000
vt 0.632768 1.000000
vt 0.632768 0.000000
vt 0.638418 1.000000
vt 0.638418 0.000000
vt 0.644068 1.000000
vt 0.644068 0.000000
vt 0.649718 1.000000
vt 0.649718 0.000000
vt 0.655367 1.000000
vt 0.655367 0.000000
vt 0.661017 1.000000
vt 0.661017 0.000000
vt 0.672316 1.000000
vt 0.672316 0.000000
vt 0.677966 1.000000
vt 0.677966 0.000000
vt 0.683616 1.000000
vt 0.683616 0.000000
vt 0.689266 1.000000
vt 0.689266 0.000000
vt 0.694915 1.000000
vt 0.694915 0.000000
vt 0.700565 1.000000
vt 0.700565 0.000000
vt 0.706215 1.000000
vt 0.706215 0.000000
vt 0.711864 1.000000
vt 0.711864 0.000000
vt 0.717514 1.000000
vt 0.717514 0.000000
vt 0.723164 1.000000
vt 0.723164 0.000000
vt 0.728814 1.000000
vt 0.728814 0.000000
vt 0.734463 1.000000
vt 0.734463 0.000000
vt 0.740113 1.000000
vt 0.740113 0.000000
vt 0.745763 1.000000
vt 0.745763 0.000000
vt 0.751412 1.000000
vt 0.751412 0.000000
vt 0.757062 1.000000
vt 0.757062 0.000000
vt 0.762712 1.000000
vt 0.762712 0.000000
vt 0.768362 1.000000
vt 0.768362 0.000000
vt 0.774011 1.000000
vt 0.774011 0.000000
vt 0.779661 1.000000
vt 0.779661 0.000000
vt 0.785311 1.000000
vt 0.785311 0.000000
vt 0.790960 1.000000
vt 0.790960 0.000000
vt 0.796610 1.000000
vt 0.796610 0.000000
vt 0.802260 1.000000
vt 0.802260 0.000000
vt 0.807910 1.000000
vt 0.807910 0.000000
vt 0.813559 1.000000
vt 0.813559 0.000000
vt 0.819209 1.000000
vt 0.819209 0.000000
vt 0.824859 1.000000
vt 0.824859 0.000000
vt 0.830508 1.000000
vt 0.830508 0.000000
vt 0.836158 1.000000
vt 0.836158 0.000000
vt 0.841808 1.000000
vt 0.841808 0.000000
vt 0.847458 1.000000
vt 0.847458 0.000000
vt 0.853107 1.000000
vt 0.853107 0.000000
vt 0.858757 1.000000
vt 0.858757 0.000000
vt 0.864407 1.000000
vt 0.864407 0.000000
vt 0.870057 1.000000
vt 0.870057 0.000000
vt 0.875706 1.000000
vt 0.875706 0.000000
vt 0.881356 1.000000
vt 0.881356 0.000000
vt 0.887006 1.000000
vt 0.887006 0.000000
vt 0.892655 1.000000
vt 0.892655 0.000000
vt 0.898305 1.000000
vt 0.898305 0.000000
vt 0.903955 1.000000
vt 0.903955 0.000000
vt 0.909605 1.000000
vt 0.909605 0.000000
vt 0.915254 1.000000
vt 0.915254 0.000000
vt 0.920904 1.000000
vt 0.920904 0.000000
vt 0.926554 1.000000
vt 0.926554 0.000000
vt 0.932203 1.000000
vt 0.932203 0.000000
vt 0.937853 1.000000
vt 0.937853 0.000000
vt 0.943503 1.000000
vt 0.943503 0.000000
vt 0.949153 1.000000
vt 0.949153 0.000000
vt 0.954802 1.000000
vt 0.954802 0.000000
vt 0.960452 1.000000
vt 0.960452 0.000000
vt 0.966102 1.000000
vt 0.966102 0.000000
vt 0.971751 1.000000
vt 0.971751 0.000000
vt 0.977401 1.000000
vt 0.977401 0.000000
vt 0.983051 1.000000
vt 0.983051 0.000000
vt 0.988701 1.000000
vt 0.988701 0.000000
vt 0.994350 1.000000
vt 0.994350 0.000000
vt 0.013514 1.000000
vt 0.013514 0.000000
vt 0.027027 1.000000
vt 0.040541 1.000000
vt 0.040541 0.000000
vt 0.054054 1.000000
vt 0.067568 1.000000
vt 0.067568 0.000000
vt 0.081081 1.000000
vt 0.094595 1.000000
vt 0.094595 0.000000
vt 0.108108 1.000000
vt 0.121622 1.000000
vt 0.121622 0.000000
vt 0.135135 1.000000
vt 0.148649 1.000000
vt 0.148649 0.000000
vt 0.162162 1.000000
vt 0.175676 1.000000
vt 0.175676 0.000000
vt 0.189189 1.000000
vt 0.202703 1.000000
vt 0.202703 0.000000
vt 0.216216 1.000000
vt 0.229730 1.000000
vt 0.229730 0.000000
vt 0.243243 1.000000
vt 0.256757 1.000000
vt 0.256757 0.000000
vt 0.270270 1.000000
vt 0.283784 1.000000
vt 0.283784 0.000000
vt 0.297297 1.000000
vt 0.310811 1.000000
vt 0.310811 0.000000
vt 0.324324 1.000000
vt 0.337838 1.000000
vt 0.337838 0.000000
vt 0.351351 1.000000
vt 0.364865 1.000000
vt 0.364865 0.000000
vt 0.378378 1.000000
vt 0.391892 1.000000
vt 0.391892 0.000000
vt 0.405405 1.000000
vt 0.418919 1.000000
vt 0.418919 0.000000
vt 0.432432 1.000000
vt 0.445946 1.000000
vt 0.445946 0.000000
vt 0.459459 1.000000
vt 0.472973 1.000000
vt 0.472973 0.000000
vt 0.486486 1.000000
vt 0.513514 1.000000
vt 0.527027 1.000000
vt 0.527027 0.000000
vt 0.540541 1.000000
vt 0.554054 1.000000
vt 0.554054 0.000000
vt 0.567568 1.000000
vt 0.581081 1.000000
vt 0.581081 0.000000
vt 0.594595 1.000000
vt 0.608108 1.000000
vt 0.608108 0.000000
vt 0.621622 1.000000
vt 0.635135 1.000000
vt 0.635135 0.000000
vt 0.648649 1.000000
vt 0.662162 1.000000
vt 0.662162 0.000000
vt 0.675676 1.000000
vt 0.689189 1.000000
vt 0.689189 0.000000
vt 0.702703 1.000000
vt 0.716216 1.000000
vt 0.716216 0.000000
vt 0.729730 1.000000
vt 0.743243 1.000000
vt 0.743243 0.000000
vt 0.756757 1.000000
vt 0.770270 1.000000
vt 0.770270 0.000000
vt 0.783784 1.000000
vt 0.797297 1.000000
vt 0.797297 0.000000
vt 0.810811 1.000000
vt 0.824324 1.000000
vt 0.824324 0.000000
vt 0.837838 1.000000
vt 0.851351 1.000000
vt 0.851351 0.000000
vt 0.864865 1.000000
vt 0.878378 1.000000
vt 0.878378 0.000000
vt 0.891892 1.000000
vt 0.905405 1.000000
vt 0.905405 0.000000
vt 0.918919 1.000000
vt 0.932432 1.000000
vt 0.932432 0.000000
vt 0.945946 1.000000
vt 0.959459 1.000000
vt 0.959459 0.000000
vt 0.972973 1.000000
vt 0.986486 1.000000
vt 0.986486 0.000000
s 0
f 61/1/1 63/2/1 62/3/1
f 23/4/1 25/5/1 24/6/1
f 61/1/1 64/7/1 63/2/1
f 22/8/1 25/5/1 23/4/1
f 61/1/1 65/9/1 64/7/1
f 21/10/1 25/5/1 22/8/1
f 61/1/1 66/11/1 65/9/1
f 20/12/1 25/5/1 21/10/1
f 61/1/1 67/13/1 66/11/1
f 19/14/1 25/5/1 20/12/1
f 61/1/1 68/15/1 67/13/1
f 18/16/1 25/5/1 19/14/1
f 61/1/1 69/17/1 68/15/1
f 17/18/1 25/5/1 18/16/1
f 61/1/1 70/19/1 69/17/1
f 16/20/1 25/5/1 17/18/1
f 61/1/1 71/21/1 70/19/1
f 15/22/1 25/5/1 16/20/1
f 61/1/1 72/23/1 71/21/1
f 14/24/1 25/5/1 15/22/1
f 61/1/1 73/25/1 72/23/1
f 13/26/1 25/5/1 14/24/1
f 61/1/1 74/27/1 73/25/1
f 12/28/1 25/5/1 13/26/1
f 61/1/1 1/29/1 74/27/1
f 61/1/1 2/30/1 1/29/1
f 61/1/1 3/31/1 2/30/1
f 61/1/1 4/32/1 3/31/1
f 61/1/1 5/33/1 4/32/1
f 61/1/1 6/34/1 5/33/1
f 61/1/1 7/35/1 6/34/1
f 61/1/1 8/36/1 7/35/1
f 61/1/1 9/37/1 8/36/1
f 61/1/1 10/38/1 9/37/1
f 61/1/1 11/39/1 10/38/1
f 61/1/1 12/28/1 11/39/1
f 61/1/1 60/40/1 12/28/1
f 60/40/1 59/41/1 12/28/1
f 59/41/1 58/42/1 12/28/1
f 58/42/1 57/43/1 12/28/1
f 57/43/1 56/44/1 12/28/1
f 56/44/1 55/45/1 12/28/1
f 55/45/1 54/46/1 12/28/1
f 54/46/1 53/47/1 12/28/1
f 53/47/1 52/48/1 12/28/1
f 52/48/1 51/49/1 12/28/1
f 51/49/1 50/50/1 12/28/1
f 50/50/1 49/51/1 12/28/1
f 49/51/1 48/52/1 12/28/1
f 48/52/1 47/53/1 12/28/1
f 47/53/1 46/54/1 12/28/1
f 46/54/1 44/55/1 12/28/1
f 44/55/1 41/56/1 12/28/1
f 41/56/1 38/57/1 12/28/1
f 38/57/1 37/58/1 12/28/1
f 37/58/1 36/59/1 12/28/1
f 36/59/1 35/60/1 12/28/1
f 35/60/1 34/61/1 12/28/1
f 34/61/1 33/62/1 12/28/1
f 33/62/1 32/63/1 12/28/1
f 32/63/1 31/64/1 12/28/1
f 31/64/1 30/65/1 12/28/1
f 30/65/1 25/5/1 12/28/1
f 45/66/1 44/55/1 46/54/1
f 43/67/1 41/56/1 44/55/1
f 42/68/1 41/56/1 43/67/1
f 40/69/2 38/57/2 41/56/2
f 39/70/1 38/57/1 40/69/1
f 29/71/1 25/5/1 30/65/1
f 28/72/1 25/5/1 29/71/1
f 27/73/1 25/5/1 28/72/1
f 26/74/1 25/5/1 27/73/1
f 237/75/1 239/76/1 238/77/1
f 236/78/1 239/76/1 237/75/1
f 235/79/1 239/76/1 236/78/1
f 234/80/1 239/76/1 235/79/1
f 233/81/1 239/76/1 234/80/1
f 233/81/1 240/82/1 239/76/1
f 232/83/1 240/82/1 233/81/1
f 232/83/1 241/84/1 240/82/1
f 231/85/1 241/84/1 232/83/1
f 231/85/1 242/86/1 241/84/1
f 230/87/1 242/86/1 231/85/1
f 230/87/1 243/88/1 242/86/1
f 229/89/1 243/88/1 230/87/1
f 229/89/1 244/90/1 243/88/1
f 228/91/1 244/90/1 229/89/1
f 228/91/1 245/92/1 244/90/1
f 227/93/1 245/92/1 228/91/1
f 227/93/1 246/94/1 245/92/1
f 226/95/1 246/94/1 227/93/1
f 226/95/1 247/96/1 246/94/1
f 225/97/1 247/96/1 226/95/1
f 225/97/1 248/98/1 247/96/1
f 225/97/1 249/99/1 248/98/1
f 225/97/1 250/100/1 249/99/1
f 225/97/1 251/27/1 250/100/1
f 224/101/1 251/27/1 225/97/1
f 224/101/1 75/29/1 251/27/1
f 223/102/1 75/29/1 224/101/1
f 87/103/1 89/104/1 88/105/1
f 86/106/1 89/104/1 87/103/1
f 85/107/1 89/104/1 86/106/1
f 84/108/1 89/104/1 85/107/1
f 83/109/1 89/104/1 84/108/1
f 82/110/1 89/104/1 83/109/1
f 81/111/1 89/104/1 82/110/1
f 80/112/1 89/104/1 81/111/1
f 79/113/1 89/104/1 80/112/1
f 78/114/1 89/104/1 79/113/1
f 77/115/1 89/104/1 78/114/1
f 76/116/1 89/104/1 77/115/1
f 223/102/1 76/116/1 75/29/1
f 223/102/1 89/104/1 76/116/1
f 222/117/1 89/104/1 223/102/1
f 222/117/1 90/118/1 89/104/1
f 222/117/1 91/119/1 90/118/1
f 222/117/1 92/120/1 91/119/1
f 222/117/1 93/121/1 92/120/1
f 221/122/1 93/121/1 222/117/1
f 221/122/1 94/123/1 93/121/1
f 221/122/1 95/124/1 94/123/1
f 221/122/1 96/125/1 95/124/1
f 221/122/1 201/126/1 96/125/1
f 201/126/1 97/127/1 96/125/1
f 201/126/1 98/128/1 97/127/1
f 201/126/1 200/129/1 98/128/1
f 200/129/1 99/130/1 98/128/1
f 221/122/1 202/131/1 201/126/1
f 199/132/1 99/130/1 200/129/1
f 220/133/1 202/131/1 221/122/1
f 199/132/1 100/134/1 99/130/1
f 199/132/1 101/135/1 100/134/1
f 199/132/1 102/136/1 101/135/1
f 198/137/1 102/136/1 199/132/1
f 220/133/1 203/138/1 202/131/1
f 219/139/1 203/138/1 220/133/1
f 198/137/1 103/140/1 102/136/1
f 197/141/1 103/140/1 198/137/1
f 219/139/1 204/142/1 203/138/1
f 197/141/1 104/143/1 103/140/1
f 218/144/1 204/142/1 219/139/1
f 196/145/1 104/143/1 197/141/1
f 218/144/1 205/146/1 204/142/1
f 196/145/1 105/147/1 104/143/1
f 195/148/1 105/147/1 196/145/1
f 218/144/1 206/149/1 205/146/1
f 217/150/1 206/149/1 218/144/1
f 195/148/1 106/151/1 105/147/1
f 194/152/1 106/151/1 195/148/1
f 217/150/1 207/153/1 206/149/1
f 216/154/1 207/153/1 217/150/1
f 193/155/1 106/151/1 194/152/1
f 216/154/1 208/156/1 207/153/1
f 193/155/1 107/157/1 106/151/1
f 175/158/1 177/159/1 176/160/1
f 175/158/1 178/161/1 177/159/1
f 215/162/1 208/156/1 216/154/1
f 215/162/1 209/163/1 208/156/1
f 192/164/1 107/157/1 193/155/1
f 175/158/1 179/165/1 178/161/1
f 192/164/1 108/166/1 107/157/1
f 175/158/1 180/167/1 179/165/1
f 215/162/1 210/168/1 209/163/1
f 175/158/1 181/169/1 180/167/1
f 191/170/1 108/166/1 192/164/1
f 214/171/1 210/168/1 215/162/1
f 191/170/1 109/172/1 108/166/1
f 175/158/1 182/173/1 181/169/1
f 174/174/1 182/173/1 175/158/1
f 214/171/1 211/175/1 210/168/1
f 174/174/1 183/176/1 182/173/1
f 173/177/1 183/176/1 174/174/1
f 190/178/1 109/172/1 191/170/1
f 213/179/1 211/175/1 214/171/1
f 173/177/1 184/180/1 183/176/1
f 172/181/1 184/180/1 173/177/1
f 190/178/1 110/182/1 109/172/1
f 213/179/1 212/183/1 211/175/1
f 172/181/1 185/184/1 184/180/1
f 171/185/1 185/184/1 172/181/1
f 189/186/1 110/182/1 190/178/1
f 170/187/1 185/184/1 171/185/1
f 170/187/1 186/188/1 185/184/1
f 189/186/1 111/189/1 110/182/1
f 169/190/1 186/188/1 170/187/1
f 169/190/1 187/191/1 186/188/1
f 188/192/1 111/189/1 189/186/1
f 168/193/1 187/191/1 169/190/1
f 168/193/1 188/192/1 187/191/1
f 188/192/1 112/194/1 111/189/1
f 167/195/1 188/192/1 168/193/1
f 167/195/1 112/194/1 188/192/1
f 166/196/1 112/194/1 167/195/1
f 166/196/1 113/197/1 112/194/1
f 165/198/1 113/197/1 166/196/1
f 164/199/1 113/197/1 165/198/1
f 164/199/1 114/200/1 113/197/1
f 163/201/1 114/200/1 164/199/1
f 163/201/1 115/202/1 114/200/1
f 163/201/1 116/203/1 115/202/1
f 162/204/1 116/203/1 163/201/1
f 162/204/1 117/205/1 116/203/1
f 162/204/1 118/206/1 117/205/1
f 162/204/1 119/207/1 118/206/1
f 161/208/1 119/207/1 162/204/1
f 161/208/1 120/209/1 119/207/1
f 161/208/1 121/210/1 120/209/1
f 161/208/1 138/211/1 121/210/1
f 138/211/1 122/212/1 121/210/1
f 160/213/1 138/211/1 161/208/1
f 160/213/1 139/214/1 138/211/1
f 137/215/1 122/212/1 138/211/1
f 137/215/1 123/216/1 122/212/1
f 136/217/1 123/216/1 137/215/1
f 136/217/1 124/218/1 123/216/1
f 136/217/1 125/219/1 124/218/1
f 135/220/1 125/219/1 136/217/1
f 135/220/1 134/221/1 125/219/1
f 134/221/1 133/222/1 125/219/1
f 133/222/1 132/223/1 125/219/1
f 132/223/1 131/224/1 125/219/1
f 131/224/1 130/225/1 125/219/1
f 130/225/1 129/226/1 125/219/1
f 129/226/1 128/227/1 125/219/1
f 128/227/1 127/228/1 125/219/1
f 127/228/1 126/229/1 125/219/1
f 159/230/1 139/214/1 160/213/1
f 159/230/1 140/231/1 139/214/1
f 158/232/1 140/231/1 159/230/1
f 158/232/1 141/233/1 140/231/1
f 157/234/1 141/233/1 158/232/1
f 157/234/1 142/235/1 141/233/1
f 156/236/1 142/235/1 157/234/1
f 156/236/1 143/237/1 142/235/1
f 155/238/1 143/237/1 156/236/1
f 155/238/1 144/239/1 143/237/1
f 154/240/1 144/239/1 155/238/1
f 154/240/1 145/241/1 144/239/1
f 153/242/1 145/241/1 154/240/1
f 153/242/1 146/243/1 145/241/1
f 152/244/1 146/243/1 153/242/1
f 151/245/1 146/243/1 152/244/1
f 151/245/1 147/246/1 146/243/1
f 150/247/1 147/246/1 151/245/1
f 150/247/1 148/248/1 147/246/1
f 150/247/1 149/249/1 148/248/1
f 264/250/1 266/251/1 265/252/1
f 264/250/1 267/253/1 266/251/1
f 264/250/1 268/254/1 267/253/1
f 264/250/1 269/255/1 268/254/1
f 263/256/1 269/255/1 264/250/1
f 263/256/1 270/257/1 269/255/1
f 262/258/1 270/257/1 263/256/1
f 262/258/1 271/259/1 270/257/1
f 261/260/1 271/259/1 262/258/1
f 261/260/1 272/261/1 271/259/1
f 260/262/1 272/261/1 261/260/1
f 260/262/1 273/263/1 272/261/1
f 259/264/1 273/263/1 260/262/1
f 259/264/1 274/265/1 273/263/1
f 258/266/1 274/265/1 259/264/1
f 288/267/1 290/268/1 289/269/1
f 258/266/1 275/270/1 274/265/1
f 257/271/1 275/270/1 258/266/1
f 257/271/1 276/272/1 275/270/1
f 256/273/1 276/272/1 257/271/1
f 287/274/1 290/268/1 288/267/1
f 256/273/1 277/275/1 276/272/1
f 255/276/1 277/275/1 256/273/1
f 255/276/1 254/277/1 277/275/1
f 254/277/1 253/278/1 277/275/1
f 253/278/1 252/29/1 277/275/1
f 286/279/1 290/268/1 287/274/1
f 286/279/1 291/280/1 290/268/1
f 285/281/1 291/280/1 286/279/1
f 285/281/1 292/282/1 291/280/1
f 284/283/1 292/282/1 285/281/1
f 284/283/1 293/284/1 292/282/1
f 283/285/1 293/284/1 284/283/1
f 283/285/1 294/286/1 293/284/1
f 282/287/1 294/286/1 283/285/1
f 282/287/1 295/288/1 294/286/1
f 281/289/1 295/288/1 282/287/1
f 281/289/1 296/290/1 295/288/1
f 280/291/1 296/290/1 281/289/1
f 280/291/1 297/292/1 296/290/1
f 279/293/1 297/292/1 280/291/1
f 279/293/1 298/294/1 297/292/1
f 278/295/1 298/294/1 279/293/1
f 278/295/1 299/296/1 298/294/1
f 327/27/1 299/296/1 278/295/1
f 327/27/1 300/297/1 299/296/1
f 326/298/1 300/297/1 327/27/1
f 325/299/1 300/297/1 326/298/1
f 325/299/1 301/300/1 300/297/1
f 324/301/1 301/300/1 325/299/1
f 323/302/1 301/300/1 324/301/1
f 323/302/1 302/303/1 301/300/1
f 322/304/1 302/303/1 323/302/1
f 321/305/1 302/303/1 322/304/1
f 321/305/1 303/306/1 302/303/1
f 320/307/1 303/306/1 321/305/1
f 320/307/1 304/308/1 303/306/1
f 319/309/1 304/308/1 320/307/1
f 319/309/1 305/310/1 304/308/1
f 318/311/1 305/310/1 319/309/1
f 318/311/1 306/312/1 305/310/1
f 317/313/1 306/312/1 318/311/1
f 316/314/1 306/312/1 317/313/1
f 316/314/1 307/315/1 306/312/1
f 315/316/1 307/315/1 316/314/1
f 314/317/1 307/315/1 315/316/1
f 314/317/1 308/318/1 307/315/1
f 314/317/1 309/319/1 308/318/1
f 314/317/1 310/320/1 309/319/1
f 314/317/1 311/321/1 310/320/1
f 314/317/1 312/322/1 311/321/1
f 314/317/1 313/323/1 312/322/1
f 438/324/1 378/325/1 439/27/1
f 438/324/1 379/326/1 378/325/1
f 438/324/1 380/327/1 379/326/1
f 437/328/1 380/327/1 438/324/1
f 437/328/1 381/329/1 380/327/1
f 437/328/1 382/330/1 381/329/1
f 437/328/1 383/331/1 382/330/1
f 437/328/1 384/332/1 383/331/1
f 437/328/1 385/333/1 384/332/1
f 436/334/1 385/333/1 437/328/1
f 436/334/1 386/335/1 385/333/1
f 436/334/1 387/336/1 386/335/1
f 436/334/1 388/337/1 387/336/1
f 436/334/1 389/338/1 388/337/1
f 436/334/1 390/339/1 389/338/1
f 436/334/1 391/340/1 390/339/1
f 435/341/1 391/340/1 436/334/1
f 435/341/1 392/342/1 391/340/1
f 434/343/1 392/342/1 435/341/1
f 434/343/1 393/344/1 392/342/1
f 434/343/1 394/345/1 393/344/1
f 433/346/1 394/345/1 434/343/1
f 433/346/1 395/347/1 394/345/1
f 432/348/1 395/347/1 433/346/1
f 432/348/1 396/349/1 395/347/1
f 431/350/1 396/349/1 432/348/1
f 431/350/1 397/351/1 396/349/1
f 430/352/1 397/351/1 431/350/1
f 430/352/1 398/353/1 397/351/1
f 429/354/1 398/353/1 430/352/1
f 429/354/1 399/355/1 398/353/1
f 428/356/1 399/355/1 429/354/1
f 428/356/1 400/357/1 399/355/1
f 427/358/1 400/357/1 428/356/1
f 427/358/1 401/359/1 400/357/1
f 426/360/1 401/359/1 427/358/1
f 426/360/1 402/303/1 401/359/1
f 425/361/1 402/303/1 426/360/1
f 425/361/1 403/362/1 402/303/1
f 424/363/1 403/362/1 425/361/1
f 424/363/1 404/364/1 403/362/1
f 423/365/1 404/364/1 424/363/1
f 423/365/1 405/366/1 404/364/1
f 422/367/1 405/366/1 423/365/1
f 422/367/1 406/368/1 405/366/1
f 421/369/1 406/368/1 422/367/1
f 421/369/1 407/370/1 406/368/1
f 420/371/1 407/370/1 421/369/1
f 420/371/1 408/372/1 407/370/1
f 419/373/1 408/372/1 420/371/1
f 419/373/1 409/374/1 408/372/1
f 418/375/1 409/374/1 419/373/1
f 418/375/1 410/376/1 409/374/1
f 417/377/1 410/376/1 418/375/1
f 417/377/1 411/378/1 410/376/1
f 416/379/1 411/378/1 417/377/1
f 416/379/1 412/380/1 411/378/1
f 415/381/1 412/380/1 416/379/1
f 415/381/1 413/382/1 412/380/1
f 414/383/1 413/382/1 415/381/1
f 377/384/1 329/385/1 328/29/1
f 377/384/1 330/386/1 329/385/1
f 376/387/1 330/386/1 377/384/1
f 376/387/1 331/388/1 330/386/1
f 375/389/1 331/388/1 376/387/1
f 375/389/1 332/390/1 331/388/1
f 374/391/1 332/390/1 375/389/1
f 374/391/1 333/392/1 332/390/1
f 373/393/1 333/392/1 374/391/1
f 373/393/1 334/394/1 333/392/1
f 372/395/1 334/394/1 373/393/1
f 372/395/1 335/396/1 334/394/1
f 371/397/1 335/396/1 372/395/1
f 371/397/1 336/398/1 335/396/1
f 370/399/1 336/398/1 371/397/1
f 369/400/1 336/398/1 370/399/1
f 369/400/1 337/401/1 336/398/1
f 368/402/1 337/401/1 369/400/1
f 368/402/1 338/403/1 337/401/1
f 367/404/1 338/403/1 368/402/1
f 367/404/1 339/405/1 338/403/1
f 367/404/1 340/406/1 339/405/1
f 366/407/1 340/406/1 367/404/1
f 366/407/1 341/408/1 340/406/1
f 365/275/1 341/408/1 366/407/1
f 365/275/1 342/409/1 341/408/1
f 364/410/1 342/409/1 365/275/1
f 364/410/1 343/411/1 342/409/1
f 363/412/1 343/411/1 364/410/1
f 363/412/1 344/413/1 343/411/1
f 362/414/1 344/413/1 363/412/1
f 361/415/1 344/413/1 362/414/1
f 361/415/1 345/416/1 344/413/1
f 360/417/1 345/416/1 361/415/1
f 360/417/1 346/418/1 345/416/1
f 359/419/1 346/418/1 360/417/1
f 359/419/1 347/420/1 346/418/1
f 358/421/1 347/420/1 359/419/1
f 358/421/1 348/422/1 347/420/1
f 357/423/1 348/422/1 358/421/1
f 357/423/1 349/424/1 348/422/1
f 356/425/1 349/424/1 357/423/1
f 356/425/1 350/426/1 349/424/1
f 355/427/1 350/426/1 356/425/1
f 355/427/1 351/428/1 350/426/1
f 354/429/1 351/428/1 355/427/1
f 354/429/1 352/430/1 351/428/1
f 354/429/1 353/431/1 352/430/1
f 452/432/1 454/433/1 453/434/1
f 452/432/1 455/435/1 454/433/1
f 452/432/1 456/436/1 455/435/1
f 451/437/1 456/436/1 452/432/1
f 587/438/1 589/439/1 588/440/1
f 451/437/1 457/441/1 456/436/1
f 450/442/1 457/441/1 451/437/1
f 587/438/1 590/443/1 589/439/1
f 450/442/1 458/444/1 457/441/1
f 449/445/1 458/444/1 450/442/1
f 587/438/1 591/446/1 590/443/1
f 586/447/1 591/446/1 587/438/1
f 449/445/1 459/448/1 458/444/1
f 448/449/1 459/448/1 449/445/1
f 586/447/1 592/450/1 591/446/1
f 585/451/1 592/450/1 586/447/1
f 447/452/1 459/448/1 448/449/1
f 447/452/1 460/453/1 459/448/1
f 584/454/1 592/450/1 585/451/1
f 584/454/1 593/455/1 592/450/1
f 446/456/1 460/453/1 447/452/1
f 583/457/1 593/455/1 584/454/1
f 446/456/1 461/458/1 460/453/1
f 583/457/1 594/459/1 593/455/1
f 582/460/1 594/459/1 583/457/1
f 445/461/1 461/458/1 446/456/1
f 445/461/1 462/462/1 461/458/1
f 582/460/1 595/463/1 594/459/1
f 581/464/1 595/463/1 582/460/1
f 444/465/1 462/462/1 445/461/1
f 444/465/1 463/466/1 462/462/1
f 581/464/1 596/467/1 595/463/1
f 580/468/1 596/467/1 581/464/1
f 443/469/1 463/466/1 444/465/1
f 443/469/1 464/470/1 463/466/1
f 580/468/1 597/471/1 596/467/1
f 579/472/1 597/471/1 580/468/1
f 443/469/1 465/473/1 464/470/1
f 442/474/1 465/473/1 443/469/1
f 579/472/1 598/475/1 597/471/1
f 578/476/1 598/475/1 579/472/1
f 442/474/1 441/477/1 465/473/1
f 441/477/1 440/29/1 465/473/1
f 578/476/1 599/478/1 598/475/1
f 577/479/1 599/478/1 578/476/1
f 577/479/1 600/480/1 599/478/1
f 576/481/1 600/480/1 577/479/1
f 576/481/1 601/482/1 600/480/1
f 575/483/1 601/482/1 576/481/1
f 538/484/1 540/485/1 539/486/1
f 538/484/1 541/487/1 540/485/1
f 538/484/1 542/488/1 541/487/1
f 538/484/1 543/489/1 542/488/1
f 538/484/1 544/490/1 543/489/1
f 574/491/1 601/482/1 575/483/1
f 538/484/1 545/492/1 544/490/1
f 573/493/1 601/482/1 574/491/1
f 538/484/1 546/494/1 545/492/1
f 572/495/1 601/482/1 573/493/1
f 538/484/1 547/496/1 546/494/1
f 571/497/1 601/482/1 572/495/1
f 538/484/1 548/498/1 547/496/1
f 570/499/1 601/482/1 571/497/1
f 569/500/1 601/482/1 570/499/1
f 538/484/1 549/501/1 548/498/1
f 568/502/1 601/482/1 569/500/1
f 538/484/1 550/503/1 549/501/1
f 567/504/1 601/482/1 568/502/1
f 566/505/1 601/482/1 567/504/1
f 538/484/1 551/506/1 550/503/1
f 565/507/1 601/482/1 566/505/1
f 564/508/1 601/482/1 565/507/1
f 563/509/1 601/482/1 564/508/1
f 538/484/1 552/510/1 551/506/1
f 538/484/1 553/511/1 552/510/1
f 538/484/1 554/512/1 553/511/1
f 538/484/1 555/513/1 554/512/1
f 538/484/1 556/303/1 555/513/1
f 538/484/1 557/514/1 556/303/1
f 538/484/1 558/515/1 557/514/1
f 538/484/1 559/516/1 558/515/1
f 538/484/1 560/517/1 559/516/1
f 538/484/1 561/518/1 560/517/1
f 538/484/1 562/519/1 561/518/1
f 538/484/1 563/509/1 562/519/1
f 538/484/1 601/482/1 563/509/1
f 538/484/1 602/520/1 601/482/1
f 538/484/1 603/521/1 602/520/1
f 538/484/1 604/522/1 603/521/1
f 538/484/1 605/523/1 604/522/1
f 538/484/1 606/524/1 605/523/1
f 538/484/1 534/525/1 606/524/1
f 534/525/1 533/526/1 606/524/1
f 533/526/1 607/527/1 606/524/1
f 533/526/1 532/528/1 607/527/1
f 532/528/1 531/529/1 607/527/1
f 531/529/1 608/530/1 607/527/1
f 531/529/1 530/531/1 608/530/1
f 530/531/1 609/532/1 608/530/1
f 530/531/1 529/533/1 609/532/1
f 529/533/1 610/534/1 609/532/1
f 529/533/1 528/535/1 610/534/1
f 528/535/1 611/536/1 610/534/1
f 528/535/1 527/201/1 611/536/1
f 527/201/1 612/537/1 611/536/1
f 527/201/1 526/538/1 612/537/1
f 526/538/1 525/539/1 612/537/1
f 525/539/1 524/540/1 612/537/1
f 524/540/1 523/541/1 612/537/1
f 523/541/1 522/542/1 612/537/1
f 522/542/1 521/543/1 612/537/1
f 521/543/1 520/544/1 612/537/1
f 520/544/1 519/545/1 612/537/1
f 519/545/1 518/546/1 612/537/1
f 518/546/1 517/547/1 612/537/1
f 517/547/1 516/548/1 612/537/1
f 516/548/1 515/549/1 612/537/1
f 515/549/1 514/550/1 612/537/1
f 514/550/1 613/551/1 612/537/1
f 513/552/1 613/551/1 514/550/1
f 513/552/1 614/27/1 613/551/1
f 538/484/3 535/553/3 534/525/3
f 538/484/1 536/554/1 535/553/1
f 538/484/1 537/555/1 536/554/1
f 513/552/1 466/556/1 614/27/1
f 512/557/1 466/556/1 513/552/1
f 512/557/1 467/558/1 466/556/1
f 511/559/1 467/558/1 512/557/1
f 511/559/1 468/560/1 467/558/1
f 510/561/1 468/560/1 511/559/1
f 510/561/1 469/562/1 468/560/1
f 509/563/1 469/562/1 510/561/1
f 509/563/1 470/564/1 469/562/1
f 508/565/1 470/564/1 509/563/1
f 508/565/1 471/566/1 470/564/1
f 507/567/1 471/566/1 508/565/1
f 507/567/1 472/568/1 471/566/1
f 506/569/1 472/568/1 507/567/1
f 505/570/1 472/568/1 506/569/1
f 505/570/1 473/571/1 472/568/1
f 504/572/1 473/571/1 505/570/1
f 504/572/1 474/573/1 473/571/1
f 503/574/1 474/573/1 504/572/1
f 503/574/1 475/575/1 474/573/1
f 502/576/1 475/575/1 503/574/1
f 502/576/1 476/577/1 475/575/1
f 501/578/1 476/577/1 502/576/1
f 501/578/1 477/579/1 476/577/1
f 500/580/1 477/579/1 501/578/1
f 500/580/1 478/581/1 477/579/1
f 499/582/1 478/581/1 500/580/1
f 498/275/1 478/581/1 499/582/1
f 498/275/1 479/583/1 478/581/1
f 497/584/1 479/583/1 498/275/1
f 497/584/1 480/585/1 479/583/1
f 496/586/1 480/585/1 497/584/1
f 496/586/1 481/587/1 480/585/1
f 495/588/1 481/587/1 496/586/1
f 495/588/1 482/589/1 481/587/1
f 494/590/1 482/589/1 495/588/1
f 493/591/1 482/589/1 494/590/1
f 493/591/1 483/592/1 482/589/1
f 492/593/1 483/592/1 493/591/1
f 492/593/1 484/594/1 483/592/1
f 491/595/1 484/594/1 492/593/1
f 491/595/1 485/596/1 484/594/1
f 490/597/1 485/596/1 491/595/1
f 489/598/1 485/596/1 490/597/1
f 489/598/1 486/599/1 485/596/1
f 489/598/1 487/600/1 486/599/1
f 489/598/1 488/601/1 487/600/1
f 629/602/1 631/603/1 630/604/1
f 654/605/1 656/606/1 655/607/1
f 653/608/1 656/606/1 654/605/1
f 629/602/1 632/609/1 631/603/1
f 652/610/1 656/606/1 653/608/1
f 629/602/1 633/611/1 632/609/1
f 651/612/1 656/606/1 652/610/1
f 629/602/1 634/613/1 633/611/1
f 650/614/1 656/606/1 651/612/1
f 649/615/1 656/606/1 650/614/1
f 629/602/1 635/616/1 634/613/1
f 648/617/1 656/606/1 649/615/1
f 629/602/1 636/618/1 635/616/1
f 647/619/1 656/606/1 648/617/1
f 629/602/1 637/620/1 636/618/1
f 629/602/1 638/621/1 637/620/1
f 646/622/1 656/606/1 647/619/1
f 629/602/1 639/623/1 638/621/1
f 645/624/1 656/606/1 646/622/1
f 629/602/1 640/625/1 639/623/1
f 644/626/1 656/606/1 645/624/1
f 629/602/1 641/627/1 640/625/1
f 643/628/1 656/606/1 644/626/1
f 629/602/1 642/629/1 641/627/1
f 629/602/1 643/628/1 642/629/1
f 629/602/1 628/630/1 643/628/1
f 628/630/1 627/631/1 643/628/1
f 627/631/1 626/632/1 643/628/1
f 626/632/1 625/633/1 643/628/1
f 625/633/1 624/634/1 643/628/1
f 624/634/1 623/635/1 643/628/1
f 623/635/1 622/636/1 643/628/1
f 622/636/1 621/637/1 643/628/1
f 621/637/1 620/638/1 643/628/1
f 620/638/1 619/639/1 643/628/1
f 619/639/1 618/640/1 643/628/1
f 618/640/1 617/641/1 643/628/1
f 617/641/1 616/642/1 643/628/1
f 616/642/1 668/643/1 643/628/1
f 668/643/1 667/644/1 643/628/1
f 667/644/1 666/645/1 643/628/1
f 666/645/1 665/646/1 643/628/1
f 665/646/1 664/647/1 643/628/1
f 664/647/1 663/648/1 643/628/1
f 663/648/1 662/649/1 643/628/1
f 662/649/1 661/650/1 643/628/1
f 661/650/1 660/651/1 643/628/1
f 660/651/1 659/652/1 643/628/1
f 659/652/1 658/653/1 643/628/1
f 658/653/1 657/654/1 643/628/1
f 657/654/1 656/606/1 643/628/1
f 615/29/1 669/655/1 616/642/1
f 669/655/2 668/643/2 616/642/2
f 615/29/1 670/656/1 669/655/1
f 709/657/1 711/658/1 710/659/1
f 682/660/1 684/661/1 683/662/1
f 709/657/1 712/663/1 711/658/1
f 681/664/1 684/661/1 682/660/1
f 709/657/1 713/665/1 712/663/1
f 680/666/1 684/661/1 681/664/1
f 709/657/1 714/667/1 713/665/1
f 679/668/1 684/661/1 680/666/1
f 709/657/1 715/669/1 714/667/1
f 678/670/1 684/661/1 679/668/1
f 709/657/1 716/671/1 715/669/1
f 677/672/1 684/661/1 678/670/1
f 709/657/1 717/673/1 716/671/1
f 676/674/1 684/661/1 677/672/1
f 709/657/1 718/675/1 717/673/1
f 675/676/1 684/661/1 676/674/1
f 709/657/1 719/677/1 718/675/1
f 674/678/1 684/661/1 675/676/1
f 709/657/1 720/679/1 719/677/1
f 673/680/1 684/661/1 674/678/1
f 709/657/1 721/681/1 720/679/1
f 672/682/1 684/661/1 673/680/1
f 709/657/1 722/27/1 721/681/1
f 671/683/1 684/661/1 672/682/1
f 709/657/1 615/29/1 722/27/1
f 709/657/1 670/656/1 615/29/1
f 709/657/1 671/683/1 670/656/1
f 709/657/1 708/684/1 671/683/1
f 708/684/1 707/685/1 671/683/1
f 707/685/1 706/686/1 671/683/1
f 706/686/1 705/687/1 671/683/1
f 705/687/1 704/688/1 671/683/1
f 704/688/1 703/689/1 671/683/1
f 703/689/1 702/690/1 671/683/1
f 702/690/1 701/691/1 671/683/1
f 701/691/1 700/692/1 671/683/1
f 700/692/1 699/693/1 671/683/1
f 699/693/1 698/694/1 671/683/1
f 698/694/1 697/695/1 671/683/1
f 697/695/1 696/696/1 671/683/1
f 696/696/1 695/697/1 671/683/1
f 695/697/1 694/698/1 671/683/1
f 694/698/1 693/699/1 671/683/1
f 693/699/1 692/700/1 671/683/1
f 692/700/1 691/701/1 671/683/1
f 691/701/1 690/702/1 671/683/1
f 690/702/1 689/703/1 671/683/1
f 689/703/1 688/704/1 671/683/1
f 688/704/1 687/705/1 671/683/1
f 687/705/1 686/706/1 671/683/1
f 686/706/1 685/707/1 671/683/1
f 685/707/1 684/661/1 671/683/1
f 870/708/1 872/709/1 871/710/1
f 870/708/1 873/711/1 872/709/1
f 869/712/1 873/711/1 870/708/1
f 869/712/1 874/713/1 873/711/1
f 868/714/1 874/713/1 869/712/1
f 868/714/1 875/715/1 874/713/1
f 867/716/1 875/715/1 868/714/1
f 867/716/1 876/717/1 875/715/1
f 866/718/1 876/717/1 867/716/1
f 866/718/1 877/719/1 876/717/1
f 865/720/1 877/719/1 866/718/1
f 865/720/1 878/721/1 877/719/1
f 864/153/1 878/721/1 865/720/1
f 864/153/1 879/722/1 878/721/1
f 863/723/1 879/722/1 864/153/1
f 863/723/1 880/724/1 879/722/1
f 862/725/1 880/724/1 863/723/1
f 862/725/1 881/726/1 880/724/1
f 861/727/1 881/726/1 862/725/1
f 861/727/1 882/728/1 881/726/1
f 860/729/1 882/728/1 861/727/1
f 860/729/1 883/730/1 882/728/1
f 859/731/1 883/730/1 860/729/1
f 859/731/1 884/732/1 883/730/1
f 858/733/1 884/732/1 859/731/1
f 858/733/1 885/734/1 884/732/1
f 897/735/1 899/736/1 898/737/1
f 896/738/1 899/736/1 897/735/1
f 895/739/1 899/736/1 896/738/1
f 894/740/1 899/736/1 895/739/1
f 844/741/1 846/742/1 845/743/1
f 893/744/1 899/736/1 894/740/1
f 844/741/1 847/745/1 846/742/1
f 892/746/1 899/736/1 893/744/1
f 844/741/1 848/747/1 847/745/1
f 891/748/1 899/736/1 892/746/1
f 844/741/1 849/749/1 848/747/1
f 844/741/1 850/750/1 849/749/1
f 890/751/1 899/736/1 891/748/1
f 844/741/1 851/752/1 850/750/1
f 889/753/1 899/736/1 890/751/1
f 844/741/1 852/754/1 851/752/1
f 844/741/1 853/755/1 852/754/1
f 888/756/1 899/736/1 889/753/1
f 844/741/1 854/757/1 853/755/1
f 887/758/1 899/736/1 888/756/1
f 844/741/1 855/759/1 854/757/1
f 844/741/1 856/760/1 855/759/1
f 886/761/1 899/736/1 887/758/1
f 844/741/1 857/762/1 856/760/1
f 844/741/1 858/733/1 857/762/1
f 844/741/1 885/734/1 858/733/1
f 844/741/1 886/761/1 885/734/1
f 844/741/1 899/736/1 886/761/1
f 843/763/1 899/736/1 844/741/1
f 842/764/1 899/736/1 843/763/1
f 841/765/1 899/736/1 842/764/1
f 840/766/1 899/736/1 841/765/1
f 840/766/1 900/767/1 899/736/1
f 839/768/1 900/767/1 840/766/1
f 839/768/1 901/769/1 900/767/1
f 839/768/1 902/770/1 901/769/1
f 838/771/1 902/770/1 839/768/1
f 838/771/1 903/772/1 902/770/1
f 837/773/1 903/772/1 838/771/1
f 837/773/1 904/774/1 903/772/1
f 836/775/1 904/774/1 837/773/1
f 836/775/1 905/776/1 904/774/1
f 836/775/1 906/777/1 905/776/1
f 835/778/1 906/777/1 836/775/1
f 835/778/1 907/779/1 906/777/1
f 834/780/1 907/779/1 835/778/1
f 834/780/1 908/781/1 907/779/1
f 833/782/1 908/781/1 834/780/1
f 833/782/1 783/783/1 908/781/1
f 783/783/1 909/784/1 908/781/1
f 832/785/1 784/786/1 833/782/1
f 784/786/1 783/783/1 833/782/1
f 832/785/1 785/787/1 784/786/1
f 782/788/1 909/784/1 783/783/1
f 782/788/1 910/789/1 909/784/1
f 782/788/1 911/27/1 910/789/1
f 831/790/1 785/787/1 832/785/1
f 831/790/1 786/791/1 785/787/1
f 782/788/1 723/29/1 911/27/1
f 830/792/1 786/791/1 831/790/1
f 781/793/1 723/29/1 782/788/1
f 830/792/1 787/794/1 786/791/1
f 781/793/1 724/795/1 723/29/1
f 829/796/1 787/794/1 830/792/1
f 829/796/1 788/797/1 787/794/1
f 780/798/1 724/795/1 781/793/1
f 828/799/1 788/797/1 829/796/1
f 780/798/1 725/800/1 724/795/1
f 828/799/1 789/801/1 788/797/1
f 779/802/1 725/800/1 780/798/1
f 827/803/1 789/801/1 828/799/1
f 827/803/1 790/804/1 789/801/1
f 779/802/1 726/805/1 725/800/1
f 826/806/1 790/804/1 827/803/1
f 826/806/1 791/807/1 790/804/1
f 778/808/1 726/805/1 779/802/1
f 778/808/1 727/809/1 726/805/1
f 825/810/1 791/807/1 826/806/1
f 825/810/1 792/811/1 791/807/1
f 777/812/1 727/809/1 778/808/1
f 824/813/1 792/811/1 825/810/1
f 824/813/1 793/814/1 792/811/1
f 777/812/1 728/815/1 727/809/1
f 823/816/1 793/814/1 824/813/1
f 823/816/1 794/817/1 793/814/1
f 776/818/1 728/815/1 777/812/1
f 822/819/1 794/817/1 823/816/1
f 776/818/1 729/820/1 728/815/1
f 822/819/1 795/821/1 794/817/1
f 821/822/1 795/821/1 822/819/1
f 821/822/1 796/823/1 795/821/1
f 775/824/1 729/820/1 776/818/1
f 820/825/1 796/823/1 821/822/1
f 820/825/1 797/826/1 796/823/1
f 819/827/1 797/826/1 820/825/1
f 775/824/1 730/828/1 729/820/1
f 819/827/1 798/829/1 797/826/1
f 818/830/1 798/829/1 819/827/1
f 818/830/1 799/831/1 798/829/1
f 817/201/1 799/831/1 818/830/1
f 817/201/1 800/832/1 799/831/1
f 816/833/1 800/832/1 817/201/1
f 774/834/1 730/828/1 775/824/1
f 816/833/1 801/835/1 800/832/1
f 815/836/1 801/835/1 816/833/1
f 815/836/1 802/837/1 801/835/1
f 814/838/1 802/837/1 815/836/1
f 814/838/1 803/839/1 802/837/1
f 774/834/1 731/840/1 730/828/1
f 813/841/1 803/839/1 814/838/1
f 813/841/1 804/842/1 803/839/1
f 812/843/1 804/842/1 813/841/1
f 812/843/1 805/844/1 804/842/1
f 773/845/1 731/840/1 774/834/1
f 811/846/1 805/844/1 812/843/1
f 811/846/1 806/847/1 805/844/1
f 810/848/1 806/847/1 811/846/1
f 810/848/1 807/849/1 806/847/1
f 809/850/1 807/849/1 810/848/1
f 809/850/1 808/851/1 807/849/1
f 773/845/1 732/852/1 731/840/1
f 772/853/1 732/852/1 773/845/1
f 772/853/1 733/854/1 732/852/1
f 771/855/1 733/854/1 772/853/1
f 771/855/1 734/856/1 733/854/1
f 770/207/1 734/856/1 771/855/1
f 770/207/1 735/857/1 734/856/1
f 769/858/1 735/857/1 770/207/1
f 768/859/1 735/857/1 769/858/1
f 768/859/1 736/860/1 735/857/1
f 767/861/1 736/860/1 768/859/1
f 767/861/1 737/862/1 736/860/1
f 766/863/1 737/862/1 767/861/1
f 765/864/1 737/862/1 766/863/1
f 765/864/1 738/865/1 737/862/1
f 764/866/1 738/865/1 765/864/1
f 763/867/1 738/865/1 764/866/1
f 763/867/1 739/868/1 738/865/1
f 762/869/1 739/868/1 763/867/1
f 762/869/1 740/870/1 739/868/1
f 761/871/1 740/870/1 762/869/1
f 760/872/1 740/870/1 761/871/1
f 759/873/1 740/870/1 760/872/1
f 759/873/1 741/874/1 740/870/1
f 758/875/1 741/874/1 759/873/1
f 757/876/1 741/874/1 758/875/1
f 756/877/1 741/874/1 757/876/1
f 755/878/1 741/874/1 756/877/1
f 754/879/1 741/874/1 755/878/1
f 753/880/1 741/874/1 754/879/1
f 753/880/1 742/881/1 741/874/1
f 752/882/1 742/881/1 753/880/1
f 751/883/1 742/881/1 752/882/1
f 750/884/1 742/881/1 751/883/1
f 749/885/1 742/881/1 750/884/1
f 748/886/1 742/881/1 749/885/1
f 747/887/1 742/881/1 748/886/1
f 746/888/1 742/881/1 747/887/1
f 746/888/1 743/889/1 742/881/1
f 746/888/1 744/890/1 743/889/1
f 746/888/1 745/891/1 744/890/1
f 972/1/2 973/3/2 974/2/2
f 934/4/2 935/6/2 936/5/2
f 972/1/2 974/2/2 975/7/2
f 933/8/2 934/4/2 936/5/2
f 972/1/2 975/7/2 976/9/2
f 932/10/2 933/8/2 936/5/2
f 972/1/2 976/9/2 977/11/2
f 931/12/2 932/10/2 936/5/2
f 972/1/2 977/11/2 978/13/2
f 930/14/2 931/12/2 936/5/2
f 972/1/2 978/13/2 979/15/2
f 929/16/2 930/14/2 936/5/2
f 972/1/2 979/15/2 980/17/2
f 928/18/2 929/16/2 936/5/2
f 972/1/2 980/17/2 981/19/2
f 927/20/2 928/18/2 936/5/2
f 972/1/2 981/19/2 982/21/2
f 926/22/2 927/20/2 936/5/2
f 972/1/2 982/21/2 983/23/2
f 925/24/2 926/22/2 936/5/2
f 972/1/2 983/23/2 984/25/2
f 924/26/2 925/24/2 936/5/2
f 972/1/2 984/25/2 985/27/2
f 923/28/2 924/26/2 936/5/2
f 972/1/2 985/27/2 912/29/2
f 972/1/2 912/29/2 913/30/2
f 972/1/2 913/30/2 914/31/2
f 972/1/2 914/31/2 915/32/2
f 972/1/2 915/32/2 916/33/2
f 972/1/2 916/33/2 917/34/2
f 972/1/2 917/34/2 918/35/2
f 972/1/2 918/35/2 919/36/2
f 972/1/2 919/36/2 920/37/2
f 972/1/2 920/37/2 921/38/2
f 972/1/2 921/38/2 922/39/2
f 972/1/2 922/39/2 923/28/2
f 972/1/2 923/28/2 971/40/2
f 971/40/2 923/28/2 970/41/2
f 970/41/2 923/28/2 969/42/2
f 969/42/2 923/28/2 968/43/2
f 968/43/2 923/28/2 967/44/2
f 967/44/2 923/28/2 966/45/2
f 966/45/2 923/28/2 965/46/2
f 965/46/2 923/28/2 964/47/2
f 964/47/2 923/28/2 963/48/2
f 963/48/2 923/28/2 962/49/2
f 962/49/2 923/28/2 961/50/2
f 961/50/2 923/28/2 960/51/2
f 960/51/2 923/28/2 959/52/2
f 959/52/2 923/28/2 958/53/2
f 958/53/2 923/28/2 957/54/2
f 957/54/2 923/28/2 955/55/2
f 955/55/2 923/28/2 952/56/2
f 952/56/2 923/28/2 949/57/2
f 949/57/2 923/28/2 948/58/2
f 948/58/2 923/28/2 947/59/2
f 947/59/2 923/28/2 946/60/2
f 946/60/2 923/28/2 945/61/2
f 945/61/2 923/28/2 944/62/2
f 944/62/2 923/28/2 943/63/2
f 943/63/2 923/28/2 942/64/2
f 942/64/2 923/28/2 941/65/2
f 941/65/2 923/28/2 936/5/2
f 956/66/1 957/54/1 955/55/1
f 954/67/1 955/55/1 952/56/1
f 953/68/1 954/67/1 952/56/1
f 951/69/1 952/56/1 949/57/1
f 950/70/1 951/69/1 949/57/1
f 940/71/2 941/65/2 936/5/2
f 939/72/2 940/71/2 936/5/2
f 938/73/2 939/72/2 936/5/2
f 937/74/2 938/73/2 936/5/2
f 1148/75/2 1149/77/2 1150/76/2
f 1147/78/2 1148/75/2 1150/76/2
f 1146/79/2 1147/78/2 1150/76/2
f 1145/80/2 1146/79/2 1150/76/2
f 1144/81/2 1145/80/2 1150/76/2
f 1144/81/2 1150/76/2 1151/82/2
f 1143/83/2 1144/81/2 1151/82/2
f 1143/83/2 1151/82/2 1152/84/2
f 1142/85/2 1143/83/2 1152/84/2
f 1142/85/2 1152/84/2 1153/86/2
f 1141/87/2 1142/85/2 1153/86/2
f 1141/87/2 1153/86/2 1154/88/2
f 1140/89/2 1141/87/2 1154/88/2
f 1140/89/2 1154/88/2 1155/90/2
f 1139/91/2 1140/89/2 1155/90/2
f 1139/91/2 1155/90/2 1156/92/2
f 1138/93/2 1139/91/2 1156/92/2
f 1138/93/2 1156/92/2 1157/94/2
f 1137/95/2 1138/93/2 1157/94/2
f 1137/95/2 1157/94/2 1158/96/2
f 1136/97/2 1137/95/2 1158/96/2
f 1136/97/2 1158/96/2 1159/98/2
f 1136/97/2 1159/98/2 1160/99/2
f 1136/97/2 1160/99/2 1161/100/2
f 1136/97/2 1161/100/2 1162/27/2
f 1135/101/2 1136/97/2 1162/27/2
f 1135/101/2 1162/27/2 986/29/2
f 1134/102/2 1135/101/2 986/29/2
f 998/103/2 999/105/2 1000/104/2
f 997/106/2 998/103/2 1000/104/2
f 996/107/2 997/106/2 1000/104/2
f 995/108/2 996/107/2 1000/104/2
f 994/109/2 995/108/2 1000/104/2
f 993/110/2 994/109/2 1000/104/2
f 992/111/2 993/110/2 1000/104/2
f 991/112/2 992/111/2 1000/104/2
f 990/113/2 991/112/2 1000/104/2
f 989/114/2 990/113/2 1000/104/2
f 988/115/2 989/114/2 1000/104/2
f 987/116/2 988/115/2 1000/104/2
f 1134/102/2 986/29/2 987/116/2
f 1134/102/2 987/116/2 1000/104/2
f 1133/117/2 1134/102/2 1000/104/2
f 1133/117/2 1000/104/2 1001/118/2
f 1133/117/2 1001/118/2 1002/119/2
f 1133/117/2 1002/119/2 1003/120/2
f 1133/117/2 1003/120/2 1004/121/2
f 1132/122/2 1133/117/2 1004/121/2
f 1132/122/2 1004/121/2 1005/123/2
f 1132/122/2 1005/123/2 1006/124/2
f 1132/122/2 1006/124/2 1007/125/2
f 1132/122/2 1007/125/2 1112/126/2
f 1112/126/2 1007/125/2 1008/127/2
f 1112/126/2 1008/127/2 1009/128/2
f 1112/126/2 1009/128/2 1111/129/2
f 1111/129/2 1009/128/2 1010/130/2
f 1132/122/2 1112/126/2 1113/131/2
f 1110/132/2 1111/129/2 1010/130/2
f 1131/133/2 1132/122/2 1113/131/2
f 1110/132/2 1010/130/2 1011/134/2
f 1110/132/2 1011/134/2 1012/135/2
f 1110/132/2 1012/135/2 1013/136/2
f 1109/137/2 1110/132/2 1013/136/2
f 1131/133/2 1113/131/2 1114/138/2
f 1130/139/2 1131/133/2 1114/138/2
f 1109/137/2 1013/136/2 1014/140/2
f 1108/141/2 1109/137/2 1014/140/2
f 1130/139/2 1114/138/2 1115/142/2
f 1108/141/2 1014/140/2 1015/143/2
f 1129/144/2 1130/139/2 1115/142/2
f 1107/145/2 1108/141/2 1015/143/2
f 1129/144/2 1115/142/2 1116/146/2
f 1107/145/2 1015/143/2 1016/147/2
f 1106/148/2 1107/145/2 1016/147/2
f 1129/144/2 1116/146/2 1117/149/2
f 1128/150/2 1129/144/2 1117/149/2
f 1106/148/2 1016/147/2 1017/151/2
f 1105/152/2 1106/148/2 1017/151/2
f 1128/150/2 1117/149/2 1118/153/2
f 1127/154/2 1128/150/2 1118/153/2
f 1104/155/2 1105/152/2 1017/151/2
f 1127/154/2 1118/153/2 1119/156/2
f 1104/155/2 1017/151/2 1018/157/2
f 1086/158/2 1087/160/2 1088/159/2
f 1086/158/2 1088/159/2 1089/161/2
f 1126/162/2 1127/154/2 1119/156/2
f 1126/162/2 1119/156/2 1120/163/2
f 1103/164/2 1104/155/2 1018/157/2
f 1086/158/2 1089/161/2 1090/165/2
f 1103/164/2 1018/157/2 1019/166/2
f 1086/158/2 1090/165/2 1091/167/2
f 1126/162/2 1120/163/2 1121/168/2
f 1086/158/2 1091/167/2 1092/169/2
f 1102/170/2 1103/164/2 1019/166/2
f 1125/171/2 1126/162/2 1121/168/2
f 1102/170/2 1019/166/2 1020/172/2
f 1086/158/2 1092/169/2 1093/173/2
f 1085/174/2 1086/158/2 1093/173/2
f 1125/171/2 1121/168/2 1122/175/2
f 1085/174/2 1093/173/2 1094/176/2
f 1084/177/2 1085/174/2 1094/176/2
f 1101/178/2 1102/170/2 1020/172/2
f 1124/179/2 1125/171/2 1122/175/2
f 1084/177/2 1094/176/2 1095/180/2
f 1083/181/2 1084/177/2 1095/180/2
f 1101/178/2 1020/172/2 1021/182/2
f 1124/179/2 1122/175/2 1123/183/2
f 1083/181/2 1095/180/2 1096/184/2
f 1082/185/2 1083/181/2 1096/184/2
f 1100/186/2 1101/178/2 1021/182/2
f 1081/187/2 1082/185/2 1096/184/2
f 1081/187/2 1096/184/2 1097/188/2
f 1100/186/2 1021/182/2 1022/189/2
f 1080/190/2 1081/187/2 1097/188/2
f 1080/190/2 1097/188/2 1098/191/2
f 1099/192/2 1100/186/2 1022/189/2
f 1079/193/2 1080/190/2 1098/191/2
f 1079/193/2 1098/191/2 1099/192/2
f 1099/192/2 1022/189/2 1023/194/2
f 1078/195/2 1079/193/2 1099/192/2
f 1078/195/2 1099/192/2 1023/194/2
f 1077/196/2 1078/195/2 1023/194/2
f 1077/196/2 1023/194/2 1024/197/2
f 1076/198/2 1077/196/2 1024/197/2
f 1075/199/2 1076/198/2 1024/197/2
f 1075/199/2 1024/197/2 1025/200/2
f 1074/201/2 1075/199/2 1025/200/2
f 1074/201/2 1025/200/2 1026/202/2
f 1074/201/2 1026/202/2 1027/203/2
f 1073/204/2 1074/201/2 1027/203/2
f 1073/204/2 1027/203/2 1028/205/2
f 1073/204/2 1028/205/2 1029/206/2
f 1073/204/2 1029/206/2 1030/207/2
f 1072/208/2 1073/204/2 1030/207/2
f 1072/208/2 1030/207/2 1031/209/2
f 1072/208/2 1031/209/2 1032/210/2
f 1072/208/2 1032/210/2 1049/211/2
f 1049/211/2 1032/210/2 1033/212/2
f 1071/213/2 1072/208/2 1049/211/2
f 1071/213/2 1049/211/2 1050/214/2
f 1048/215/2 1049/211/2 1033/212/2
f 1048/215/2 1033/212/2 1034/216/2
f 1047/217/2 1048/215/2 1034/216/2
f 1047/217/2 1034/216/2 1035/218/2
f 1047/217/2 1035/218/2 1036/219/2
f 1046/220/2 1047/217/2 1036/219/2
f 1046/220/2 1036/219/2 1045/221/2
f 1045/221/2 1036/219/2 1044/222/2
f 1044/222/2 1036/219/2 1043/223/2
f 1043/223/2 1036/219/2 1042/224/2
f 1042/224/2 1036/219/2 1041/225/2
f 1041/225/2 1036/219/2 1040/226/2
f 1040/226/2 1036/219/2 1039/227/2
f 1039/227/2 1036/219/2 1038/228/2
f 1038/228/2 1036/219/2 1037/229/2
f 1070/230/2 1071/213/2 1050/214/2
f 1070/230/2 1050/214/2 1051/231/2
f 1069/232/2 1070/230/2 1051/231/2
f 1069/232/2 1051/231/2 1052/233/2
f 1068/234/2 1069/232/2 1052/233/2
f 1068/234/2 1052/233/2 1053/235/2
f 1067/236/2 1068/234/2 1053/235/2
f 1067/236/2 1053/235/2 1054/237/2
f 1066/238/2 1067/236/2 1054/237/2
f 1066/238/2 1054/237/2 1055/239/2
f 1065/240/2 1066/238/2 1055/239/2
f 1065/240/2 1055/239/2 1056/241/2
f 1064/242/2 1065/240/2 1056/241/2
f 1064/242/2 1056/241/2 1057/243/2
f 1063/244/2 1064/242/2 1057/243/2
f 1062/245/2 1063/244/2 1057/243/2
f 1062/245/2 1057/243/2 1058/246/2
f 1061/247/2 1062/245/2 1058/246/2
f 1061/247/2 1058/246/2 1059/248/2
f 1061/247/2 1059/248/2 1060/249/2
f 1175/250/2 1176/252/2 1177/251/2
f 1175/250/2 1177/251/2 1178/253/2
f 1175/250/2 1178/253/2 1179/254/2
f 1175/250/2 1179/254/2 1180/255/2
f 1174/256/2 1175/250/2 1180/255/2
f 1174/256/2 1180/255/2 1181/257/2
f 1173/258/2 1174/256/2 1181/257/2
f 1173/258/2 1181/257/2 1182/259/2
f 1172/260/2 1173/258/2 1182/259/2
f 1172/260/2 1182/259/2 1183/261/2
f 1171/262/2 1172/260/2 1183/261/2
f 1171/262/2 1183/261/2 1184/263/2
f 1170/264/2 1171/262/2 1184/263/2
f 1170/264/2 1184/263/2 1185/265/2
f 1169/266/2 1170/264/2 1185/265/2
f 1199/267/2 1200/269/2 1201/268/2
f 1169/266/2 1185/265/2 1186/270/2
f 1168/271/2 1169/266/2 1186/270/2
f 1168/271/2 1186/270/2 1187/272/2
f 1167/273/2 1168/271/2 1187/272/2
f 1198/274/2 1199/267/2 1201/268/2
f 1167/273/2 1187/272/2 1188/275/2
f 1166/276/2 1167/273/2 1188/275/2
f 1166/276/2 1188/275/2 1165/277/2
f 1165/277/2 1188/275/2 1164/278/2
f 1164/278/2 1188/275/2 1163/29/2
f 1197/279/2 1198/274/2 1201/268/2
f 1197/279/2 1201/268/2 1202/280/2
f 1196/281/2 1197/279/2 1202/280/2
f 1196/281/2 1202/280/2 1203/282/2
f 1195/283/2 1196/281/2 1203/282/2
f 1195/283/2 1203/282/2 1204/284/2
f 1194/285/2 1195/283/2 1204/284/2
f 1194/285/2 1204/284/2 1205/286/2
f 1193/287/2 1194/285/2 1205/286/2
f 1193/287/2 1205/286/2 1206/288/2
f 1192/289/2 1193/287/2 1206/288/2
f 1192/289/2 1206/288/2 1207/290/2
f 1191/291/2 1192/289/2 1207/290/2
f 1191/291/2 1207/290/2 1208/292/2
f 1190/293/2 1191/291/2 1208/292/2
f 1190/293/2 1208/292/2 1209/294/2
f 1189/295/2 1190/293/2 1209/294/2
f 1189/295/2 1209/294/2 1210/296/2
f 1238/27/2 1189/295/2 1210/296/2
f 1238/27/2 1210/296/2 1211/297/2
f 1237/298/2 1238/27/2 1211/297/2
f 1236/299/2 1237/298/2 1211/297/2
f 1236/299/2 1211/297/2 1212/300/2
f 1235/301/2 1236/299/2 1212/300/2
f 1234/302/2 1235/301/2 1212/300/2
f 1234/302/2 1212/300/2 1213/303/2
f 1233/304/2 1234/302/2 1213/303/2
f 1232/305/2 1233/304/2 1213/303/2
f 1232/305/2 1213/303/2 1214/306/2
f 1231/307/2 1232/305/2 1214/306/2
f 1231/307/2 1214/306/2 1215/308/2
f 1230/309/2 1231/307/2 1215/308/2
f 1230/309/2 1215/308/2 1216/310/2
f 1229/311/2 1230/309/2 1216/310/2
f 1229/311/2 1216/310/2 1217/312/2
f 1228/313/2 1229/311/2 1217/312/2
f 1227/314/2 1228/313/2 1217/312/2
f 1227/314/2 1217/312/2 1218/315/2
f 1226/316/2 1227/314/2 1218/315/2
f 1225/317/2 1226/316/2 1218/315/2
f 1225/317/2 1218/315/2 1219/318/2
f 1225/317/2 1219/318/2 1220/319/2
f 1225/317/2 1220/319/2 1221/320/2
f 1225/317/2 1221/320/2 1222/321/2
f 1225/317/2 1222/321/2 1223/322/2
f 1225/317/2 1223/322/2 1224/323/2
f 1349/324/2 1350/27/2 1289/325/2
f 1349/324/2 1289/325/2 1290/326/2
f 1349/324/2 1290/326/2 1291/327/2
f 1348/328/2 1349/324/2 1291/327/2
f 1348/328/2 1291/327/2 1292/329/2
f 1348/328/2 1292/329/2 1293/330/2
f 1348/328/2 1293/330/2 1294/331/2
f 1348/328/2 1294/331/2 1295/332/2
f 1348/328/2 1295/332/2 1296/333/2
f 1347/334/2 1348/328/2 1296/333/2
f 1347/334/2 1296/333/2 1297/335/2
f 1347/334/2 1297/335/2 1298/336/2
f 1347/334/2 1298/336/2 1299/337/2
f 1347/334/2 1299/337/2 1300/338/2
f 1347/334/2 1300/338/2 1301/339/2
f 1347/334/2 1301/339/2 1302/340/2
f 1346/341/2 1347/334/2 1302/340/2
f 1346/341/2 1302/340/2 1303/342/2
f 1345/343/2 1346/341/2 1303/342/2
f 1345/343/2 1303/342/2 1304/344/2
f 1345/343/2 1304/344/2 1305/345/2
f 1344/346/2 1345/343/2 1305/345/2
f 1344/346/2 1305/345/2 1306/347/2
f 1343/348/2 1344/346/2 1306/347/2
f 1343/348/2 1306/347/2 1307/349/2
f 1342/350/2 1343/348/2 1307/349/2
f 1342/350/2 1307/349/2 1308/351/2
f 1341/352/2 1342/350/2 1308/351/2
f 1341/352/2 1308/351/2 1309/353/2
f 1340/354/2 1341/352/2 1309/353/2
f 1340/354/2 1309/353/2 1310/355/2
f 1339/356/2 1340/354/2 1310/355/2
f 1339/356/2 1310/355/2 1311/357/2
f 1338/358/2 1339/356/2 1311/357/2
f 1338/358/2 1311/357/2 1312/359/2
f 1337/360/2 1338/358/2 1312/359/2
f 1337/360/2 1312/359/2 1313/303/2
f 1336/361/2 1337/360/2 1313/303/2
f 1336/361/2 1313/303/2 1314/362/2
f 1335/363/2 1336/361/2 1314/362/2
f 1335/363/2 1314/362/2 1315/364/2
f 1334/365/2 1335/363/2 1315/364/2
f 1334/365/2 1315/364/2 1316/366/2
f 1333/367/2 1334/365/2 1316/366/2
f 1333/367/2 1316/366/2 1317/368/2
f 1332/369/2 1333/367/2 1317/368/2
f 1332/369/2 1317/368/2 1318/370/2
f 1331/371/2 1332/369/2 1318/370/2
f 1331/371/2 1318/370/2 1319/372/2
f 1330/373/2 1331/371/2 1319/372/2
f 1330/373/2 1319/372/2 1320/374/2
f 1329/375/2 1330/373/2 1320/374/2
f 1329/375/2 1320/374/2 1321/376/2
f 1328/377/2 1329/375/2 1321/376/2
f 1328/377/2 1321/376/2 1322/378/2
f 1327/379/2 1328/377/2 1322/378/2
f 1327/379/2 1322/378/2 1323/380/2
f 1326/381/2 1327/379/2 1323/380/2
f 1326/381/2 1323/380/2 1324/382/2
f 1325/383/2 1326/381/2 1324/382/2
f 1288/384/2 1239/29/2 1240/385/2
f 1288/384/2 1240/385/2 1241/386/2
f 1287/387/2 1288/384/2 1241/386/2
f 1287/387/2 1241/386/2 1242/388/2
f 1286/389/2 1287/387/2 1242/388/2
f 1286/389/2 1242/388/2 1243/390/2
f 1285/391/2 1286/389/2 1243/390/2
f 1285/391/2 1243/390/2 1244/392/2
f 1284/393/2 1285/391/2 1244/392/2
f 1284/393/2 1244/392/2 1245/394/2
f 1283/395/2 1284/393/2 1245/394/2
f 1283/395/2 1245/394/2 1246/396/2
f 1282/397/2 1283/395/2 1246/396/2
f 1282/397/2 1246/396/2 1247/398/2
f 1281/399/2 1282/397/2 1247/398/2
f 1280/400/2 1281/399/2 1247/398/2
f 1280/400/2 1247/398/2 1248/401/2
f 1279/402/2 1280/400/2 1248/401/2
f 1279/402/2 1248/401/2 1249/403/2
f 1278/404/2 1279/402/2 1249/403/2
f 1278/404/2 1249/403/2 1250/405/2
f 1278/404/2 1250/405/2 1251/406/2
f 1277/407/2 1278/404/2 1251/406/2
f 1277/407/2 1251/406/2 1252/408/2
f 1276/275/2 1277/407/2 1252/408/2
f 1276/275/2 1252/408/2 1253/409/2
f 1275/410/2 1276/275/2 1253/409/2
f 1275/410/2 1253/409/2 1254/411/2
f 1274/412/2 1275/410/2 1254/411/2
f 1274/412/2 1254/411/2 1255/413/2
f 1273/414/2 1274/412/2 1255/413/2
f 1272/415/2 1273/414/2 1255/413/2
f 1272/415/2 1255/413/2 1256/416/2
f 1271/417/2 1272/415/2 1256/416/2
f 1271/417/2 1256/416/2 1257/418/2
f 1270/419/2 1271/417/2 1257/418/2
f 1270/419/2 1257/418/2 1258/420/2
f 1269/421/2 1270/419/2 1258/420/2
f 1269/421/2 1258/420/2 1259/422/2
f 1268/423/2 1269/421/2 1259/422/2
f 1268/423/2 1259/422/2 1260/424/2
f 1267/425/2 1268/423/2 1260/424/2
f 1267/425/2 1260/424/2 1261/426/2
f 1266/427/2 1267/425/2 1261/426/2
f 1266/427/2 1261/426/2 1262/428/2
f 1265/429/2 1266/427/2 1262/428/2
f 1265/429/2 1262/428/2 1263/430/2
f 1265/429/2 1263/430/2 1264/431/2
f 1363/432/2 1364/434/2 1365/433/2
f 1363/432/2 1365/433/2 1366/435/2
f 1363/432/2 1366/435/2 1367/436/2
f 1362/437/2 1363/432/2 1367/436/2
f 1498/438/2 1499/440/2 1500/439/2
f 1362/437/2 1367/436/2 1368/441/2
f 1361/442/2 1362/437/2 1368/441/2
f 1498/438/2 1500/439/2 1501/443/2
f 1361/442/2 1368/441/2 1369/444/2
f 1360/445/2 1361/442/2 1369/444/2
f 1498/438/2 1501/443/2 1502/446/2
f 1497/447/2 1498/438/2 1502/446/2
f 1360/445/2 1369/444/2 1370/448/2
f 1359/449/2 1360/445/2 1370/448/2
f 1497/447/2 1502/446/2 1503/450/2
f 1496/451/2 1497/447/2 1503/450/2
f 1358/452/2 1359/449/2 1370/448/2
f 1358/452/2 1370/448/2 1371/453/2
f 1495/454/2 1496/451/2 1503/450/2
f 1495/454/2 1503/450/2 1504/455/2
f 1357/456/2 1358/452/2 1371/453/2
f 1494/457/2 1495/454/2 1504/455/2
f 1357/456/2 1371/453/2 1372/458/2
f 1494/457/2 1504/455/2 1505/459/2
f 1493/460/2 1494/457/2 1505/459/2
f 1356/461/2 1357/456/2 1372/458/2
f 1356/461/2 1372/458/2 1373/462/2
f 1493/460/2 1505/459/2 1506/463/2
f 1492/464/2 1493/460/2 1506/463/2
f 1355/465/2 1356/461/2 1373/462/2
f 1355/465/2 1373/462/2 1374/466/2
f 1492/464/2 1506/463/2 1507/467/2
f 1491/468/2 1492/464/2 1507/467/2
f 1354/469/2 1355/465/2 1374/466/2
f 1354/469/2 1374/466/2 1375/470/2
f 1491/468/2 1507/467/2 1508/471/2
f 1490/472/2 1491/468/2 1508/471/2
f 1354/469/2 1375/470/2 1376/473/2
f 1353/474/2 1354/469/2 1376/473/2
f 1490/472/2 1508/471/2 1509/475/2
f 1489/476/2 1490/472/2 1509/475/2
f 1353/474/2 1376/473/2 1352/477/2
f 1352/477/2 1376/473/2 1351/29/2
f 1489/476/2 1509/475/2 1510/478/2
f 1488/479/2 1489/476/2 1510/478/2
f 1488/479/2 1510/478/2 1511/480/2
f 1487/481/2 1488/479/2 1511/480/2
f 1487/481/2 1511/480/2 1512/482/2
f 1486/483/2 1487/481/2 1512/482/2
f 1449/484/2 1450/486/2 1451/485/2
f 1449/484/2 1451/485/2 1452/487/2
f 1449/484/2 1452/487/2 1453/488/2
f 1449/484/2 1453/488/2 1454/489/2
f 1449/484/2 1454/489/2 1455/490/2
f 1485/491/2 1486/483/2 1512/482/2
f 1449/484/2 1455/490/2 1456/492/2
f 1484/493/2 1485/491/2 1512/482/2
f 1449/484/2 1456/492/2 1457/494/2
f 1483/495/2 1484/493/2 1512/482/2
f 1449/484/2 1457/494/2 1458/496/2
f 1482/497/2 1483/495/2 1512/482/2
f 1449/484/2 1458/496/2 1459/498/2
f 1481/499/2 1482/497/2 1512/482/2
f 1480/500/2 1481/499/2 1512/482/2
f 1449/484/2 1459/498/2 1460/501/2
f 1479/502/2 1480/500/2 1512/482/2
f 1449/484/2 1460/501/2 1461/503/2
f 1478/504/2 1479/502/2 1512/482/2
f 1477/505/2 1478/504/2 1512/482/2
f 1449/484/2 1461/503/2 1462/506/2
f 1476/507/2 1477/505/2 1512/482/2
f 1475/508/2 1476/507/2 1512/482/2
f 1474/509/2 1475/508/2 1512/482/2
f 1449/484/2 1462/506/2 1463/510/2
f 1449/484/2 1463/510/2 1464/511/2
f 1449/484/2 1464/511/2 1465/512/2
f 1449/484/2 1465/512/2 1466/513/2
f 1449/484/2 1466/513/2 1467/303/2
f 1449/484/2 1467/303/2 1468/514/2
f 1449/484/2 1468/514/2 1469/515/2
f 1449/484/2 1469/515/2 1470/516/2
f 1449/484/2 1470/516/2 1471/517/2
f 1449/484/2 1471/517/2 1472/518/2
f 1449/484/2 1472/518/2 1473/519/2
f 1449/484/2 1473/519/2 1474/509/2
f 1449/484/2 1474/509/2 1512/482/2
f 1449/484/2 1512/482/2 1513/520/2
f 1449/484/2 1513/520/2 1514/521/2
f 1449/484/2 1514/521/2 1515/522/2
f 1449/484/2 1515/522/2 1516/523/2
f 1449/484/2 1516/523/2 1517/524/2
f 1449/484/2 1517/524/2 1445/525/2
f 1445/525/2 1517/524/2 1444/526/2
f 1444/526/2 1517/524/2 1518/527/2
f 1444/526/2 1518/527/2 1443/528/2
f 1443/528/2 1518/527/2 1442/529/2
f 1442/529/2 1518/527/2 1519/530/2
f 1442/529/2 1519/530/2 1441/531/2
f 1441/531/2 1519/530/2 1520/532/2
f 1441/531/2 1520/532/2 1440/533/2
f 1440/533/2 1520/532/2 1521/534/2
f 1440/533/2 1521/534/2 1439/535/2
f 1439/535/2 1521/534/2 1522/536/2
f 1439/535/2 1522/536/2 1438/201/2
f 1438/201/2 1522/536/2 1523/537/2
f 1438/201/2 1523/537/2 1437/538/2
f 1437/538/2 1523/537/2 1436/539/2
f 1436/539/2 1523/537/2 1435/540/2
f 1435/540/2 1523/537/2 1434/541/2
f 1434/541/2 1523/537/2 1433/542/2
f 1433/542/2 1523/537/2 1432/543/2
f 1432/543/2 1523/537/2 1431/544/2
f 1431/544/2 1523/537/2 1430/545/2
f 1430/545/2 1523/537/2 1429/546/2
f 1429/546/2 1523/537/2 1428/547/2
f 1428/547/2 1523/537/2 1427/548/2
f 1427/548/2 1523/537/2 1426/549/2
f 1426/549/2 1523/537/2 1425/550/2
f 1425/550/2 1523/537/2 1524/551/2
f 1424/552/2 1425/550/2 1524/551/2
f 1424/552/2 1524/551/2 1525/27/2
f 1449/484/4 1445/525/4 1446/553/4
f 1449/484/2 1446/553/2 1447/554/2
f 1449/484/2 1447/554/2 1448/555/2
f 1424/552/2 1525/27/2 1377/556/2
f 1423/557/2 1424/552/2 1377/556/2
f 1423/557/2 1377/556/2 1378/558/2
f 1422/559/2 1423/557/2 1378/558/2
f 1422/559/2 1378/558/2 1379/560/2
f 1421/561/2 1422/559/2 1379/560/2
f 1421/561/2 1379/560/2 1380/562/2
f 1420/563/2 1421/561/2 1380/562/2
f 1420/563/2 1380/562/2 1381/564/2
f 1419/565/2 1420/563/2 1381/564/2
f 1419/565/2 1381/564/2 1382/566/2
f 1418/567/2 1419/565/2 1382/566/2
f 1418/567/2 1382/566/2 1383/568/2
f 1417/569/2 1418/567/2 1383/568/2
f 1416/570/2 1417/569/2 1383/568/2
f 1416/570/2 1383/568/2 1384/571/2
f 1415/572/2 1416/570/2 1384/571/2
f 1415/572/2 1384/571/2 1385/573/2
f 1414/574/2 1415/572/2 1385/573/2
f 1414/574/2 1385/573/2 1386/575/2
f 1413/576/2 1414/574/2 1386/575/2
f 1413/576/2 1386/575/2 1387/577/2
f 1412/578/2 1413/576/2 1387/577/2
f 1412/578/2 1387/577/2 1388/579/2
f 1411/580/2 1412/578/2 1388/579/2
f 1411/580/2 1388/579/2 1389/581/2
f 1410/582/2 1411/580/2 1389/581/2
f 1409/275/2 1410/582/2 1389/581/2
f 1409/275/2 1389/581/2 1390/583/2
f 1408/584/2 1409/275/2 1390/583/2
f 1408/584/2 1390/583/2 1391/585/2
f 1407/586/2 1408/584/2 1391/585/2
f 1407/586/2 1391/585/2 1392/587/2
f 1406/588/2 1407/586/2 1392/587/2
f 1406/588/2 1392/587/2 1393/589/2
f 1405/590/2 1406/588/2 1393/589/2
f 1404/591/2 1405/590/2 1393/589/2
f 1404/591/2 1393/589/2 1394/592/2
f 1403/593/2 1404/591/2 1394/592/2
f 1403/593/2 1394/592/2 1395/594/2
f 1402/595/2 1403/593/2 1395/594/2
f 1402/595/2 1395/594/2 1396/596/2
f 1401/597/2 1402/595/2 1396/596/2
f 1400/598/2 1401/597/2 1396/596/2
f 1400/598/2 1396/596/2 1397/599/2
f 1400/598/2 1397/599/2 1398/600/2
f 1400/598/2 1398/600/2 1399/601/2
f 1540/602/2 1541/604/2 1542/603/2
f 1565/605/2 1566/607/2 1567/606/2
f 1564/608/2 1565/605/2 1567/606/2
f 1540/602/2 1542/603/2 1543/609/2
f 1563/610/2 1564/608/2 1567/606/2
f 1540/602/2 1543/609/2 1544/611/2
f 1562/612/2 1563/610/2 1567/606/2
f 1540/602/2 1544/611/2 1545/613/2
f 1561/614/2 1562/612/2 1567/606/2
f 1560/615/2 1561/614/2 1567/606/2
f 1540/602/2 1545/613/2 1546/616/2
f 1559/617/2 1560/615/2 1567/606/2
f 1540/602/2 1546/616/2 1547/618/2
f 1558/619/2 1559/617/2 1567/606/2
f 1540/602/2 1547/618/2 1548/620/2
f 1540/602/2 1548/620/2 1549/621/2
f 1557/622/2 1558/619/2 1567/606/2
f 1540/602/2 1549/621/2 1550/623/2
f 1556/624/2 1557/622/2 1567/606/2
f 1540/602/2 1550/623/2 1551/625/2
f 1555/626/2 1556/624/2 1567/606/2
f 1540/602/2 1551/625/2 1552/627/2
f 1554/628/2 1555/626/2 1567/606/2
f 1540/602/2 1552/627/2 1553/629/2
f 1540/602/2 1553/629/2 1554/628/2
f 1540/602/2 1554/628/2 1539/630/2
f 1539/630/2 1554/628/2 1538/631/2
f 1538/631/2 1554/628/2 1537/632/2
f 1537/632/2 1554/628/2 1536/633/2
f 1536/633/2 1554/628/2 1535/634/2
f 1535/634/2 1554/628/2 1534/635/2
f 1534/635/2 1554/628/2 1533/636/2
f 1533/636/2 1554/628/2 1532/637/2
f 1532/637/2 1554/628/2 1531/638/2
f 1531/638/2 1554/628/2 1530/639/2
f 1530/639/2 1554/628/2 1529/640/2
f 1529/640/2 1554/628/2 1528/641/2
f 1528/641/2 1554/628/2 1527/642/2
f 1527/642/2 1554/628/2 1579/643/2
f 1579/643/2 1554/628/2 1578/644/2
f 1578/644/2 1554/628/2 1577/645/2
f 1577/645/2 1554/628/2 1576/646/2
f 1576/646/2 1554/628/2 1575/647/2
f 1575/647/2 1554/628/2 1574/648/2
f 1574/648/2 1554/628/2 1573/649/2
f 1573/649/2 1554/628/2 1572/650/2
f 1572/650/2 1554/628/2 1571/651/2
f 1571/651/2 1554/628/2 1570/652/2
f 1570/652/2 1554/628/2 1569/653/2
f 1569/653/2 1554/628/2 1568/654/2
f 1568/654/2 1554/628/2 1567/606/2
f 1526/29/2 1527/642/2 1580/655/2
f 1580/655/1 1527/642/1 1579/643/1
f 1526/29/2 1580/655/2 1581/656/2
f 1620/657/2 1621/659/2 1622/658/2
f 1593/660/2 1594/662/2 1595/661/2
f 1620/657/2 1622/658/2 1623/663/2
f 1592/664/2 1593/660/2 1595/661/2
f 1620/657/2 1623/663/2 1624/665/2
f 1591/666/2 1592/664/2 1595/661/2
f 1620/657/2 1624/665/2 1625/667/2
f 1590/668/2 1591/666/2 1595/661/2
f 1620/657/2 1625/667/2 1626/669/2
f 1589/670/2 1590/668/2 1595/661/2
f 1620/657/2 1626/669/2 1627/671/2
f 1588/672/2 1589/670/2 1595/661/2
f 1620/657/2 1627/671/2 1628/673/2
f 1587/674/2 1588/672/2 1595/661/2
f 1620/657/2 1628/673/2 1629/675/2
f 1586/676/2 1587/674/2 1595/661/2
f 1620/657/2 1629/675/2 1630/677/2
f 1585/678/2 1586/676/2 1595/661/2
f 1620/657/2 1630/677/2 1631/679/2
f 1584/680/2 1585/678/2 1595/661/2
f 1620/657/2 1631/679/2 1632/681/2
f 1583/682/2 1584/680/2 1595/661/2
f 1620/657/2 1632/681/2 1633/27/2
f 1582/683/2 1583/682/2 1595/661/2
f 1620/657/2 1633/27/2 1526/29/2
f 1620/657/2 1526/29/2 1581/656/2
f 1620/657/2 1581/656/2 1582/683/2
f 1620/657/2 1582/683/2 1619/684/2
f 1619/684/2 1582/683/2 1618/685/2
f 1618/685/2 1582/683/2 1617/686/2
f 1617/686/2 1582/683/2 1616/687/2
f 1616/687/2 1582/683/2 1615/688/2
f 1615/688/2 1582/683/2 1614/689/2
f 1614/689/2 1582/683/2 1613/690/2
f 1613/690/2 1582/683/2 1612/691/2
f 1612/691/2 1582/683/2 1611/692/2
f 1611/692/2 1582/683/2 1610/693/2
f 1610/693/2 1582/683/2 1609/694/2
f 1609/694/2 1582/683/2 1608/695/2
f 1608/695/2 1582/683/2 1607/696/2
f 1607/696/2 1582/683/2 1606/697/2
f 1606/697/2 1582/683/2 1605/698/2
f 1605/698/2 1582/683/2 1604/699/2
f 1604/699/2 1582/683/2 1603/700/2
f 1603/700/2 1582/683/2 1602/701/2
f 1602/701/2 1582/683/2 1601/702/2
f 1601/702/2 1582/683/2 1600/703/2
f 1600/703/2 1582/683/2 1599/704/2
f 1599/704/2 1582/683/2 1598/705/2
f 1598/705/2 1582/683/2 1597/706/2
f 1597/706/2 1582/683/2 1596/707/2
f 1596/707/2 1582/683/2 1595/661/2
f 1781/708/2 1782/710/2 1783/709/2
f 1781/708/2 1783/709/2 1784/711/2
f 1780/712/2 1781/708/2 1784/711/2
f 1780/712/2 1784/711/2 1785/713/2
f 1779/714/2 1780/712/2 1785/713/2
f 1779/714/2 1785/713/2 1786/715/2
f 1778/716/2 1779/714/2 1786/715/2
f 1778/716/2 1786/715/2 1787/717/2
f 1777/718/2 1778/716/2 1787/717/2
f 1777/718/2 1787/717/2 1788/719/2
f 1776/720/2 1777/718/2 1788/719/2
f 1776/720/2 1788/719/2 1789/721/2
f 1775/153/2 1776/720/2 1789/721/2
f 1775/153/2 1789/721/2 1790/722/2
f 1774/723/2 1775/153/2 1790/722/2
f 1774/723/2 1790/722/2 1791/724/2
f 1773/725/2 1774/723/2 1791/724/2
f 1773/725/2 1791/724/2 1792/726/2
f 1772/727/2 1773/725/2 1792/726/2
f 1772/727/2 1792/726/2 1793/728/2
f 1771/729/2 1772/727/2 1793/728/2
f 1771/729/2 1793/728/2 1794/730/2
f 1770/731/2 1771/729/2 1794/730/2
f 1770/731/2 1794/730/2 1795/732/2
f 1769/733/2 1770/731/2 1795/732/2
f 1769/733/2 1795/732/2 1796/734/2
f 1808/735/2 1809/737/2 1810/736/2
f 1807/738/2 1808/735/2 1810/736/2
f 1806/739/2 1807/738/2 1810/736/2
f 1805/740/2 1806/739/2 1810/736/2
f 1755/741/2 1756/743/2 1757/742/2
f 1804/744/2 1805/740/2 1810/736/2
f 1755/741/2 1757/742/2 1758/745/2
f 1803/746/2 1804/744/2 1810/736/2
f 1755/741/2 1758/745/2 1759/747/2
f 1802/748/2 1803/746/2 1810/736/2
f 1755/741/2 1759/747/2 1760/749/2
f 1755/741/2 1760/749/2 1761/750/2
f 1801/751/2 1802/748/2 1810/736/2
f 1755/741/2 1761/750/2 1762/752/2
f 1800/753/2 1801/751/2 1810/736/2
f 1755/741/2 1762/752/2 1763/754/2
f 1755/741/2 1763/754/2 1764/755/2
f 1799/756/2 1800/753/2 1810/736/2
f 1755/741/2 1764/755/2 1765/757/2
f 1798/758/2 1799/756/2 1810/736/2
f 1755/741/2 1765/757/2 1766/759/2
f 1755/741/2 1766/759/2 1767/760/2
f 1797/761/2 1798/758/2 1810/736/2
f 1755/741/2 1767/760/2 1768/762/2
f 1755/741/2 1768/762/2 1769/733/2
f 1755/741/2 1769/733/2 1796/734/2
f 1755/741/2 1796/734/2 1797/761/2
f 1755/741/2 1797/761/2 1810/736/2
f 1754/763/2 1755/741/2 1810/736/2
f 1753/764/2 1754/763/2 1810/736/2
f 1752/765/2 1753/764/2 1810/736/2
f 1751/766/2 1752/765/2 1810/736/2
f 1751/766/2 1810/736/2 1811/767/2
f 1750/768/2 1751/766/2 1811/767/2
f 1750/768/2 1811/767/2 1812/769/2
f 1750/768/2 1812/769/2 1813/770/2
f 1749/771/2 1750/768/2 1813/770/2
f 1749/771/2 1813/770/2 1814/772/2
f 1748/773/2 1749/771/2 1814/772/2
f 1748/773/2 1814/772/2 1815/774/2
f 1747/775/2 1748/773/2 1815/774/2
f 1747/775/2 1815/774/2 1816/776/2
f 1747/775/2 1816/776/2 1817/777/2
f 1746/778/2 1747/775/2 1817/777/2
f 1746/778/2 1817/777/2 1818/779/2
f 1745/780/2 1746/778/2 1818/779/2
f 1745/780/2 1818/779/2 1819/781/2
f 1744/782/2 1745/780/2 1819/781/2
f 1744/782/2 1819/781/2 1694/783/2
f 1694/783/2 1819/781/2 1820/784/2
f 1743/785/2 1744/782/2 1695/786/2
f 1695/786/2 1744/782/2 1694/783/2
f 1743/785/2 1695/786/2 1696/787/2
f 1693/788/2 1694/783/2 1820/784/2
f 1693/788/2 1820/784/2 1821/789/2
f 1693/788/2 1821/789/2 1822/27/2
f 1742/790/2 1743/785/2 1696/787/2
f 1742/790/2 1696/787/2 1697/791/2
f 1693/788/2 1822/27/2 1634/29/2
f 1741/792/2 1742/790/2 1697/791/2
f 1692/793/2 1693/788/2 1634/29/2
f 1741/792/2 1697/791/2 1698/794/2
f 1692/793/2 1634/29/2 1635/795/2
f 1740/796/2 1741/792/2 1698/794/2
f 1740/796/2 1698/794/2 1699/797/2
f 1691/798/2 1692/793/2 1635/795/2
f 1739/799/2 1740/796/2 1699/797/2
f 1691/798/2 1635/795/2 1636/800/2
f 1739/799/2 1699/797/2 1700/801/2
f 1690/802/2 1691/798/2 1636/800/2
f 1738/803/2 1739/799/2 1700/801/2
f 1738/803/2 1700/801/2 1701/804/2
f 1690/802/2 1636/800/2 1637/805/2
f 1737/806/2 1738/803/2 1701/804/2
f 1737/806/2 1701/804/2 1702/807/2
f 1689/808/2 1690/802/2 1637/805/2
f 1689/808/2 1637/805/2 1638/809/2
f 1736/810/2 1737/806/2 1702/807/2
f 1736/810/2 1702/807/2 1703/811/2
f 1688/812/2 1689/808/2 1638/809/2
f 1735/813/2 1736/810/2 1703/811/2
f 1735/813/2 1703/811/2 1704/814/2
f 1688/812/2 1638/809/2 1639/815/2
f 1734/816/2 1735/813/2 1704/814/2
f 1734/816/2 1704/814/2 1705/817/2
f 1687/818/2 1688/812/2 1639/815/2
f 1733/819/2 1734/816/2 1705/817/2
f 1687/818/2 1639/815/2 1640/820/2
f 1733/819/2 1705/817/2 1706/821/2
f 1732/822/2 1733/819/2 1706/821/2
f 1732/822/2 1706/821/2 1707/823/2
f 1686/824/2 1687/818/2 1640/820/2
f 1731/825/2 1732/822/2 1707/823/2
f 1731/825/2 1707/823/2 1708/826/2
f 1730/827/2 1731/825/2 1708/826/2
f 1686/824/2 1640/820/2 1641/828/2
f 1730/827/2 1708/826/2 1709/829/2
f 1729/830/2 1730/827/2 1709/829/2
f 1729/830/2 1709/829/2 1710/831/2
f 1728/201/2 1729/830/2 1710/831/2
f 1728/201/2 1710/831/2 1711/832/2
f 1727/833/2 1728/201/2 1711/832/2
f 1685/834/2 1686/824/2 1641/828/2
f 1727/833/2 1711/832/2 1712/835/2
f 1726/836/2 1727/833/2 1712/835/2
f 1726/836/2 1712/835/2 1713/837/2
f 1725/838/2 1726/836/2 1713/837/2
f 1725/838/2 1713/837/2 1714/839/2
f 1685/834/2 1641/828/2 1642/840/2
f 1724/841/2 1725/838/2 1714/839/2
f 1724/841/2 1714/839/2 1715/842/2
f 1723/843/2 1724/841/2 1715/842/2
f 1723/843/2 1715/842/2 1716/844/2
f 1684/845/2 1685/834/2 1642/840/2
f 1722/846/2 1723/843/2 1716/844/2
f 1722/846/2 1716/844/2 1717/847/2
f 1721/848/2 1722/846/2 1717/847/2
f 1721/848/2 1717/847/2 1718/849/2
f 1720/850/2 1721/848/2 1718/849/2
f 1720/850/2 1718/849/2 1719/851/2
f 1684/845/2 1642/840/2 1643/852/2
f 1683/853/2 1684/845/2 1643/852/2
f 1683/853/2 1643/852/2 1644/854/2
f 1682/855/2 1683/853/2 1644/854/2
f 1682/855/2 1644/854/2 1645/856/2
f 1681/207/2 1682/855/2 1645/856/2
f 1681/207/2 1645/856/2 1646/857/2
f 1680/858/2 1681/207/2 1646/857/2
f 1679/859/2 1680/858/2 1646/857/2
f 1679/859/2 1646/857/2 1647/860/2
f 1678/861/2 1679/859/2 1647/860/2
f 1678/861/2 1647/860/2 1648/862/2
f 1677/863/2 1678/861/2 1648/862/2
f 1676/864/2 1677/863/2 1648/862/2
f 1676/864/2 1648/862/2 1649/865/2
f 1675/866/2 1676/864/2 1649/865/2
f 1674/867/2 1675/866/2 1649/865/2
f 1674/867/2 1649/865/2 1650/868/2
f 1673/869/2 1674/867/2 1650/868/2
f 1673/869/2 1650/868/2 1651/870/2
f 1672/871/2 1673/869/2 1651/870/2
f 1671/872/2 1672/871/2 1651/870/2
f 1670/873/2 1671/872/2 1651/870/2
f 1670/873/2 1651/870/2 1652/874/2
f 1669/875/2 1670/873/2 1652/874/2
f 1668/876/2 1669/875/2 1652/874/2
f 1667/877/2 1668/876/2 1652/874/2
f 1666/878/2 1667/877/2 1652/874/2
f 1665/879/2 1666/878/2 1652/874/2
f 1664/880/2 1665/879/2 1652/874/2
f 1664/880/2 1652/874/2 1653/881/2
f 1663/882/2 1664/880/2 1653/881/2
f 1662/883/2 1663/882/2 1653/881/2
f 1661/884/2 1662/883/2 1653/881/2
f 1660/885/2 1661/884/2 1653/881/2
f 1659/886/2 1660/885/2 1653/881/2
f 1658/887/2 1659/886/2 1653/881/2
f 1657/888/2 1658/887/2 1653/881/2
f 1657/888/2 1653/881/2 1654/889/2
f 1657/888/2 1654/889/2 1655/890/2
f 1657/888/2 1655/890/2 1656/891/2
s 1
f 1824/892/5 1826/893/6 1825/894/6 1823/29/5
f 1826/893/6 1828/895/7 1827/896/7 1825/894/6
f 1828/895/7 1830/897/8 1829/898/8 1827/896/7
f 1830/897/8 1832/899/9 1831/900/9 1829/898/8
f 1832/899/9 1834/901/10 1833/902/10 1831/900/9
f 1834/901/10 1836/903/11 1835/904/11 1833/902/10
f 1836/903/11 1838/905/12 1837/906/12 1835/904/11
f 1838/905/12 1840/907/13 1839/908/13 1837/906/12
f 1840/907/13 1842/909/14 1841/910/14 1839/908/13
f 1842/909/14 1844/911/15 1843/912/15 1841/910/14
f 1844/911/15 1846/913/16 1845/914/16 1843/912/15
f 1846/913/16 1848/915/17 1847/916/17 1845/914/16
f 1848/915/17 1850/917/18 1849/918/18 1847/916/17
f 1850/917/18 1852/919/19 1851/920/19 1849/918/18
f 1852/919/19 1854/921/20 1853/922/20 1851/920/19
f 1854/921/20 1856/923/21 1855/924/21 1853/922/20
f 1856/923/21 1858/925/22 1857/926/22 1855/924/21
f 1858/925/22 1860/927/23 1859/928/23 1857/926/22
f 1860/927/23 1862/929/24 1861/930/24 1859/928/23
f 1862/929/24 1864/931/25 1863/932/25 1861/930/24
f 1864/931/25 1866/933/26 1865/934/26 1863/932/25
f 1866/933/26 1868/935/27 1867/936/27 1865/934/26
f 1868/935/27 1870/937/28 1869/938/28 1867/936/27
f 1870/937/28 1872/939/29 1871/940/29 1869/938/28
f 1872/939/29 1874/941/30 1873/942/30 1871/940/29
f 1874/941/30 1876/943/31 1875/944/31 1873/942/30
f 1876/943/31 1878/945/32 1877/946/32 1875/944/31
f 1878/945/32 1880/947/33 1879/948/33 1877/946/32
f 1880/947/33 1882/949/34 1881/950/34 1879/948/33
f 1882/949/34 1884/951/35 1883/952/35 1881/950/34
f 1884/951/35 1886/953/36 1885/954/36 1883/952/35
f 1886/953/36 1888/955/37 1887/956/37 1885/954/36
f 1888/955/37 1890/957/38 1889/958/38 1887/956/37
f 1890/957/38 1892/959/39 1891/960/39 1889/958/38
f 1892/959/39 1894/961/40 1893/962/40 1891/960/39
f 1894/961/40 1896/963/41 1895/964/41 1893/962/40
f 1896/963/41 1898/965/42 1897/966/42 1895/964/41
f 1898/965/42 1900/967/43 1899/968/43 1897/966/42
f 1900/967/43 1902/969/44 1901/970/44 1899/968/43
f 1902/969/44 1904/971/45 1903/972/45 1901/970/44
f 1904/971/45 1906/973/46 1905/974/46 1903/972/45
f 1906/973/46 1908/975/47 1907/976/47 1905/974/46
f 1908/975/47 1910/977/48 1909/978/48 1907/976/47
f 1910/977/48 1912/979/49 1911/980/49 1909/978/48
f 1912/979/49 1914/981/50 1913/982/50 1911/980/49
f 1914/981/50 1916/983/51 1915/984/51 1913/982/50
f 1916/983/51 1918/985/52 1917/986/52 1915/984/51
f 1918/985/52 1920/987/53 1919/988/53 1917/986/52
f 1920/987/53 1922/989/54 1921/990/54 1919/988/53
f 1922/989/54 1924/991/55 1923/992/55 1921/990/54
f 1924/991/55 1926/993/56 1925/994/56 1923/992/55
f 1926/993/56 1928/995/57 1927/996/57 1925/994/56
f 1928/995/57 1930/997/58 1929/998/58 1927/996/57
f 1930/997/58 1932/999/59 1931/1000/59 1929/998/58
f 1932/999/59 1934/1001/60 1933/1002/60 1931/1000/59
f 1934/1001/60 1936/1003/61 1935/1004/61 1933/1002/60
f 1936/1003/61 1938/1005/62 1937/1006/62 1935/1004/61
f 1938/1005/62 1940/1007/63 1939/1008/63 1937/1006/62
f 1940/1007/63 1942/1009/64 1941/1010/64 1939/1008/63
f 1942/1009/64 1944/1011/65 1943/1012/65 1941/1010/64
f 1944/1011/65 1946/1013/66 1945/1014/66 1943/1012/65
f 1946/1013/66 1948/1015/67 1947/1016/67 1945/1014/66
f 1948/1015/67 1950/1017/67 1949/275/67 1947/1016/67
f 1950/1017/67 1952/1018/67 1951/1019/67 1949/275/67
f 1952/1018/67 1954/1020/67 1953/1021/67 1951/1019/67
f 1954/1020/67 1956/1022/67 1955/1023/67 1953/1021/67
f 1956/1022/67 1958/1024/67 1957/1025/67 1955/1023/67
f 1958/1024/67 1960/1026/67 1959/1027/67 1957/1025/67
f 1960/1026/67 1962/1028/67 1961/1029/67 1959/1027/67
f 1962/1028/67 1964/1030/67 1963/1031/67 1961/1029/67
f 1964/1030/67 1966/1032/67 1965/1033/67 1963/1031/67
f 1966/1032/67 1968/1034/67 1967/1035/67 1965/1033/67
f 1968/1034/67 1970/1036/68 1969/1037/68 1967/1035/67
f 1970/1036/68 1972/1038/69 1971/1039/69 1969/1037/68
f 1972/1038/69 1974/1040/70 1973/1041/70 1971/1039/69
f 1974/1040/70 1976/1042/71 1975/1043/71 1973/1041/70
f 1976/1042/71 1978/1044/72 1977/1045/72 1975/1043/71
f 1978/1044/72 1980/1046/73 1979/1047/73 1977/1045/72
f 1980/1046/73 1982/1048/74 1981/1049/74 1979/1047/73
f 1982/1048/74 1984/1050/75 1983/1051/75 1981/1049/74
f 1984/1050/75 1986/1052/76 1985/1053/76 1983/1051/75
f 1986/1052/76 1988/1054/77 1987/1055/77 1985/1053/76
f 1988/1054/77 1990/1056/78 1989/1057/78 1987/1055/77
f 1990/1056/78 1992/1058/79 1991/1059/79 1989/1057/78
f 1992/1058/79 1994/1060/80 1993/1061/80 1991/1059/79
f 1994/1060/80 1996/1062/81 1995/1063/81 1993/1061/80
f 1996/1062/81 1998/1064/82 1997/1065/82 1995/1063/81
f 1998/1064/82 2000/1066/83 1999/1067/83 1997/1065/82
f 2000/1066/83 2002/1068/84 2001/1069/84 1999/1067/83
f 2002/1068/84 2004/1070/85 2003/1071/85 2001/1069/84
f 2004/1070/85 2006/1072/86 2005/1073/86 2003/1071/85
f 2006/1072/86 2008/1074/87 2007/1075/87 2005/1073/86
f 2008/1074/87 2010/1076/88 2009/1077/88 2007/1075/87
f 2010/1076/88 2012/1078/89 2011/1079/89 2009/1077/88
f 2012/1078/89 2014/1080/90 2013/1081/90 2011/1079/89
f 2014/1080/90 2016/1082/91 2015/1083/91 2013/1081/90
f 2016/1082/91 2018/1084/92 2017/1085/92 2015/1083/91
f 2018/1084/92 2020/1086/93 2019/1087/93 2017/1085/92
f 2020/1086/93 2022/1088/94 2021/1089/94 2019/1087/93
f 2022/1088/94 2024/1090/94 2023/1091/94 2021/1089/94
f 2024/1090/94 2026/1092/94 2025/1093/94 2023/1091/94
f 2026/1092/94 2028/1094/94 2027/1095/94 2025/1093/94
f 2028/1094/94 2030/1096/94 2029/1097/94 2027/1095/94
f 2030/1096/94 2032/1098/94 2031/1099/94 2029/1097/94
f 2032/1098/94 2034/1100/94 2033/1101/94 2031/1099/94
f 2034/1100/94 2036/1102/94 2035/1103/94 2033/1101/94
f 2036/1102/94 2038/1104/94 2037/1105/94 2035/1103/94
f 2038/1104/94 2040/1106/94 2039/1107/94 2037/1105/94
f 2040/1106/94 2042/1108/94 2041/1109/94 2039/1107/94
f 2042/1108/94 2044/1110/95 2043/1111/95 2041/1109/94
f 2044/1110/95 2046/1112/96 2045/1113/96 2043/1111/95
f 2046/1112/96 2048/1114/97 2047/1115/97 2045/1113/96
f 2048/1114/97 2050/1116/98 2049/1117/98 2047/1115/97
f 2050/1116/98 2052/1118/99 2051/1119/99 2049/1117/98
f 2052/1118/99 2054/1120/100 2053/1121/100 2051/1119/99
f 2054/1120/100 2056/1122/101 2055/1123/101 2053/1121/100
f 2056/1122/101 2058/1124/102 2057/1125/102 2055/1123/101
f 2058/1124/102 2060/1126/103 2059/1127/103 2057/1125/102
f 2060/1126/103 2062/1128/104 2061/1129/104 2059/1127/103
f 2062/1128/104 2064/1130/105 2063/1131/105 2061/1129/104
f 2064/1130/105 2066/1132/106 2065/1133/106 2063/1131/105
f 2066/1132/106 2068/1134/107 2067/1135/107 2065/1133/106
f 2068/1134/107 2070/1136/108 2069/1137/108 2067/1135/107
f 2070/1136/108 2072/1138/109 2071/1139/109 2069/1137/108
f 2072/1138/109 2074/1140/110 2073/1141/110 2071/1139/109
f 2074/1140/110 2076/1142/111 2075/303/111 2073/1141/110
f 2076/1142/111 2078/1143/112 2077/1144/112 2075/303/111
f 2078/1143/112 2080/1145/113 2079/1146/113 2077/1144/112
f 2080/1145/113 2082/1147/114 2081/1148/114 2079/1146/113
f 2082/1147/114 2084/1149/115 2083/1150/115 2081/1148/114
f 2084/1149/115 2086/1151/116 2085/1152/116 2083/1150/115
f 2086/1151/116 2088/1153/117 2087/1154/117 2085/1152/116
f 2088/1153/117 2090/1155/118 2089/1156/118 2087/1154/117
f 2090/1155/118 2092/1157/119 2091/1158/119 2089/1156/118
f 2092/1157/119 2094/1159/120 2093/1160/120 2091/1158/119
f 2094/1159/120 2096/1161/121 2095/1162/121 2093/1160/120
f 2096/1161/121 2098/1163/122 2097/1164/122 2095/1162/121
f 2098/1163/122 2100/1165/123 2099/1166/123 2097/1164/122
f 2100/1165/123 2102/1167/124 2101/1168/124 2099/1166/123
f 2102/1167/124 2104/1169/125 2103/1170/125 2101/1168/124
f 2104/1169/125 2106/1171/126 2105/1172/126 2103/1170/125
f 2106/1171/126 2108/1173/127 2107/1174/127 2105/1172/126
f 2108/1173/127 2110/1175/128 2109/1176/128 2107/1174/127
f 2110/1175/128 2112/1177/129 2111/1178/129 2109/1176/128
f 2112/1177/129 2114/1179/130 2113/1180/130 2111/1178/129
f 2114/1179/130 2116/1181/131 2115/1182/131 2113/1180/130
f 2116/1181/131 2118/1183/132 2117/1184/132 2115/1182/131
f 2118/1183/132 2120/1185/133 2119/1186/133 2117/1184/132
f 2120/1185/133 2122/1187/134 2121/1188/134 2119/1186/133
f 2122/1187/134 2124/1189/135 2123/1190/135 2121/1188/134
f 2124/1189/135 2126/1191/136 2125/1192/136 2123/1190/135
f 2126/1191/136 2128/1193/137 2127/1194/137 2125/1192/136
f 2128/1193/137 2130/1195/138 2129/1196/138 2127/1194/137
f 2130/1195/138 2132/1197/139 2131/1198/139 2129/1196/138
f 2132/1197/139 2134/1199/140 2133/1200/140 2131/1198/139
f 2134/1199/140 2136/1201/141 2135/1202/141 2133/1200/140
f 2136/1201/141 2138/1203/142 2137/1204/142 2135/1202/141
f 2138/1203/142 2140/1205/143 2139/1206/143 2137/1204/142
f 2140/1205/143 2142/1207/144 2141/1208/144 2139/1206/143
f 2142/1207/144 2144/1209/145 2143/1210/145 2141/1208/144
f 2144/1209/145 2146/1211/146 2145/1212/146 2143/1210/145
f 2146/1211/146 2148/1213/147 2147/1214/147 2145/1212/146
f 2148/1213/147 2150/1215/148 2149/1216/148 2147/1214/147
f 2150/1215/148 2152/1217/149 2151/1218/149 2149/1216/148
f 2152/1217/149 2154/1219/150 2153/1220/150 2151/1218/149
f 2154/1219/150 2156/1221/151 2155/1222/151 2153/1220/150
f 2156/1221/151 2158/1223/152 2157/1224/152 2155/1222/151
f 2158/1223/152 2160/1225/153 2159/1226/153 2157/1224/152
f 2160/1225/153 2162/1227/154 2161/1228/154 2159/1226/153
f 2162/1227/154 2164/1229/155 2163/1230/155 2161/1228/154
f 2164/1229/155 2166/1231/156 2165/1232/156 2163/1230/155
f 2166/1231/156 2168/1233/157 2167/1234/157 2165/1232/156
f 2168/1233/157 2170/1235/158 2169/1236/158 2167/1234/157
f 2170/1235/158 2172/1237/159 2171/1238/159 2169/1236/158
f 2172/1237/159 2174/1239/160 2173/1240/160 2171/1238/159
f 2174/1239/160 2176/1241/161 2175/1242/161 2173/1240/160
f 2176/1241/161 2178/1243/162 2177/1244/162 2175/1242/161
f 2178/1243/162 2180/1245/163 2179/1246/163 2177/1244/162
f 2180/1245/163 2182/1247/164 2181/1248/164 2179/1246/163
f 2182/1247/164 2184/1249/165 2183/1250/165 2181/1248/164
f 2184/1249/165 2186/1251/166 2185/1252/166 2183/1250/165
f 2186/1251/166 2188/1253/167 2187/1254/167 2185/1252/166
f 2188/1253/167 2190/1255/168 2189/1256/168 2187/1254/167
f 2190/1255/168 2192/1257/169 2191/1258/169 2189/1256/168
f 2192/1257/169 2194/1259/170 2193/1260/170 2191/1258/169
f 2194/1259/170 2196/1261/171 2195/1262/171 2193/1260/170
f 2196/1261/171 2198/1263/172 2197/1264/172 2195/1262/171
f 2198/1263/172 2200/1265/173 2199/1266/173 2197/1264/172
f 2200/1265/173 1824/1267/5 1823/27/5 2199/1266/173
f 2202/892/120 2204/1268/174 2203/1269/174 2201/29/120
f 2204/1268/174 2206/1270/175 2205/1271/175 2203/1269/174
f 2206/1270/175 2208/1272/176 2207/1273/176 2205/1271/175
f 2208/1272/176 2210/905/177 2209/906/177 2207/1273/176
f 2210/905/177 2212/1274/178 2211/1275/178 2209/906/177
f 2212/1274/178 2214/1276/179 2213/1277/179 2211/1275/178
f 2214/1276/179 2216/1278/180 2215/1279/180 2213/1277/179
f 2216/1278/180 2218/919/181 2217/920/181 2215/1279/180
f 2218/919/181 2220/1280/182 2219/1281/182 2217/920/181
f 2220/1280/182 2222/1282/183 2221/1283/183 2219/1281/182
f 2222/1282/183 2224/1284/184 2223/1285/184 2221/1283/183
f 2224/1284/184 2226/933/185 2225/934/185 2223/1285/184
f 2226/933/185 2228/1286/186 2227/1287/186 2225/934/185
f 2228/1286/186 2230/1288/187 2229/1289/187 2227/1287/186
f 2230/1288/187 2232/1290/188 2231/1291/188 2229/1289/187
f 2232/1290/188 2234/947/189 2233/948/189 2231/1291/188
f 2234/947/189 2236/1292/190 2235/1293/190 2233/948/189
f 2236/1292/190 2238/1294/191 2237/562/191 2235/1293/190
f 2238/1294/191 2240/1295/192 2239/1296/192 2237/562/191
f 2240/1295/192 2242/961/193 2241/962/193 2239/1296/192
f 2242/961/193 2244/1297/194 2243/1298/194 2241/962/193
f 2244/1297/194 2246/1299/113 2245/1300/113 2243/1298/194
f 2246/1299/113 2248/1301/195 2247/1302/195 2245/1300/113
f 2248/1301/195 2250/975/196 2249/976/196 2247/1302/195
f 2250/975/196 2252/1303/116 2251/1304/116 2249/976/196
f 2252/1303/116 2254/1305/197 2253/1306/197 2251/1304/116
f 2254/1305/197 2256/1307/198 2255/207/198 2253/1306/197
f 2256/1307/198 2258/989/199 2257/990/199 2255/207/198
f 2258/989/199 2260/1308/200 2259/1309/200 2257/990/199
f 2260/1308/200 2262/1310/201 2261/1311/201 2259/1309/200
f 2262/1310/201 2264/1312/202 2263/1313/202 2261/1311/201
f 2264/1312/202 2266/1003/203 2265/1004/203 2263/1313/202
f 2266/1003/203 2268/1314/204 2267/1315/204 2265/1004/203
f 2268/1314/204 2270/1316/205 2269/1317/205 2267/1315/204
f 2270/1316/205 2272/1318/206 2271/1319/206 2269/1317/205
f 2272/1318/206 2274/1017/207 2273/275/207 2271/1319/206
f 2274/1017/207 2276/1320/208 2275/1321/208 2273/275/207
f 2276/1320/208 2278/1322/209 2277/1323/209 2275/1321/208
f 2278/1322/209 2280/1324/210 2279/1325/210 2277/1323/209
f 2280/1324/210 2282/1030/211 2281/1031/211 2279/1325/210
f 2282/1030/211 2284/1326/212 2283/1327/212 2281/1031/211
f 2284/1326/212 2286/1328/213 2285/1329/213 2283/1327/212
f 2286/1328/213 2288/1330/214 2287/1331/214 2285/1329/213
f 2288/1330/214 2290/1044/215 2289/1045/215 2287/1331/214
f 2290/1044/215 2292/1332/216 2291/1333/216 2289/1045/215
f 2292/1332/216 2294/1334/217 2293/1335/217 2291/1333/216
f 2294/1334/217 2296/1336/218 2295/1337/218 2293/1335/217
f 2296/1336/218 2298/1058/219 2297/1059/219 2295/1337/218
f 2298/1058/219 2300/1338/220 2299/1339/220 2297/1059/219
f 2300/1338/220 2302/1340/221 2301/1341/221 2299/1339/220
f 2302/1340/221 2304/1342/222 2303/1343/222 2301/1341/221
f 2304/1342/222 2306/1072/223 2305/1073/223 2303/1343/222
f 2306/1072/223 2308/1344/224 2307/1345/224 2305/1073/223
f 2308/1344/224 2310/1346/66 2309/201/66 2307/1345/224
f 2310/1346/66 2312/1347/147 2311/1348/147 2309/201/66
f 2312/1347/147 2314/1086/225 2313/1087/225 2311/1348/147
f 2314/1086/225 2316/1349/226 2315/1350/226 2313/1087/225
f 2316/1349/226 2318/1351/227 2317/1352/227 2315/1350/226
f 2318/1351/227 2320/1353/228 2319/1354/228 2317/1352/227
f 2320/1353/228 2322/1100/229 2321/1101/229 2319/1354/228
f 2322/1100/229 2324/1355/230 2323/1356/230 2321/1101/229
f 2324/1355/230 2326/1357/231 2325/1358/231 2323/1356/230
f 2326/1357/231 2328/1359/232 2327/1360/232 2325/1358/231
f 2328/1359/232 2330/1114/233 2329/1115/233 2327/1360/232
f 2330/1114/233 2332/1361/234 2331/1362/234 2329/1115/233
f 2332/1361/234 2334/1363/235 2333/1364/235 2331/1362/234
f 2334/1363/235 2336/1365/236 2335/1366/236 2333/1364/235
f 2336/1365/236 2338/1128/237 2337/1129/237 2335/1366/236
f 2338/1128/237 2340/1367/238 2339/1368/238 2337/1129/237
f 2340/1367/238 2342/1369/239 2341/1370/239 2339/1368/238
f 2342/1369/239 2344/1371/240 2343/1372/240 2341/1370/239
f 2344/1371/240 2346/1142/241 2345/303/241 2343/1372/240
f 2346/1142/241 2348/1373/242 2347/1374/242 2345/303/241
f 2348/1373/242 2350/1375/243 2349/1376/243 2347/1374/242
f 2350/1375/243 2352/1377/244 2351/1378/244 2349/1376/243
f 2352/1377/244 2354/1155/245 2353/1156/245 2351/1378/244
f 2354/1155/245 2356/1379/246 2355/1380/246 2353/1156/245
f 2356/1379/246 2358/1381/247 2357/1382/247 2355/1380/246
f 2358/1381/247 2360/1383/248 2359/1384/248 2357/1382/247
f 2360/1383/248 2362/1169/249 2361/1170/249 2359/1384/248
f 2362/1169/249 2364/1385/250 2363/153/250 2361/1170/249
f 2364/1385/250 2366/1386/251 2365/1387/251 2363/153/250
f 2366/1386/251 2368/1388/252 2367/1389/252 2365/1387/251
f 2368/1388/252 2370/1183/253 2369/1184/253 2367/1389/252
f 2370/1183/253 2372/1390/254 2371/1391/254 2369/1184/253
f 2372/1390/254 2374/1392/255 2373/1393/255 2371/1391/254
f 2374/1392/255 2376/1394/256 2375/1395/256 2373/1393/255
f 2376/1394/256 2378/1197/257 2377/1198/257 2375/1395/256
f 2378/1197/257 2380/1396/258 2379/1397/258 2377/1198/257
f 2380/1396/258 2382/1398/259 2381/451/259 2379/1397/258
f 2382/1398/259 2384/1399/260 2383/1400/260 2381/451/259
f 2384/1399/260 2386/1211/261 2385/1212/261 2383/1400/260
f 2386/1211/261 2388/1401/262 2387/1402/262 2385/1212/261
f 2388/1401/262 2390/1403/263 2389/1404/263 2387/1402/262
f 2390/1403/263 2392/1405/264 2391/1406/264 2389/1404/263
f 2392/1405/264 2394/1225/265 2393/1226/265 2391/1406/264
f 2394/1225/265 2396/1407/266 2395/1408/266 2393/1226/265
f 2396/1407/266 2398/1409/267 2397/1410/267 2395/1408/266
f 2398/1409/267 2400/1411/268 2399/1412/268 2397/1410/267
f 2400/1411/268 2402/1239/269 2401/1240/269 2399/1412/268
f 2402/1239/269 2404/1413/270 2403/1414/270 2401/1240/269
f 2404/1413/270 2406/1415/271 2405/1416/271 2403/1414/270
f 2406/1415/271 2408/1417/272 2407/1418/272 2405/1416/271
f 2408/1417/272 2410/1253/273 2409/1254/273 2407/1418/272
f 2410/1253/273 2412/1419/274 2411/1420/274 2409/1254/273
f 2412/1419/274 2414/1421/275 2413/1422/275 2411/1420/274
f 2414/1421/275 2416/1423/276 2415/1424/276 2413/1422/275
f 2416/1423/276 2202/1267/120 2201/27/120 2415/1424/276
f 2418/892/277 2420/1425/278 2419/1426/278 2417/29/277
f 2420/1425/278 2422/1427/279 2421/1428/279 2419/1426/278
f 2422/1427/279 2424/1429/280 2423/1430/280 2421/1428/279
f 2424/1429/280 2426/1431/281 2425/1432/281 2423/1430/280
f 2426/1431/281 2428/1433/282 2427/1434/282 2425/1432/281
f 2428/1433/282 2430/1435/283 2429/1436/283 2427/1434/282
f 2430/1435/283 2432/1437/284 2431/1438/284 2429/1436/283
f 2432/1437/284 2434/1439/285 2433/1440/285 2431/1438/284
f 2434/1439/285 2436/1441/286 2435/1442/286 2433/1440/285
f 2436/1441/286 2438/1443/287 2437/1444/287 2435/1442/286
f 2438/1443/287 2440/1445/288 2439/1446/288 2437/1444/287
f 2440/1445/288 2442/1447/289 2441/1448/289 2439/1446/288
f 2442/1447/289 2444/1346/290 2443/201/290 2441/1448/289
f 2444/1346/290 2446/1449/291 2445/1450/291 2443/201/290
f 2446/1449/291 2448/1451/292 2447/1452/292 2445/1450/291
f 2448/1451/292 2450/1453/293 2449/1454/293 2447/1452/292
f 2450/1453/293 2452/1455/294 2451/1456/294 2449/1454/293
f 2452/1455/294 2454/1457/295 2453/1458/295 2451/1456/294
f 2454/1457/295 2456/1459/296 2455/1460/296 2453/1458/295
f 2456/1459/296 2458/1461/297 2457/1462/297 2455/1460/296
f 2458/1461/297 2460/1463/298 2459/1464/298 2457/1462/297
f 2460/1463/298 2462/1465/299 2461/1466/299 2459/1464/298
f 2462/1465/299 2464/1467/300 2463/1468/300 2461/1466/299
f 2464/1467/300 2466/1469/301 2465/1470/301 2463/1468/300
f 2466/1469/301 2468/1471/302 2467/1472/302 2465/1470/301
f 2468/1471/302 2418/1267/277 2417/27/277 2467/1472/302
f 2470/892/303 2472/1473/304 2471/1474/304 2469/29/303
f 2472/1473/304 2474/1475/305 2473/1476/305 2471/1474/304
f 2474/1475/305 2476/1477/306 2475/1478/306 2473/1476/305
f 2476/1477/306 2478/1479/307 2477/1480/307 2475/1478/306
f 2478/1479/307 2480/1481/308 2479/1482/308 2477/1480/307
f 2480/1481/308 2482/1483/309 2481/1484/309 2479/1482/308
f 2482/1483/309 2484/1485/14 2483/1486/14 2481/1484/309
f 2484/1485/14 2486/1487/310 2485/1488/310 2483/1486/14
f 2486/1487/310 2488/1489/311 2487/1490/311 2485/1488/310
f 2488/1489/311 2490/1491/312 2489/1492/312 2487/1490/311
f 2490/1491/312 2492/1493/313 2491/1494/313 2489/1492/312
f 2492/1493/313 2494/1495/314 2493/1496/314 2491/1494/313
f 2494/1495/314 2496/1497/315 2495/1498/315 2493/1496/314
f 2496/1497/315 2498/1499/316 2497/1500/316 2495/1498/315
f 2498/1499/316 2500/1501/317 2499/1502/317 2497/1500/316
f 2500/1501/317 2502/1503/318 2501/1504/318 2499/1502/317
f 2502/1503/318 2504/1505/319 2503/1506/319 2501/1504/318
f 2504/1505/319 2506/1507/320 2505/1508/320 2503/1506/319
f 2506/1507/320 2508/1509/321 2507/1510/321 2505/1508/320
f 2508/1509/321 2510/1511/322 2509/1512/322 2507/1510/321
f 2510/1511/322 2512/1513/323 2511/1514/323 2509/1512/322
f 2512/1513/323 2514/1515/324 2513/1516/324 2511/1514/323
f 2514/1515/324 2516/1517/325 2515/1518/325 2513/1516/324
f 2516/1517/325 2518/1519/326 2517/1520/326 2515/1518/325
f 2518/1519/326 2520/1521/327 2519/1522/327 2517/1520/326
f 2520/1521/327 2522/1523/328 2521/1524/328 2519/1522/327
f 2522/1523/328 2524/1525/329 2523/1526/329 2521/1524/328
f 2524/1525/329 2526/1527/330 2525/1528/330 2523/1526/329
f 2526/1527/330 2528/1529/331 2527/1530/331 2525/1528/330
f 2528/1529/331 2530/1531/332 2529/1532/332 2527/1530/331
f 2530/1531/332 2532/1533/333 2531/1534/333 2529/1532/332
f 2532/1533/333 2534/1535/334 2533/1536/334 2531/1534/333
f 2534/1535/334 2536/1537/335 2535/1538/335 2533/1536/334
f 2536/1537/335 2538/1539/336 2537/1540/336 2535/1538/335
f 2538/1539/336 2540/1541/337 2539/1542/337 2537/1540/336
f 2540/1541/337 2542/1543/338 2541/1544/338 2539/1542/337
f 2542/1543/338 2544/1545/339 2543/1546/339 2541/1544/338
f 2544/1545/339 2546/1547/340 2545/1548/340 2543/1546/339
f 2546/1547/340 2548/1549/341 2547/1550/341 2545/1548/340
f 2548/1549/341 2550/1551/342 2549/1552/342 2547/1550/341
f 2550/1551/342 2552/1553/343 2551/1554/343 2549/1552/342
f 2552/1553/343 2554/1555/344 2553/1556/344 2551/1554/343
f 2554/1555/344 2556/1557/345 2555/1558/345 2553/1556/344
f 2556/1557/345 2558/1559/346 2557/1560/346 2555/1558/345
f 2558/1559/346 2560/1561/347 2559/1562/347 2557/1560/346
f 2560/1561/347 2562/1563/348 2561/1564/348 2559/1562/347
f 2562/1563/348 2564/1565/349 2563/1566/349 2561/1564/348
f 2564/1565/349 2566/1567/350 2565/1568/350 2563/1566/349
f 2566/1567/350 2568/1569/351 2567/1570/351 2565/1568/350
f 2568/1569/351 2570/1571/351 2569/1572/351 2567/1570/351
f 2570/1571/351 2572/1573/351 2571/1574/351 2569/1572/351
f 2572/1573/351 2574/1575/351 2573/1576/351 2571/1574/351
f 2574/1575/351 2576/1577/351 2575/1578/351 2573/1576/351
f 2576/1577/351 2578/1579/351 2577/1580/351 2575/1578/351
f 2578/1579/351 2580/1581/351 2579/1582/351 2577/1580/351
f 2580/1581/351 2582/1583/351 2581/1584/351 2579/1582/351
f 2582/1583/351 2584/1585/351 2583/1586/351 2581/1584/351
f 2584/1585/351 2586/1587/351 2585/1588/351 2583/1586/351
f 2586/1587/351 2588/1589/351 2587/1590/351 2585/1588/351
f 2588/1589/351 2590/1591/352 2589/1592/352 2587/1590/351
f 2590/1591/352 2592/1593/353 2591/1594/353 2589/1592/352
f 2592/1593/353 2594/1595/354 2593/1596/354 2591/1594/353
f 2594/1595/354 2596/1597/355 2595/1598/355 2593/1596/354
f 2596/1597/355 2598/1599/356 2597/1600/356 2595/1598/355
f 2598/1599/356 2600/1601/357 2599/1602/357 2597/1600/356
f 2600/1601/357 2602/1603/358 2601/1604/358 2599/1602/357
f 2602/1603/358 2604/1605/359 2603/1606/359 2601/1604/358
f 2604/1605/359 2606/1607/360 2605/1608/360 2603/1606/359
f 2606/1607/360 2608/1609/361 2607/1610/361 2605/1608/360
f 2608/1609/361 2610/1611/361 2609/1612/361 2607/1610/361
f 2610/1611/361 2612/1613/362 2611/1614/362 2609/1612/361
f 2612/1613/362 2614/1615/363 2613/1616/363 2611/1614/362
f 2614/1615/363 2616/1617/364 2615/1618/364 2613/1616/363
f 2616/1617/364 2618/1619/365 2617/1620/365 2615/1618/364
f 2618/1619/365 2620/1621/366 2619/1622/366 2617/1620/365
f 2620/1621/366 2622/1623/367 2621/1624/367 2619/1622/366
f 2622/1623/367 2624/1625/368 2623/1626/368 2621/1624/367
f 2624/1625/368 2626/1627/369 2625/1628/369 2623/1626/368
f 2626/1627/369 2628/1629/270 2627/1630/270 2625/1628/369
f 2628/1629/270 2630/1631/370 2629/1632/370 2627/1630/270
f 2630/1631/370 2632/1633/371 2631/1634/371 2629/1632/370
f 2632/1633/371 2634/1635/372 2633/1636/372 2631/1634/371
f 2634/1635/372 2636/1637/373 2635/1638/373 2633/1636/372
f 2636/1637/373 2638/1639/374 2637/1640/374 2635/1638/373
f 2638/1639/374 2640/1641/375 2639/1642/375 2637/1640/374
f 2640/1641/375 2642/1643/376 2641/1644/376 2639/1642/375
f 2642/1643/376 2644/1645/376 2643/1646/376 2641/1644/376
f 2644/1645/376 2646/1647/376 2645/1648/376 2643/1646/376
f 2646/1647/376 2648/1649/376 2647/1650/376 2645/1648/376
f 2648/1649/376 2650/1651/376 2649/1652/376 2647/1650/376
f 2650/1651/376 2652/1653/376 2651/1654/376 2649/1652/376
f 2652/1653/376 2654/1655/376 2653/1656/376 2651/1654/376
f 2654/1655/376 2656/1657/376 2655/1658/376 2653/1656/376
f 2656/1657/376 2658/1659/376 2657/1660/376 2655/1658/376
f 2658/1659/376 2660/1661/376 2659/1662/376 2657/1660/376
f 2660/1661/376 2662/1663/376 2661/1664/376 2659/1662/376
f 2662/1663/376 2664/1665/377 2663/1666/377 2661/1664/376
f 2664/1665/377 2666/1667/378 2665/1668/378 2663/1666/377
f 2666/1667/378 2668/1669/379 2667/1670/379 2665/1668/378
f 2668/1669/379 2670/1671/380 2669/1672/380 2667/1670/379
f 2670/1671/380 2672/1673/381 2671/1674/381 2669/1672/380
f 2672/1673/381 2674/1675/382 2673/1676/382 2671/1674/381
f 2674/1675/382 2676/1677/383 2675/1678/383 2673/1676/382
f 2676/1677/383 2678/1679/384 2677/1680/384 2675/1678/383
f 2678/1679/384 2680/1681/385 2679/1682/385 2677/1680/384
f 2680/1681/385 2682/1683/386 2681/1684/386 2679/1682/385
f 2682/1683/386 2684/1685/387 2683/1686/387 2681/1684/386
f 2684/1685/387 2686/1687/388 2685/1688/388 2683/1686/387
f 2686/1687/388 2688/1689/389 2687/1690/389 2685/1688/388
f 2688/1689/389 2690/1691/390 2689/1692/390 2687/1690/389
f 2690/1691/390 2692/1693/391 2691/1694/391 2689/1692/390
f 2692/1693/391 2694/1695/392 2693/1696/392 2691/1694/391
f 2694/1695/392 2696/1697/393 2695/1698/393 2693/1696/392
f 2696/1697/393 2698/1699/394 2697/1700/394 2695/1698/393
f 2698/1699/394 2700/1701/395 2699/1702/395 2697/1700/394
f 2700/1701/395 2702/1703/396 2701/1704/396 2699/1702/395
f 2702/1703/396 2704/1705/397 2703/1706/397 2701/1704/396
f 2704/1705/397 2706/1707/398 2705/1708/398 2703/1706/397
f 2706/1707/398 2708/1709/399 2707/1710/399 2705/1708/398
f 2708/1709/399 2710/1711/400 2709/1712/400 2707/1710/399
f 2710/1711/400 2712/1713/401 2711/1714/401 2709/1712/400
f 2712/1713/401 2714/1715/402 2713/1716/402 2711/1714/401
f 2714/1715/402 2716/1717/403 2715/1718/403 2713/1716/402
f 2716/1717/403 2718/1719/404 2717/1720/404 2715/1718/403
f 2718/1719/404 2720/1721/405 2719/1722/405 2717/1720/404
f 2720/1721/405 2722/1723/406 2721/1724/406 2719/1722/405
f 2722/1723/406 2724/1725/407 2723/1726/407 2721/1724/406
f 2724/1725/407 2726/1727/408 2725/1728/408 2723/1726/407
f 2726/1727/408 2728/1729/409 2727/1730/409 2725/1728/408
f 2728/1729/409 2730/1731/410 2729/1732/410 2727/1730/409
f 2730/1731/410 2732/1733/411 2731/1734/411 2729/1732/410
f 2732/1733/411 2734/1735/412 2733/1736/412 2731/1734/411
f 2734/1735/412 2736/1737/413 2735/1738/413 2733/1736/412
f 2736/1737/413 2738/1739/414 2737/1740/414 2735/1738/413
f 2738/1739/414 2740/1741/415 2739/1742/415 2737/1740/414
f 2740/1741/415 2742/1743/416 2741/1744/416 2739/1742/415
f 2742/1743/416 2744/1745/417 2743/1746/417 2741/1744/416
f 2744/1745/417 2746/1747/418 2745/1748/418 2743/1746/417
f 2746/1747/418 2748/1749/419 2747/1750/419 2745/1748/418
f 2748/1749/419 2750/1751/420 2749/1752/420 2747/1750/419
f 2750/1751/420 2752/1753/421 2751/1754/421 2749/1752/420
f 2752/1753/421 2754/1755/422 2753/1756/422 2751/1754/421
f 2754/1755/422 2756/1757/423 2755/1758/423 2753/1756/422
f 2756/1757/423 2758/1759/424 2757/1760/424 2755/1758/423
f 2758/1759/424 2760/1761/425 2759/1762/425 2757/1760/424
f 2760/1761/425 2762/1763/426 2761/1764/426 2759/1762/425
f 2762/1763/426 2764/1765/427 2763/1766/427 2761/1764/426
f 2764/1765/427 2766/1767/428 2765/1768/428 2763/1766/427
f 2766/1767/428 2470/1267/303 2469/27/303 2765/1768/428
f 2768/892/429 2770/1769/430 2769/1770/430 2767/29/429
f 2770/1769/430 2772/1771/431 2771/1772/431 2769/1770/430
f 2772/1771/431 2774/1773/432 2773/1774/432 2771/1772/431
f 2774/1773/432 2776/1775/433 2775/1776/433 2773/1774/432
f 2776/1775/433 2778/1777/434 2777/1778/434 2775/1776/433
f 2778/1777/434 2780/1779/435 2779/1780/435 2777/1778/434
f 2780/1779/435 2782/1781/436 2781/1782/436 2779/1780/435
f 2782/1781/436 2784/1783/437 2783/1784/437 2781/1782/436
f 2784/1783/437 2786/1785/438 2785/1786/438 2783/1784/437
f 2786/1785/438 2788/1787/439 2787/1788/439 2785/1786/438
f 2788/1787/439 2790/1789/440 2789/1790/440 2787/1788/439
f 2790/1789/440 2792/1791/441 2791/1792/441 2789/1790/440
f 2792/1791/441 2794/1793/442 2793/1794/442 2791/1792/441
f 2794/1793/442 2796/1795/443 2795/1796/443 2793/1794/442
f 2796/1795/443 2798/1797/444 2797/1798/444 2795/1796/443
f 2798/1797/444 2800/1799/445 2799/1800/445 2797/1798/444
f 2800/1799/445 2802/1801/446 2801/1802/446 2799/1800/445
f 2802/1801/446 2804/1803/447 2803/1804/447 2801/1802/446
f 2804/1803/447 2806/1805/448 2805/1806/448 2803/1804/447
f 2806/1805/448 2808/1807/449 2807/1808/449 2805/1806/448
f 2808/1807/449 2810/1809/450 2809/1810/450 2807/1808/449
f 2810/1809/450 2812/1811/451 2811/1812/451 2809/1810/450
f 2812/1811/451 2814/1813/452 2813/1814/452 2811/1812/451
f 2814/1813/452 2816/1815/453 2815/1816/453 2813/1814/452
f 2816/1815/453 2818/1817/454 2817/1818/454 2815/1816/453
f 2818/1817/454 2820/1819/455 2819/1820/455 2817/1818/454
f 2820/1819/455 2822/1821/456 2821/1822/456 2819/1820/455
f 2822/1821/456 2824/1823/457 2823/1824/457 2821/1822/456
f 2824/1823/457 2826/1825/458 2825/1826/458 2823/1824/457
f 2826/1825/458 2828/1827/459 2827/1828/459 2825/1826/458
f 2828/1827/459 2830/1346/460 2829/201/460 2827/1828/459
f 2830/1346/460 2832/1829/461 2831/1830/461 2829/201/460
f 2832/1829/461 2834/1831/462 2833/1832/462 2831/1830/461
f 2834/1831/462 2836/1833/463 2835/1834/463 2833/1832/462
f 2836/1833/463 2838/1835/464 2837/1836/464 2835/1834/463
f 2838/1835/464 2840/1837/465 2839/1838/465 2837/1836/464
f 2840/1837/465 2842/1839/466 2841/1840/466 2839/1838/465
f 2842/1839/466 2844/1841/467 2843/1842/467 2841/1840/466
f 2844/1841/467 2846/1843/468 2845/1844/468 2843/1842/467
f 2846/1843/468 2848/1845/469 2847/1846/469 2845/1844/468
f 2848/1845/469 2850/1847/470 2849/1848/470 2847/1846/469
f 2850/1847/470 2852/1849/471 2851/1850/471 2849/1848/470
f 2852/1849/471 2854/1851/472 2853/1852/472 2851/1850/471
f 2854/1851/472 2856/1853/473 2855/1854/473 2853/1852/472
f 2856/1853/473 2858/1855/474 2857/1856/474 2855/1854/473
f 2858/1855/474 2860/1857/475 2859/1858/475 2857/1856/474
f 2860/1857/475 2862/1859/476 2861/1860/476 2859/1858/475
f 2862/1859/476 2864/1861/477 2863/1862/477 2861/1860/476
f 2864/1861/477 2866/1863/478 2865/1864/478 2863/1862/477
f 2866/1863/478 2868/1865/479 2867/1866/479 2865/1864/478
f 2868/1865/479 2870/1867/480 2869/1868/480 2867/1866/479
f 2870/1867/480 2872/1869/481 2871/1870/481 2869/1868/480
f 2872/1869/481 2874/1871/482 2873/1872/482 2871/1870/481
f 2874/1871/482 2876/1873/483 2875/1874/483 2873/1872/482
f 2876/1873/483 2878/1875/484 2877/1876/484 2875/1874/483
f 2878/1875/484 2880/1877/485 2879/1878/485 2877/1876/484
f 2880/1877/485 2882/1879/486 2881/1880/486 2879/1878/485
f 2882/1879/486 2884/1881/487 2883/1882/487 2881/1880/486
f 2884/1881/487 2886/1883/488 2885/1884/488 2883/1882/487
f 2886/1883/488 2888/1885/489 2887/1886/489 2885/1884/488
f 2888/1885/489 2890/1887/490 2889/1888/490 2887/1886/489
f 2890/1887/490 2768/1267/429 2767/27/429 2889/1888/490
f 2892/892/491 2894/1889/492 2893/1890/492 2891/29/491
f 2894/1889/492 2896/1891/493 2895/276/493 2893/1890/492
f 2896/1891/493 2898/1892/494 2897/1893/494 2895/276/493
f 2898/1892/494 2900/1894/495 2899/266/495 2897/1893/494
f 2900/1894/495 2902/1895/496 2901/1896/496 2899/266/495
f 2902/1895/496 2904/1897/497 2903/260/497 2901/1896/496
f 2904/1897/497 2906/1898/498 2905/1899/498 2903/260/497
f 2906/1898/498 2908/1900/499 2907/250/499 2905/1899/498
f 2908/1900/499 2910/1901/500 2909/1902/500 2907/250/499
f 2910/1901/500 2912/1903/501 2911/253/501 2909/1902/500
f 2912/1903/501 2914/1904/502 2913/1905/502 2911/253/501
f 2914/1904/502 2916/1906/503 2915/257/503 2913/1905/502
f 2916/1906/503 2918/1907/504 2917/1908/504 2915/257/503
f 2918/1907/504 2920/1909/505 2919/263/505 2917/1908/504
f 2920/1909/505 2922/1910/506 2921/1911/506 2919/263/505
f 2922/1910/506 2924/1912/507 2923/272/507 2921/1911/506
f 2924/1912/507 2926/1913/508 2925/1914/508 2923/272/507
f 2926/1913/508 2928/1915/509 2927/293/509 2925/1914/508
f 2928/1915/509 2930/1916/510 2929/1917/510 2927/293/509
f 2930/1916/510 2932/1918/511 2931/287/511 2929/1917/510
f 2932/1918/511 2934/1919/512 2933/1920/512 2931/287/511
f 2934/1919/512 2936/1921/513 2935/281/513 2933/1920/512
f 2936/1921/513 2938/1922/514 2937/1923/514 2935/281/513
f 2938/1922/514 2940/1924/515 2939/267/515 2937/1923/514
f 2940/1924/515 2942/1346/516 2941/201/516 2939/267/515
f 2942/1346/516 2944/1925/517 2943/280/517 2941/201/516
f 2944/1925/517 2946/1926/518 2945/1927/518 2943/280/517
f 2946/1926/518 2948/1928/519 2947/286/519 2945/1927/518
f 2948/1928/519 2950/1929/520 2949/1930/520 2947/286/519
f 2950/1929/520 2952/1931/521 2951/292/521 2949/1930/520
f 2952/1931/521 2954/1932/522 2953/1933/522 2951/292/521
f 2954/1932/522 2956/1934/523 2955/297/523 2953/1933/522
f 2956/1934/523 2958/1935/524 2957/1936/524 2955/297/523
f 2958/1935/524 2960/1937/525 2959/306/525 2957/1936/524
f 2960/1937/525 2962/1938/526 2961/1939/526 2959/306/525
f 2962/1938/526 2964/1940/527 2963/312/527 2961/1939/526
f 2964/1940/527 2966/1941/528 2965/1942/528 2963/312/527
f 2966/1941/528 2968/1943/529 2967/319/529 2965/1942/528
f 2968/1943/529 2970/1944/530 2969/1945/530 2967/319/529
f 2970/1944/530 2972/1946/531 2971/322/531 2969/1945/530
f 2972/1946/531 2974/1947/532 2973/1948/532 2971/322/531
f 2974/1947/532 2976/1949/533 2975/316/533 2973/1948/532
f 2976/1949/533 2978/1950/534 2977/1951/534 2975/316/533
f 2978/1950/534 2980/1952/535 2979/311/535 2977/1951/534
f 2980/1952/535 2982/1953/536 2981/1954/536 2979/311/535
f 2982/1953/536 2984/1955/537 2983/305/537 2981/1954/536
f 2984/1955/537 2986/1956/538 2985/1957/538 2983/305/537
f 2986/1956/538 2988/1958/539 2987/301/539 2985/1957/538
f 2988/1958/539 2990/1959/540 2989/1960/540 2987/301/539
f 2990/1959/540 2892/1267/491 2891/27/491 2989/1960/540
f 2992/892/541 2994/1425/542 2993/1426/542 2991/29/541
f 2994/1425/542 2996/1427/543 2995/1428/543 2993/1426/542
f 2996/1427/543 2998/1429/544 2997/1430/544 2995/1428/543
f 2998/1429/544 3000/1431/545 2999/1432/545 2997/1430/544
f 3000/1431/545 3002/1433/546 3001/1434/546 2999/1432/545
f 3002/1433/546 3004/1435/547 3003/1436/547 3001/1434/546
f 3004/1435/547 3006/1437/548 3005/1438/548 3003/1436/547
f 3006/1437/548 3008/1439/549 3007/1440/549 3005/1438/548
f 3008/1439/549 3010/1441/550 3009/1442/550 3007/1440/549
f 3010/1441/550 3012/1443/551 3011/1444/551 3009/1442/550
f 3012/1443/551 3014/1445/552 3013/1446/552 3011/1444/551
f 3014/1445/552 3016/1447/553 3015/1448/553 3013/1446/552
f 3016/1447/553 3018/1346/554 3017/201/554 3015/1448/553
f 3018/1346/554 3020/1449/555 3019/1450/555 3017/201/554
f 3020/1449/555 3022/1451/556 3021/1452/556 3019/1450/555
f 3022/1451/556 3024/1453/557 3023/1454/557 3021/1452/556
f 3024/1453/557 3026/1455/558 3025/1456/558 3023/1454/557
f 3026/1455/558 3028/1457/559 3027/1458/559 3025/1456/558
f 3028/1457/559 3030/1459/560 3029/1460/560 3027/1458/559
f 3030/1459/560 3032/1461/561 3031/1462/561 3029/1460/560
f 3032/1461/561 3034/1463/562 3033/1464/562 3031/1462/561
f 3034/1463/562 3036/1465/563 3035/1466/563 3033/1464/562
f 3036/1465/563 3038/1467/564 3037/1468/564 3035/1466/563
f 3038/1467/564 3040/1469/565 3039/1470/565 3037/1468/564
f 3040/1469/565 3042/1471/566 3041/1472/566 3039/1470/565
f 3042/1471/566 2992/1267/541 2991/27/541 3041/1472/566
f 3044/892/567 3046/1889/568 3045/1890/568 3043/29/567
f 3046/1889/568 3048/1891/569 3047/276/569 3045/1890/568
f 3048/1891/569 3050/1892/570 3049/1893/570 3047/276/569
f 3050/1892/570 3052/1894/571 3051/266/571 3049/1893/570
f 3052/1894/571 3054/1895/572 3053/1896/572 3051/266/571
f 3054/1895/572 3056/1897/573 3055/260/573 3053/1896/572
f 3056/1897/573 3058/1898/574 3057/1899/574 3055/260/573
f 3058/1898/574 3060/1900/575 3059/250/575 3057/1899/574
f 3060/1900/575 3062/1901/576 3061/1902/576 3059/250/575
f 3062/1901/576 3064/1903/577 3063/253/577 3061/1902/576
f 3064/1903/577 3066/1904/578 3065/1905/578 3063/253/577
f 3066/1904/578 3068/1906/579 3067/257/579 3065/1905/578
f 3068/1906/579 3070/1907/580 3069/1908/580 3067/257/579
f 3070/1907/580 3072/1909/581 3071/263/581 3069/1908/580
f 3072/1909/581 3074/1910/582 3073/1911/582 3071/263/581
f 3074/1910/582 3076/1912/583 3075/272/583 3073/1911/582
f 3076/1912/583 3078/1913/584 3077/1914/584 3075/272/583
f 3078/1913/584 3080/1915/585 3079/293/585 3077/1914/584
f 3080/1915/585 3082/1916/586 3081/1917/586 3079/293/585
f 3082/1916/586 3084/1918/587 3083/287/587 3081/1917/586
f 3084/1918/587 3086/1919/588 3085/1920/588 3083/287/587
f 3086/1919/588 3088/1921/589 3087/281/589 3085/1920/588
f 3088/1921/589 3090/1922/590 3089/1923/590 3087/281/589
f 3090/1922/590 3092/1924/591 3091/267/591 3089/1923/590
f 3092/1924/591 3094/1346/592 3093/201/592 3091/267/591
f 3094/1346/592 3096/1925/593 3095/280/593 3093/201/592
f 3096/1925/593 3098/1926/594 3097/1927/594 3095/280/593
f 3098/1926/594 3100/1928/595 3099/286/595 3097/1927/594
f 3100/1928/595 3102/1929/596 3101/1930/596 3099/286/595
f 3102/1929/596 3104/1931/597 3103/292/597 3101/1930/596
f 3104/1931/597 3106/1932/598 3105/1933/598 3103/292/597
f 3106/1932/598 3108/1934/599 3107/297/599 3105/1933/598
f 3108/1934/599 3110/1935/600 3109/1936/600 3107/297/599
f 3110/1935/600 3112/1937/601 3111/306/601 3109/1936/600
f 3112/1937/601 3114/1938/602 3113/1939/602 3111/306/601
f 3114/1938/602 3116/1940/603 3115/312/603 3113/1939/602
f 3116/1940/603 3118/1941/604 3117/1942/604 3115/312/603
f 3118/1941/604 3120/1943/605 3119/319/605 3117/1942/604
f 3120/1943/605 3122/1944/606 3121/1945/606 3119/319/605
f 3122/1944/606 3124/1946/607 3123/322/607 3121/1945/606
f 3124/1946/607 3126/1947/608 3125/1948/608 3123/322/607
f 3126/1947/608 3128/1949/609 3127/316/609 3125/1948/608
f 3128/1949/609 3130/1950/610 3129/1951/610 3127/316/609
f 3130/1950/610 3132/1952/611 3131/311/611 3129/1951/610
f 3132/1952/611 3134/1953/612 3133/1954/612 3131/311/611
f 3134/1953/612 3136/1955/613 3135/305/613 3133/1954/612
f 3136/1955/613 3138/1956/614 3137/1957/614 3135/305/613
f 3138/1956/614 3140/1958/615 3139/301/615 3137/1957/614
f 3140/1958/615 3142/1959/616 3141/1960/616 3139/301/615
f 3142/1959/616 3044/1267/567 3043/27/567 3141/1960/616
f 3144/892/300 3146/1961/617 3145/1962/617 3143/29/300
f 3146/1961/617 3148/1963/618 3147/1964/618 3145/1962/617
f 3148/1963/618 3150/1965/619 3149/1966/619 3147/1964/618
f 3150/1965/619 3152/1967/620 3151/1968/620 3149/1966/619
f 3152/1967/620 3154/1969/621 3153/1970/621 3151/1968/620
f 3154/1969/621 3156/1971/622 3155/1972/622 3153/1970/621
f 3156/1971/622 3158/1973/623 3157/1974/623 3155/1972/622
f 3158/1973/623 3160/1975/624 3159/1976/624 3157/1974/623
f 3160/1975/624 3162/1977/625 3161/1978/625 3159/1976/624
f 3162/1977/625 3164/1979/626 3163/1980/626 3161/1978/625
f 3164/1979/626 3166/1981/627 3165/1982/627 3163/1980/626
f 3166/1981/627 3168/1983/628 3167/1984/628 3165/1982/627
f 3168/1983/628 3170/1985/629 3169/1986/629 3167/1984/628
f 3170/1985/629 3172/1987/630 3171/1988/630 3169/1986/629
f 3172/1987/630 3174/1989/631 3173/1990/631 3171/1988/630
f 3174/1989/631 3176/1991/632 3175/1992/632 3173/1990/631
f 3176/1991/632 3178/1993/633 3177/1994/633 3175/1992/632
f 3178/1993/633 3180/1995/634 3179/1996/634 3177/1994/633
f 3180/1995/634 3182/1997/635 3181/1998/635 3179/1996/634
f 3182/1997/635 3184/1999/636 3183/2000/636 3181/1998/635
f 3184/1999/636 3186/2001/13 3185/2002/13 3183/2000/636
f 3186/2001/13 3188/2003/637 3187/2004/637 3185/2002/13
f 3188/2003/637 3190/2005/638 3189/2006/638 3187/2004/637
f 3190/2005/638 3192/2007/639 3191/2008/639 3189/2006/638
f 3192/2007/639 3194/2009/640 3193/2010/640 3191/2008/639
f 3194/2009/640 3196/2011/641 3195/2012/641 3193/2010/640
f 3196/2011/641 3198/2013/642 3197/2014/642 3195/2012/641
f 3198/2013/642 3200/2015/643 3199/2016/643 3197/2014/642
f 3200/2015/643 3202/2017/644 3201/2018/644 3199/2016/643
f 3202/2017/644 3204/2019/645 3203/2020/645 3201/2018/644
f 3204/2019/645 3206/2021/646 3205/2022/646 3203/2020/645
f 3206/2021/646 3208/2023/647 3207/2024/647 3205/2022/646
f 3208/2023/647 3210/2025/648 3209/2026/648 3207/2024/647
f 3210/2025/648 3212/2027/649 3211/2028/649 3209/2026/648
f 3212/2027/649 3214/2029/650 3213/2030/650 3211/2028/649
f 3214/2029/650 3216/2031/651 3215/2032/651 3213/2030/650
f 3216/2031/651 3218/2033/652 3217/2034/652 3215/2032/651
f 3218/2033/652 3220/2035/653 3219/2036/653 3217/2034/652
f 3220/2035/653 3222/2037/654 3221/2038/654 3219/2036/653
f 3222/2037/654 3224/2039/655 3223/2040/655 3221/2038/654
f 3224/2039/655 3226/2041/656 3225/2042/656 3223/2040/655
f 3226/2041/656 3228/2043/657 3227/2044/657 3225/2042/656
f 3228/2043/657 3230/2045/658 3229/2046/658 3227/2044/657
f 3230/2045/658 3232/2047/659 3231/2048/659 3229/2046/658
f 3232/2047/659 3234/2049/660 3233/2050/660 3231/2048/659
f 3234/2049/660 3236/2051/661 3235/2052/661 3233/2050/660
f 3236/2051/661 3238/2053/662 3237/2054/662 3235/2052/661
f 3238/2053/662 3240/2055/663 3239/2056/663 3237/2054/662
f 3240/2055/663 3242/2057/664 3241/2058/664 3239/2056/663
f 3242/2057/664 3244/2059/665 3243/2060/665 3241/2058/664
f 3244/2059/665 3246/2061/666 3245/2062/666 3243/2060/665
f 3246/2061/666 3248/2063/667 3247/2064/667 3245/2062/666
f 3248/2063/667 3250/2065/668 3249/2066/668 3247/2064/667
f 3250/2065/668 3252/2067/669 3251/2068/669 3249/2066/668
f 3252/2067/669 3254/2069/670 3253/2070/670 3251/2068/669
f 3254/2069/670 3256/2071/671 3255/2072/671 3253/2070/670
f 3256/2071/671 3258/2073/672 3257/2074/672 3255/2072/671
f 3258/2073/672 3260/2075/673 3259/2076/673 3257/2074/672
f 3260/2075/673 3262/1017/674 3261/275/674 3259/2076/673
f 3262/1017/674 3264/2077/675 3263/2078/675 3261/275/674
f 3264/2077/675 3266/2079/676 3265/2080/676 3263/2078/675
f 3266/2079/676 3268/2081/677 3267/2082/677 3265/2080/676
f 3268/2081/677 3270/2083/678 3269/2084/678 3267/2082/677
f 3270/2083/678 3272/2085/679 3271/2086/679 3269/2084/678
f 3272/2085/679 3274/2087/680 3273/2088/680 3271/2086/679
f 3274/2087/680 3276/2089/681 3275/2090/681 3273/2088/680
f 3276/2089/681 3278/2091/682 3277/2092/682 3275/2090/681
f 3278/2091/682 3280/2093/683 3279/2094/683 3277/2092/682
f 3280/2093/683 3282/2095/684 3281/2096/684 3279/2094/683
f 3282/2095/684 3284/2097/685 3283/2098/685 3281/2096/684
f 3284/2097/685 3286/2099/686 3285/2100/686 3283/2098/685
f 3286/2099/686 3288/2101/687 3287/2102/687 3285/2100/686
f 3288/2101/687 3290/2103/688 3289/2104/688 3287/2102/687
f 3290/2103/688 3292/2105/689 3291/2106/689 3289/2104/688
f 3292/2105/689 3294/2107/690 3293/2108/690 3291/2106/689
f 3294/2107/690 3296/2109/691 3295/2110/691 3293/2108/690
f 3296/2109/691 3298/2111/692 3297/2112/692 3295/2110/691
f 3298/2111/692 3300/2113/693 3299/2114/693 3297/2112/692
f 3300/2113/693 3302/2115/694 3301/2116/694 3299/2114/693
f 3302/2115/694 3304/2117/695 3303/2118/695 3301/2116/694
f 3304/2117/695 3306/2119/696 3305/2120/696 3303/2118/695
f 3306/2119/696 3308/2121/697 3307/2122/697 3305/2120/696
f 3308/2121/697 3310/2123/698 3309/2124/698 3307/2122/697
f 3310/2123/698 3312/2125/699 3311/2126/699 3309/2124/698
f 3312/2125/699 3314/2127/700 3313/2128/700 3311/2126/699
f 3314/2127/700 3316/2129/701 3315/2130/701 3313/2128/700
f 3316/2129/701 3318/2131/702 3317/2132/702 3315/2130/701
f 3318/2131/702 3320/2133/703 3319/2134/703 3317/2132/702
f 3320/2133/703 3322/2135/704 3321/2136/704 3319/2134/703
f 3322/2135/704 3324/2137/705 3323/2138/705 3321/2136/704
f 3324/2137/705 3326/2139/706 3325/2140/706 3323/2138/705
f 3326/2139/706 3328/2141/707 3327/2142/707 3325/2140/706
f 3328/2141/707 3330/2143/708 3329/2144/708 3327/2142/707
f 3330/2143/708 3332/2145/709 3331/2146/709 3329/2144/708
f 3332/2145/709 3334/2147/710 3333/2148/710 3331/2146/709
f 3334/2147/710 3336/2149/711 3335/2150/711 3333/2148/710
f 3336/2149/711 3338/2151/712 3337/2152/712 3335/2150/711
f 3338/2151/712 3340/2153/713 3339/2154/713 3337/2152/712
f 3340/2153/713 3342/2155/714 3341/2156/714 3339/2154/713
f 3342/2155/714 3344/2157/715 3343/2158/715 3341/2156/714
f 3344/2157/715 3346/2159/716 3345/2160/716 3343/2158/715
f 3346/2159/716 3348/2161/717 3347/2162/717 3345/2160/716
f 3348/2161/717 3350/2163/718 3349/2164/718 3347/2162/717
f 3350/2163/718 3352/2165/719 3351/2166/719 3349/2164/718
f 3352/2165/719 3354/2167/720 3353/2168/720 3351/2166/719
f 3354/2167/720 3356/2169/721 3355/2170/721 3353/2168/720
f 3356/2169/721 3358/2171/722 3357/2172/722 3355/2170/721
f 3358/2171/722 3360/2173/723 3359/2174/723 3357/2172/722
f 3360/2173/723 3362/2175/724 3361/2176/724 3359/2174/723
f 3362/2175/724 3364/2177/725 3363/2178/725 3361/2176/724
f 3364/2177/725 3366/2179/726 3365/2180/726 3363/2178/725
f 3366/2179/726 3368/2181/727 3367/2182/727 3365/2180/726
f 3368/2181/727 3370/2183/728 3369/2184/728 3367/2182/727
f 3370/2183/728 3372/2185/729 3371/2186/729 3369/2184/728
f 3372/2185/729 3374/2187/730 3373/2188/730 3371/2186/729
f 3374/2187/730 3376/2189/731 3375/2190/731 3373/2188/730
f 3376/2189/731 3378/2191/732 3377/2192/732 3375/2190/731
f 3378/2191/732 3380/1142/733 3379/303/733 3377/2192/732
f 3380/1142/733 3382/2193/734 3381/2194/734 3379/303/733
f 3382/2193/734 3384/2195/735 3383/2196/735 3381/2194/734
f 3384/2195/735 3386/2197/736 3385/2198/736 3383/2196/735
f 3386/2197/736 3388/2199/737 3387/2200/737 3385/2198/736
f 3388/2199/737 3390/2201/738 3389/2202/738 3387/2200/737
f 3390/2201/738 3392/2203/739 3391/2204/739 3389/2202/738
f 3392/2203/739 3394/2205/740 3393/2206/740 3391/2204/739
f 3394/2205/740 3396/2207/741 3395/2208/741 3393/2206/740
f 3396/2207/741 3398/2209/742 3397/2210/742 3395/2208/741
f 3398/2209/742 3400/2211/743 3399/2212/743 3397/2210/742
f 3400/2211/743 3402/2213/744 3401/2214/744 3399/2212/743
f 3402/2213/744 3404/2215/745 3403/2216/745 3401/2214/744
f 3404/2215/745 3406/2217/746 3405/2218/746 3403/2216/745
f 3406/2217/746 3408/2219/747 3407/2220/747 3405/2218/746
f 3408/2219/747 3410/2221/748 3409/2222/748 3407/2220/747
f 3410/2221/748 3412/2223/749 3411/2224/749 3409/2222/748
f 3412/2223/749 3414/2225/750 3413/2226/750 3411/2224/749
f 3414/2225/750 3416/2227/751 3415/2228/751 3413/2226/750
f 3416/2227/751 3418/2229/752 3417/2230/752 3415/2228/751
f 3418/2229/752 3420/2231/753 3419/2232/753 3417/2230/752
f 3420/2231/753 3422/2233/754 3421/2234/754 3419/2232/753
f 3422/2233/754 3424/2235/567 3423/2236/567 3421/2234/754
f 3424/2235/567 3426/2237/755 3425/2238/755 3423/2236/567
f 3426/2237/755 3428/2239/756 3427/2240/756 3425/2238/755
f 3428/2239/756 3430/2241/757 3429/2242/757 3427/2240/756
f 3430/2241/757 3432/2243/758 3431/2244/758 3429/2242/757
f 3432/2243/758 3434/2245/759 3433/2246/759 3431/2244/758
f 3434/2245/759 3436/2247/760 3435/2248/760 3433/2246/759
f 3436/2247/760 3438/2249/761 3437/2250/761 3435/2248/760
f 3438/2249/761 3440/2251/762 3439/2252/762 3437/2250/761
f 3440/2251/762 3442/2253/763 3441/2254/763 3439/2252/762
f 3442/2253/763 3444/2255/764 3443/2256/764 3441/2254/763
f 3444/2255/764 3446/2257/765 3445/2258/765 3443/2256/764
f 3446/2257/765 3448/2259/766 3447/2260/766 3445/2258/765
f 3448/2259/766 3450/2261/767 3449/2262/767 3447/2260/766
f 3450/2261/767 3452/2263/768 3451/2264/768 3449/2262/767
f 3452/2263/768 3454/2265/769 3453/2266/769 3451/2264/768
f 3454/2265/769 3456/2267/770 3455/2268/770 3453/2266/769
f 3456/2267/770 3458/2269/771 3457/2270/771 3455/2268/770
f 3458/2269/771 3460/2271/772 3459/2272/772 3457/2270/771
f 3460/2271/772 3462/2273/773 3461/2274/773 3459/2272/772
f 3462/2273/773 3464/2275/774 3463/2276/774 3461/2274/773
f 3464/2275/774 3466/2277/775 3465/2278/775 3463/2276/774
f 3466/2277/775 3468/2279/776 3467/2280/776 3465/2278/775
f 3468/2279/776 3470/2281/777 3469/2282/777 3467/2280/776
f 3470/2281/777 3472/2283/778 3471/2284/778 3469/2282/777
f 3472/2283/778 3474/2285/779 3473/2286/779 3471/2284/778
f 3474/2285/779 3476/2287/780 3475/2288/780 3473/2286/779
f 3476/2287/780 3478/2289/781 3477/2290/781 3475/2288/780
f 3478/2289/781 3480/2291/782 3479/2292/782 3477/2290/781
f 3480/2291/782 3482/2293/783 3481/2294/783 3479/2292/782
f 3482/2293/783 3484/2295/784 3483/2296/784 3481/2294/783
f 3484/2295/784 3486/2297/785 3485/2298/785 3483/2296/784
f 3486/2297/785 3488/2299/786 3487/2300/786 3485/2298/785
f 3488/2299/786 3490/2301/787 3489/2302/787 3487/2300/786
f 3490/2301/787 3492/2303/788 3491/2304/788 3489/2302/787
f 3492/2303/788 3494/2305/789 3493/2306/789 3491/2304/788
f 3494/2305/789 3496/2307/790 3495/2308/790 3493/2306/789
f 3496/2307/790 3144/1267/300 3143/27/300 3495/2308/790
f 3498/892/376 3500/2309/376 3499/2310/376 3497/29/376
f 3500/2309/376 3502/2311/376 3501/388/376 3499/2310/376
f 3502/2311/376 3504/2312/376 3503/2313/376 3501/388/376
f 3504/2312/376 3506/2314/376 3505/394/376 3503/2313/376
f 3506/2314/376 3508/2315/376 3507/2316/376 3505/394/376
f 3508/2315/376 3510/2317/376 3509/401/376 3507/2316/376
f 3510/2317/376 3512/2318/376 3511/2319/376 3509/401/376
f 3512/2318/376 3514/2320/376 3513/406/376 3511/2319/376
f 3514/2320/376 3516/2321/376 3515/2322/376 3513/406/376
f 3516/2321/376 3518/2323/376 3517/411/376 3515/2322/376
f 3518/2323/376 3520/2324/791 3519/2325/791 3517/411/376
f 3520/2324/791 3522/2326/792 3521/418/792 3519/2325/791
f 3522/2326/792 3524/2327/793 3523/2328/793 3521/418/792
f 3524/2327/793 3526/2329/794 3525/424/794 3523/2328/793
f 3526/2329/794 3528/2330/795 3527/2331/795 3525/424/794
f 3528/2330/795 3530/2332/796 3529/430/796 3527/2331/795
f 3530/2332/796 3532/2333/797 3531/2334/797 3529/430/796
f 3532/2333/797 3534/2335/798 3533/427/798 3531/2334/797
f 3534/2335/798 3536/2336/384 3535/2337/384 3533/427/798
f 3536/2336/384 3538/2338/799 3537/421/799 3535/2337/384
f 3538/2338/799 3540/2339/800 3539/2340/800 3537/421/799
f 3540/2339/800 3542/2341/801 3541/415/801 3539/2340/800
f 3542/2341/801 3544/2342/802 3543/2343/802 3541/415/801
f 3544/2342/802 3546/2344/803 3545/410/803 3543/2343/802
f 3546/2344/803 3548/2345/804 3547/2346/804 3545/410/803
f 3548/2345/804 3550/2347/805 3549/404/805 3547/2346/804
f 3550/2347/805 3552/2348/806 3551/2349/806 3549/404/805
f 3552/2348/806 3554/2350/807 3553/399/807 3551/2349/806
f 3554/2350/807 3556/2351/808 3555/2352/808 3553/399/807
f 3556/2351/808 3558/2353/809 3557/393/809 3555/2352/808
f 3558/2353/809 3560/2354/810 3559/2355/810 3557/393/809
f 3560/2354/810 3562/2356/811 3561/387/811 3559/2355/810
f 3562/2356/811 3564/2357/812 3563/2358/812 3561/387/811
f 3564/2357/812 3566/2359/813 3565/326/813 3563/2358/812
f 3566/2359/813 3568/2360/814 3567/2361/814 3565/326/813
f 3568/2360/814 3570/2362/815 3569/330/815 3567/2361/814
f 3570/2362/815 3572/1346/351 3571/201/351 3569/330/815
f 3572/1346/351 3574/2363/351 3573/333/351 3571/201/351
f 3574/2363/351 3576/2364/351 3575/2365/351 3573/333/351
f 3576/2364/351 3578/2366/351 3577/337/351 3575/2365/351
f 3578/2366/351 3580/2367/351 3579/2368/351 3577/337/351
f 3580/2367/351 3582/2369/351 3581/340/351 3579/2368/351
f 3582/2369/351 3584/2370/351 3583/2371/351 3581/340/351
f 3584/2370/351 3586/2372/351 3585/345/351 3583/2371/351
f 3586/2372/351 3588/2373/351 3587/2374/351 3585/345/351
f 3588/2373/351 3590/2375/351 3589/351/351 3587/2374/351
f 3590/2375/351 3592/2376/351 3591/2377/351 3589/351/351
f 3592/2376/351 3594/2378/816 3593/357/816 3591/2377/351
f 3594/2378/816 3596/2379/817 3595/2380/817 3593/357/816
f 3596/2379/817 3598/2381/818 3597/362/818 3595/2380/817
f 3598/2381/818 3600/2382/819 3599/2383/819 3597/362/818
f 3600/2382/819 3602/2384/820 3601/368/820 3599/2383/819
f 3602/2384/820 3604/2385/821 3603/2386/821 3601/368/820
f 3604/2385/821 3606/2387/822 3605/374/822 3603/2386/821
f 3606/2387/822 3608/2388/823 3607/2389/823 3605/374/822
f 3608/2388/823 3610/2390/824 3609/380/824 3607/2389/823
f 3610/2390/824 3612/2391/825 3611/2392/825 3609/380/824
f 3612/2391/825 3614/2393/826 3613/381/826 3611/2392/825
f 3614/2393/826 3616/2394/827 3615/2395/827 3613/381/826
f 3616/2394/827 3618/2396/828 3617/375/828 3615/2395/827
f 3618/2396/828 3620/2397/829 3619/2398/829 3617/375/828
f 3620/2397/829 3622/2399/830 3621/369/830 3619/2398/829
f 3622/2399/830 3624/2400/831 3623/2401/831 3621/369/830
f 3624/2400/831 3626/2402/832 3625/363/832 3623/2401/831
f 3626/2402/832 3628/2403/833 3627/2404/833 3625/363/832
f 3628/2403/833 3630/2405/834 3629/358/834 3627/2404/833
f 3630/2405/834 3632/2406/835 3631/2407/835 3629/358/834
f 3632/2406/835 3634/2408/836 3633/352/836 3631/2407/835
f 3634/2408/836 3636/2409/837 3635/2410/837 3633/352/836
f 3636/2409/837 3638/2411/838 3637/346/838 3635/2410/837
f 3638/2411/838 3640/2412/839 3639/2413/839 3637/346/838
f 3640/2412/839 3642/2414/840 3641/334/840 3639/2413/839
f 3642/2414/840 3644/2415/841 3643/2416/841 3641/334/840
f 3644/2415/841 3498/1267/376 3497/27/376 3643/2416/841
